2026-10-05 15:48:47 | INFO     | ==== PIPELINE NF_reader | pasta=C:\Users\MatheusMartinelli\OneDrive - Agrorobotica Fotonica Em Certificacoes Agroambientais\VERRA_Farmer\OS_059_Embracon\03_ENVIO_DE_DOCUMENTOS\2023
2026-10-05 15:48:47 | INFO     | pipeline | PDFs=98 OCR=True incluir_ocr_csv=False dpi=600 apenas_adicionar=True
2026-10-05 15:48:47 | INFO     | pipeline | filtro de campos (6): ['chave_de_acesso', 'peso_bruto', 'peso_liquido', 'produto_item', 'produto_codigo', 'produto_descricao']
2026-10-05 15:48:47 | INFO     | pipeline | JSON existente: C:\Users\MatheusMartinelli\OneDrive - Agrorobotica Fotonica Em Certificacoes Agroambientais\VERRA_Farmer\OS_059_Embracon\03_ENVIO_DE_DOCUMENTOS\2023\notas_fiscais.json (chaves=97)
2026-10-05 15:48:47 | INFO     | pipeline | motor OCR inicializado
2026-10-05 15:48:47 | INFO     | pipeline | [1/98] processando 20.06.2025-Fazenda Dourada e Pedra Dourada.pdf
2026-10-05 15:48:47 | INFO     | 20.06.2025-Fazenda Dourada e Pedra Dourada.pdf | inicio de extracao
2026-10-05 15:48:47 | INFO     | 20.06.2025-Fazenda Dourada e Pedra Dourada.pdf | origem=texto itens=2962
2026-10-05 15:48:47 | INFO     | 20.06.2025-Fazenda Dourada e Pedra Dourada.pdf | chave=81028100503214428185756587706305063503502502 DV_valido=True
2026-10-05 15:48:47 | DEBUG    | campos: rotulo 'DADOS ADICIONAIS' nao encontrado
2026-10-05 15:48:47 | WARNING  | produtos: regiao de produtos invalida (e1=True e2=False ini_y=465.6582113901774 fin_y=None)
2026-10-05 15:48:47 | INFO     | produtos: extracao por conteudo (fallback) = 67 item(ns)
2026-10-05 15:48:47 | WARNING  | 20.06.2025-Fazenda Dourada e Pedra Dourada.pdf | extracao PARCIAL -> campos nucleares ausentes: data_emissao, valor_da_nota, serie, emitente.razao_social, emitente.cnpj_cpf, destinatario.nome, destinatario.cnpj_cpf
2026-10-05 15:48:47 | INFO     | 20.06.2025-Fazenda Dourada e Pedra Dourada.pdf | produtos=67 status=parcial
2026-10-05 15:48:47 | INFO     | pipeline | 20.06.2025-Fazenda Dourada e Pedra Dourada.pdf | chave 81028100503214428185756587706305063503502502 ATUALIZADA
2026-10-05 15:48:47 | INFO     | pipeline | [2/98] processando Calcário\PF-NFE-149942-CALCARIO OURO BRANCO.pdf
2026-10-05 15:48:47 | INFO     | Calcário\PF-NFE-149942-CALCARIO OURO BRANCO.pdf | inicio de extracao
2026-10-05 15:48:47 | INFO     | Calcário\PF-NFE-149942-CALCARIO OURO BRANCO.pdf | origem=texto itens=399
2026-10-05 15:48:47 | INFO     | Calcário\PF-NFE-149942-CALCARIO OURO BRANCO.pdf | chave=52240137883097000219550010001499421005383171 DV_valido=True
2026-10-05 15:48:47 | INFO     | produtos: cabecalho detectado pelo criterio '2. CODIGO+CFOP'
2026-10-05 15:48:47 | INFO     | produtos: colunas mapeadas (9): ['codigo', 'descricao', 'ncm', 'origem_cst', 'cfop', 'unidade', 'quantidade', 'valor_unitario', 'valor_total']
2026-10-05 15:48:47 | DEBUG    | produtos: novo item -> {'codigo': '2', 'descricao': 'CORRETIVO DE ACIDEZ CALCARIO', 'ncm': 'DOLOMITICO 25210000', 'origem_cst': '040', 'cfop': '5101', 'unidade': 'TN', 'quantidade': '34,29', 'valor_unitario': '158,00', 'valor_total': '5.417,82'}
2026-10-05 15:48:47 | INFO     | produtos: 1 item(ns) extraido(s)
2026-10-05 15:48:47 | INFO     | produtos: item 1 codigo=None descricao='CORRETIVO DE ACIDEZ CALCARIO GO-001207-6.000001' ncm='25210000' und='TN' qtde='34,29 RESERVADO' vlr_unit='158,00 AO FISCO' vlr_total='5.417,82'
2026-10-05 15:48:47 | INFO     | produtos: total combinado (paginas) = 1
2026-10-05 15:48:47 | INFO     | produtos: extracao por conteudo (fallback) = 1 item(ns)
2026-10-05 15:48:47 | INFO     | Calcário\PF-NFE-149942-CALCARIO OURO BRANCO.pdf | extracao COMPLETA
2026-10-05 15:48:47 | INFO     | Calcário\PF-NFE-149942-CALCARIO OURO BRANCO.pdf | produtos=1 status=completa
2026-10-05 15:48:47 | INFO     | pipeline | Calcário\PF-NFE-149942-CALCARIO OURO BRANCO.pdf | chave 52240137883097000219550010001499421005383171 ATUALIZADA
2026-10-05 15:48:47 | INFO     | pipeline | [3/98] processando Calcário\PF-NFE-149943-CALCARIO OURO BRANCO.pdf
2026-10-05 15:48:47 | INFO     | Calcário\PF-NFE-149943-CALCARIO OURO BRANCO.pdf | inicio de extracao
2026-10-05 15:48:47 | INFO     | Calcário\PF-NFE-149943-CALCARIO OURO BRANCO.pdf | origem=texto itens=399
2026-10-05 15:48:47 | INFO     | Calcário\PF-NFE-149943-CALCARIO OURO BRANCO.pdf | chave=15224013788309700021955001000149943100538318 DV_valido=True
2026-10-05 15:48:47 | INFO     | produtos: cabecalho detectado pelo criterio '2. CODIGO+CFOP'
2026-10-05 15:48:47 | INFO     | produtos: colunas mapeadas (9): ['codigo', 'descricao', 'ncm', 'origem_cst', 'cfop', 'unidade', 'quantidade', 'valor_unitario', 'valor_total']
2026-10-05 15:48:47 | DEBUG    | produtos: novo item -> {'codigo': '2', 'descricao': 'CORRETIVO DE ACIDEZ CALCARIO', 'ncm': 'DOLOMITICO 25210000', 'origem_cst': '040', 'cfop': '5101', 'unidade': 'TN', 'quantidade': '35,52', 'valor_unitario': '158,00', 'valor_total': '5.612,16'}
2026-10-05 15:48:47 | INFO     | produtos: 1 item(ns) extraido(s)
2026-10-05 15:48:47 | INFO     | produtos: item 1 codigo=None descricao='CORRETIVO DE ACIDEZ CALCARIO GO-001207-6.000001' ncm='25210000' und='TN' qtde='35,52 RESERVADO' vlr_unit='158,00 AO FISCO' vlr_total='5.612,16'
2026-10-05 15:48:47 | INFO     | produtos: total combinado (paginas) = 1
2026-10-05 15:48:47 | INFO     | produtos: extracao por conteudo (fallback) = 1 item(ns)
2026-10-05 15:48:47 | INFO     | Calcário\PF-NFE-149943-CALCARIO OURO BRANCO.pdf | extracao COMPLETA
2026-10-05 15:48:47 | INFO     | Calcário\PF-NFE-149943-CALCARIO OURO BRANCO.pdf | produtos=1 status=completa
2026-10-05 15:48:47 | INFO     | pipeline | Calcário\PF-NFE-149943-CALCARIO OURO BRANCO.pdf | chave 15224013788309700021955001000149943100538318 ATUALIZADA
2026-10-05 15:48:47 | INFO     | pipeline | [4/98] processando Calcário\PF-NFE-149951-CALCARIO OURO BRANCO.pdf
2026-10-05 15:48:47 | INFO     | Calcário\PF-NFE-149951-CALCARIO OURO BRANCO.pdf | inicio de extracao
2026-10-05 15:48:47 | INFO     | Calcário\PF-NFE-149951-CALCARIO OURO BRANCO.pdf | origem=texto itens=399
2026-10-05 15:48:47 | INFO     | Calcário\PF-NFE-149951-CALCARIO OURO BRANCO.pdf | chave=83152240137883097000219550010001499511005383 DV_valido=True
2026-10-05 15:48:47 | INFO     | produtos: cabecalho detectado pelo criterio '2. CODIGO+CFOP'
2026-10-05 15:48:47 | INFO     | produtos: colunas mapeadas (9): ['codigo', 'descricao', 'ncm', 'origem_cst', 'cfop', 'unidade', 'quantidade', 'valor_unitario', 'valor_total']
2026-10-05 15:48:47 | DEBUG    | produtos: novo item -> {'codigo': '2', 'descricao': 'CORRETIVO DE ACIDEZ CALCARIO', 'ncm': 'DOLOMITICO 25210000', 'origem_cst': '040', 'cfop': '5101', 'unidade': 'TN', 'quantidade': '34,75', 'valor_unitario': '158,00', 'valor_total': '5.490,50'}
2026-10-05 15:48:47 | INFO     | produtos: 1 item(ns) extraido(s)
2026-10-05 15:48:47 | INFO     | produtos: item 1 codigo=None descricao='CORRETIVO DE ACIDEZ CALCARIO GO-001207-6.000001' ncm='25210000' und='TN' qtde='34,75 RESERVADO' vlr_unit='158,00 AO FISCO' vlr_total='5.490,50'
2026-10-05 15:48:47 | INFO     | produtos: total combinado (paginas) = 1
2026-10-05 15:48:47 | INFO     | produtos: extracao por conteudo (fallback) = 1 item(ns)
2026-10-05 15:48:47 | INFO     | Calcário\PF-NFE-149951-CALCARIO OURO BRANCO.pdf | extracao COMPLETA
2026-10-05 15:48:47 | INFO     | Calcário\PF-NFE-149951-CALCARIO OURO BRANCO.pdf | produtos=1 status=completa
2026-10-05 15:48:47 | INFO     | pipeline | Calcário\PF-NFE-149951-CALCARIO OURO BRANCO.pdf | chave 83152240137883097000219550010001499511005383 ATUALIZADA
2026-10-05 15:48:47 | INFO     | pipeline | [5/98] processando Calcário\PF-NFE-149952-CALCARIO OURO BRANCO.pdf
2026-10-05 15:48:47 | INFO     | Calcário\PF-NFE-149952-CALCARIO OURO BRANCO.pdf | inicio de extracao
2026-10-05 15:48:47 | INFO     | Calcário\PF-NFE-149952-CALCARIO OURO BRANCO.pdf | origem=texto itens=399
2026-10-05 15:48:47 | INFO     | Calcário\PF-NFE-149952-CALCARIO OURO BRANCO.pdf | chave=52240137883097000219550010001499521005383828 DV_valido=True
2026-10-05 15:48:47 | INFO     | produtos: cabecalho detectado pelo criterio '2. CODIGO+CFOP'
2026-10-05 15:48:47 | INFO     | produtos: colunas mapeadas (9): ['codigo', 'descricao', 'ncm', 'origem_cst', 'cfop', 'unidade', 'quantidade', 'valor_unitario', 'valor_total']
2026-10-05 15:48:47 | DEBUG    | produtos: novo item -> {'codigo': '2', 'descricao': 'CORRETIVO DE ACIDEZ CALCARIO', 'ncm': 'DOLOMITICO 25210000', 'origem_cst': '040', 'cfop': '5101', 'unidade': 'TN', 'quantidade': '35,80', 'valor_unitario': '158,00', 'valor_total': '5.656,40'}
2026-10-05 15:48:47 | INFO     | produtos: 1 item(ns) extraido(s)
2026-10-05 15:48:47 | INFO     | produtos: item 1 codigo=None descricao='CORRETIVO DE ACIDEZ CALCARIO GO-001207-6.000001' ncm='25210000' und='TN' qtde='35,80 RESERVADO' vlr_unit='158,00 AO FISCO' vlr_total='5.656,40'
2026-10-05 15:48:47 | INFO     | produtos: total combinado (paginas) = 1
2026-10-05 15:48:47 | INFO     | produtos: extracao por conteudo (fallback) = 1 item(ns)
2026-10-05 15:48:47 | INFO     | Calcário\PF-NFE-149952-CALCARIO OURO BRANCO.pdf | extracao COMPLETA
2026-10-05 15:48:47 | INFO     | Calcário\PF-NFE-149952-CALCARIO OURO BRANCO.pdf | produtos=1 status=completa
2026-10-05 15:48:47 | INFO     | pipeline | Calcário\PF-NFE-149952-CALCARIO OURO BRANCO.pdf | chave 52240137883097000219550010001499521005383828 ATUALIZADA
2026-10-05 15:48:47 | INFO     | pipeline | [6/98] processando Calcário\PF-NFE-149964-CALCARIO OURO BRANCO.pdf
2026-10-05 15:48:47 | INFO     | Calcário\PF-NFE-149964-CALCARIO OURO BRANCO.pdf | inicio de extracao
2026-10-05 15:48:47 | INFO     | Calcário\PF-NFE-149964-CALCARIO OURO BRANCO.pdf | origem=texto itens=399
2026-10-05 15:48:47 | INFO     | Calcário\PF-NFE-149964-CALCARIO OURO BRANCO.pdf | chave=01834152240137883097000219550010001499641005 DV_valido=True
2026-10-05 15:48:47 | INFO     | produtos: cabecalho detectado pelo criterio '2. CODIGO+CFOP'
2026-10-05 15:48:47 | INFO     | produtos: colunas mapeadas (9): ['codigo', 'descricao', 'ncm', 'origem_cst', 'cfop', 'unidade', 'quantidade', 'valor_unitario', 'valor_total']
2026-10-05 15:48:47 | DEBUG    | produtos: novo item -> {'codigo': '2', 'descricao': 'CORRETIVO DE ACIDEZ CALCARIO', 'ncm': 'DOLOMITICO 25210000', 'origem_cst': '040', 'cfop': '5101', 'unidade': 'TN', 'quantidade': '34,64', 'valor_unitario': '158,00', 'valor_total': '5.473,12'}
2026-10-05 15:48:47 | INFO     | produtos: 1 item(ns) extraido(s)
2026-10-05 15:48:47 | INFO     | produtos: item 1 codigo=None descricao='CORRETIVO DE ACIDEZ CALCARIO GO-001207-6.000001' ncm='25210000' und='TN' qtde='34,64 RESERVADO' vlr_unit='158,00 AO FISCO' vlr_total='5.473,12'
2026-10-05 15:48:47 | INFO     | produtos: total combinado (paginas) = 1
2026-10-05 15:48:47 | INFO     | produtos: extracao por conteudo (fallback) = 1 item(ns)
2026-10-05 15:48:47 | INFO     | Calcário\PF-NFE-149964-CALCARIO OURO BRANCO.pdf | extracao COMPLETA
2026-10-05 15:48:47 | INFO     | Calcário\PF-NFE-149964-CALCARIO OURO BRANCO.pdf | produtos=1 status=completa
2026-10-05 15:48:47 | INFO     | pipeline | Calcário\PF-NFE-149964-CALCARIO OURO BRANCO.pdf | chave 01834152240137883097000219550010001499641005 ATUALIZADA
2026-10-05 15:48:47 | INFO     | pipeline | [7/98] processando Calcário\PF-NFE-219986-JANDAIA.pdf
2026-10-05 15:48:47 | INFO     | Calcário\PF-NFE-219986-JANDAIA.pdf | inicio de extracao
2026-10-05 15:48:47 | INFO     | Calcário\PF-NFE-219986-JANDAIA.pdf | origem=texto itens=583
2026-10-05 15:48:47 | INFO     | Calcário\PF-NFE-219986-JANDAIA.pdf | chave=52231102110260000226550010002199861951180640 DV_valido=True
2026-10-05 15:48:47 | WARNING  | produtos: cabecalho da tabela NAO encontrado (regiao y=1770..2835 p1, itens=254)
2026-10-05 15:48:47 | INFO     | produtos: total combinado (paginas) = 0
2026-10-05 15:48:47 | INFO     | produtos: extracao por conteudo (fallback) = 3 item(ns)
2026-10-05 15:48:47 | INFO     | Calcário\PF-NFE-219986-JANDAIA.pdf | extracao COMPLETA
2026-10-05 15:48:47 | INFO     | Calcário\PF-NFE-219986-JANDAIA.pdf | produtos=3 status=completa
2026-10-05 15:48:47 | INFO     | pipeline | Calcário\PF-NFE-219986-JANDAIA.pdf | chave 52231102110260000226550010002199861951180640 ATUALIZADA
2026-10-05 15:48:47 | INFO     | pipeline | [8/98] processando Calcário\PF-NFE-220014-JANDAIA.pdf
2026-10-05 15:48:47 | INFO     | Calcário\PF-NFE-220014-JANDAIA.pdf | inicio de extracao
2026-10-05 15:48:47 | INFO     | Calcário\PF-NFE-220014-JANDAIA.pdf | origem=texto itens=583
2026-10-05 15:48:47 | INFO     | Calcário\PF-NFE-220014-JANDAIA.pdf | chave=00001152231102110260000226550010002200141728 DV_valido=True
2026-10-05 15:48:47 | WARNING  | produtos: cabecalho da tabela NAO encontrado (regiao y=1770..2835 p1, itens=254)
2026-10-05 15:48:47 | INFO     | produtos: total combinado (paginas) = 0
2026-10-05 15:48:47 | INFO     | produtos: extracao por conteudo (fallback) = 3 item(ns)
2026-10-05 15:48:47 | INFO     | Calcário\PF-NFE-220014-JANDAIA.pdf | extracao COMPLETA
2026-10-05 15:48:47 | INFO     | Calcário\PF-NFE-220014-JANDAIA.pdf | produtos=3 status=completa
2026-10-05 15:48:47 | INFO     | pipeline | Calcário\PF-NFE-220014-JANDAIA.pdf | chave 00001152231102110260000226550010002200141728 ATUALIZADA
2026-10-05 15:48:47 | INFO     | pipeline | [9/98] processando Calcário\PF-NFE-220042-JANDAIA.pdf
2026-10-05 15:48:47 | INFO     | Calcário\PF-NFE-220042-JANDAIA.pdf | inicio de extracao
2026-10-05 15:48:47 | INFO     | Calcário\PF-NFE-220042-JANDAIA.pdf | origem=texto itens=583
2026-10-05 15:48:47 | INFO     | Calcário\PF-NFE-220042-JANDAIA.pdf | chave=75950000011522311021102600002265500100022004 DV_valido=True
2026-10-05 15:48:47 | WARNING  | produtos: cabecalho da tabela NAO encontrado (regiao y=1770..2835 p1, itens=254)
2026-10-05 15:48:47 | INFO     | produtos: total combinado (paginas) = 0
2026-10-05 15:48:47 | INFO     | produtos: extracao por conteudo (fallback) = 3 item(ns)
2026-10-05 15:48:47 | INFO     | Calcário\PF-NFE-220042-JANDAIA.pdf | extracao COMPLETA
2026-10-05 15:48:47 | INFO     | Calcário\PF-NFE-220042-JANDAIA.pdf | produtos=3 status=completa
2026-10-05 15:48:47 | INFO     | pipeline | Calcário\PF-NFE-220042-JANDAIA.pdf | chave 75950000011522311021102600002265500100022004 ATUALIZADA
2026-10-05 15:48:47 | INFO     | pipeline | [10/98] processando Combustiveis\PJ-NFE-13133-POSTO PINHEIRO-07-08.PDF
2026-10-05 15:48:47 | INFO     | Combustiveis\PJ-NFE-13133-POSTO PINHEIRO-07-08.PDF | inicio de extracao
2026-10-05 15:48:47 | INFO     | Combustiveis\PJ-NFE-13133-POSTO PINHEIRO-07-08.PDF | origem=texto itens=378
2026-10-05 15:48:47 | INFO     | Combustiveis\PJ-NFE-13133-POSTO PINHEIRO-07-08.PDF | chave=52230802261742000104550010000131331010131343 DV_valido=True
2026-10-05 15:48:48 | DEBUG    | campos: rotulo 'DADOS DO PRODUTO' nao encontrado
2026-10-05 15:48:48 | WARNING  | produtos: regiao de produtos invalida (e1=False e2=True ini_y=None fin_y=3145.125961303711)
2026-10-05 15:48:48 | INFO     | produtos: extracao por conteudo (fallback) = 7 item(ns)
2026-10-05 15:48:48 | INFO     | peso_liquido ausente -> volume total em litros: 2408.5688
2026-10-05 15:48:48 | WARNING  | Combustiveis\PJ-NFE-13133-POSTO PINHEIRO-07-08.PDF | extracao PARCIAL -> campos nucleares ausentes: emitente.razao_social
2026-10-05 15:48:48 | INFO     | Combustiveis\PJ-NFE-13133-POSTO PINHEIRO-07-08.PDF | produtos=7 status=parcial
2026-10-05 15:48:48 | INFO     | pipeline | Combustiveis\PJ-NFE-13133-POSTO PINHEIRO-07-08.PDF | chave 52230802261742000104550010000131331010131343 ATUALIZADA
2026-10-05 15:48:48 | INFO     | pipeline | [11/98] processando Combustiveis\PJ-NFE-13237-POSTO PINHEIRO-29-08.PDF
2026-10-05 15:48:48 | INFO     | Combustiveis\PJ-NFE-13237-POSTO PINHEIRO-29-08.PDF | inicio de extracao
2026-10-05 15:48:48 | INFO     | Combustiveis\PJ-NFE-13237-POSTO PINHEIRO-29-08.PDF | origem=texto itens=396
2026-10-05 15:48:48 | INFO     | Combustiveis\PJ-NFE-13237-POSTO PINHEIRO-29-08.PDF | chave=15223080226174200010455001000013237101013238 DV_valido=True
2026-10-05 15:48:48 | DEBUG    | campos: rotulo 'DADOS DO PRODUTO' nao encontrado
2026-10-05 15:48:48 | WARNING  | produtos: regiao de produtos invalida (e1=False e2=True ini_y=None fin_y=3145.125961303711)
2026-10-05 15:48:48 | INFO     | produtos: extracao por conteudo (fallback) = 8 item(ns)
2026-10-05 15:48:48 | INFO     | peso_liquido ausente -> volume total em litros: 2948.7221
2026-10-05 15:48:48 | WARNING  | Combustiveis\PJ-NFE-13237-POSTO PINHEIRO-29-08.PDF | extracao PARCIAL -> campos nucleares ausentes: emitente.razao_social
2026-10-05 15:48:48 | INFO     | Combustiveis\PJ-NFE-13237-POSTO PINHEIRO-29-08.PDF | produtos=8 status=parcial
2026-10-05 15:48:48 | INFO     | pipeline | Combustiveis\PJ-NFE-13237-POSTO PINHEIRO-29-08.PDF | chave 15223080226174200010455001000013237101013238 ATUALIZADA
2026-10-05 15:48:48 | INFO     | pipeline | [12/98] processando Combustiveis\PJ-NFE-13292-POSTO PINHEIRO-08-09.PDF
2026-10-05 15:48:48 | INFO     | Combustiveis\PJ-NFE-13292-POSTO PINHEIRO-08-09.PDF | inicio de extracao
2026-10-05 15:48:48 | INFO     | Combustiveis\PJ-NFE-13292-POSTO PINHEIRO-08-09.PDF | origem=texto itens=396
2026-10-05 15:48:48 | INFO     | Combustiveis\PJ-NFE-13292-POSTO PINHEIRO-08-09.PDF | chave=52230902261742000104550010000132921010132935 DV_valido=True
2026-10-05 15:48:48 | DEBUG    | campos: rotulo 'DADOS DO PRODUTO' nao encontrado
2026-10-05 15:48:48 | WARNING  | produtos: regiao de produtos invalida (e1=False e2=True ini_y=None fin_y=3145.125961303711)
2026-10-05 15:48:48 | INFO     | produtos: extracao por conteudo (fallback) = 8 item(ns)
2026-10-05 15:48:48 | INFO     | peso_liquido ausente -> volume total em litros: 1666.8280
2026-10-05 15:48:48 | WARNING  | Combustiveis\PJ-NFE-13292-POSTO PINHEIRO-08-09.PDF | extracao PARCIAL -> campos nucleares ausentes: emitente.razao_social
2026-10-05 15:48:48 | INFO     | Combustiveis\PJ-NFE-13292-POSTO PINHEIRO-08-09.PDF | produtos=8 status=parcial
2026-10-05 15:48:48 | INFO     | pipeline | Combustiveis\PJ-NFE-13292-POSTO PINHEIRO-08-09.PDF | chave 52230902261742000104550010000132921010132935 ATUALIZADA
2026-10-05 15:48:48 | INFO     | pipeline | [13/98] processando Combustiveis\PJ-NFE-13391-POSTO PINHEIRO-09-10.PDF
2026-10-05 15:48:48 | INFO     | Combustiveis\PJ-NFE-13391-POSTO PINHEIRO-09-10.PDF | inicio de extracao
2026-10-05 15:48:48 | INFO     | Combustiveis\PJ-NFE-13391-POSTO PINHEIRO-09-10.PDF | origem=texto itens=396
2026-10-05 15:48:48 | INFO     | Combustiveis\PJ-NFE-13391-POSTO PINHEIRO-09-10.PDF | chave=01522310022617420001045500100001339110101339 DV_valido=True
2026-10-05 15:48:48 | DEBUG    | campos: rotulo 'DADOS DO PRODUTO' nao encontrado
2026-10-05 15:48:48 | WARNING  | produtos: regiao de produtos invalida (e1=False e2=True ini_y=None fin_y=3145.125961303711)
2026-10-05 15:48:48 | INFO     | produtos: extracao por conteudo (fallback) = 8 item(ns)
2026-10-05 15:48:48 | INFO     | peso_liquido ausente -> volume total em litros: 2986.8276
2026-10-05 15:48:48 | WARNING  | Combustiveis\PJ-NFE-13391-POSTO PINHEIRO-09-10.PDF | extracao PARCIAL -> campos nucleares ausentes: emitente.razao_social
2026-10-05 15:48:48 | INFO     | Combustiveis\PJ-NFE-13391-POSTO PINHEIRO-09-10.PDF | produtos=8 status=parcial
2026-10-05 15:48:48 | INFO     | pipeline | Combustiveis\PJ-NFE-13391-POSTO PINHEIRO-09-10.PDF | chave 01522310022617420001045500100001339110101339 ATUALIZADA
2026-10-05 15:48:48 | INFO     | pipeline | [14/98] processando Combustiveis\PJ-NFE-13511-POSTO PINHEIRO-10-11.PDF
2026-10-05 15:48:48 | INFO     | Combustiveis\PJ-NFE-13511-POSTO PINHEIRO-10-11.PDF | inicio de extracao
2026-10-05 15:48:48 | INFO     | Combustiveis\PJ-NFE-13511-POSTO PINHEIRO-10-11.PDF | origem=texto itens=378
2026-10-05 15:48:48 | INFO     | Combustiveis\PJ-NFE-13511-POSTO PINHEIRO-10-11.PDF | chave=52231102261742000104550010000135111010135120 DV_valido=True
2026-10-05 15:48:48 | DEBUG    | campos: rotulo 'DADOS DO PRODUTO' nao encontrado
2026-10-05 15:48:48 | WARNING  | produtos: regiao de produtos invalida (e1=False e2=True ini_y=None fin_y=3145.125961303711)
2026-10-05 15:48:48 | INFO     | produtos: extracao por conteudo (fallback) = 7 item(ns)
2026-10-05 15:48:48 | INFO     | peso_liquido ausente -> volume total em litros: 3049.3436
2026-10-05 15:48:48 | WARNING  | Combustiveis\PJ-NFE-13511-POSTO PINHEIRO-10-11.PDF | extracao PARCIAL -> campos nucleares ausentes: emitente.razao_social
2026-10-05 15:48:48 | INFO     | Combustiveis\PJ-NFE-13511-POSTO PINHEIRO-10-11.PDF | produtos=7 status=parcial
2026-10-05 15:48:48 | INFO     | pipeline | Combustiveis\PJ-NFE-13511-POSTO PINHEIRO-10-11.PDF | chave 52231102261742000104550010000135111010135120 ATUALIZADA
2026-10-05 15:48:48 | INFO     | pipeline | [15/98] processando Combustiveis\PJ-NFE-13647-POSTO PINHEIRO-11-12.PDF
2026-10-05 15:48:48 | INFO     | Combustiveis\PJ-NFE-13647-POSTO PINHEIRO-11-12.PDF | inicio de extracao
2026-10-05 15:48:48 | INFO     | Combustiveis\PJ-NFE-13647-POSTO PINHEIRO-11-12.PDF | origem=texto itens=396
2026-10-05 15:48:48 | INFO     | Combustiveis\PJ-NFE-13647-POSTO PINHEIRO-11-12.PDF | chave=52231202261742000104550010000136471010136489 DV_valido=True
2026-10-05 15:48:48 | DEBUG    | campos: rotulo 'DADOS DO PRODUTO' nao encontrado
2026-10-05 15:48:48 | WARNING  | produtos: regiao de produtos invalida (e1=False e2=True ini_y=None fin_y=3145.125961303711)
2026-10-05 15:48:48 | INFO     | produtos: extracao por conteudo (fallback) = 8 item(ns)
2026-10-05 15:48:48 | INFO     | peso_liquido ausente -> volume total em litros: 2188.6205
2026-10-05 15:48:48 | WARNING  | Combustiveis\PJ-NFE-13647-POSTO PINHEIRO-11-12.PDF | extracao PARCIAL -> campos nucleares ausentes: emitente.razao_social
2026-10-05 15:48:48 | INFO     | Combustiveis\PJ-NFE-13647-POSTO PINHEIRO-11-12.PDF | produtos=8 status=parcial
2026-10-05 15:48:48 | INFO     | pipeline | Combustiveis\PJ-NFE-13647-POSTO PINHEIRO-11-12.PDF | chave 52231202261742000104550010000136471010136489 ATUALIZADA
2026-10-05 15:48:48 | INFO     | pipeline | [16/98] processando Combustiveis\PJ-NFE-13774-POSTO PINHEIRO SERRANOPOLIS-12-01-2024.PDF
2026-10-05 15:48:48 | INFO     | Combustiveis\PJ-NFE-13774-POSTO PINHEIRO SERRANOPOLIS-12-01-2024.PDF | inicio de extracao
2026-10-05 15:48:48 | INFO     | Combustiveis\PJ-NFE-13774-POSTO PINHEIRO SERRANOPOLIS-12-01-2024.PDF | origem=texto itens=393
2026-10-05 15:48:48 | INFO     | Combustiveis\PJ-NFE-13774-POSTO PINHEIRO SERRANOPOLIS-12-01-2024.PDF | chave=52240102261742000104550010000137741010137750 DV_valido=True
2026-10-05 15:48:48 | DEBUG    | campos: rotulo 'DADOS DO PRODUTO' nao encontrado
2026-10-05 15:48:48 | WARNING  | produtos: regiao de produtos invalida (e1=False e2=True ini_y=None fin_y=3145.125961303711)
2026-10-05 15:48:48 | INFO     | produtos: extracao por conteudo (fallback) = 8 item(ns)
2026-10-05 15:48:48 | INFO     | peso_liquido ausente -> volume total em litros: 1570.2636
2026-10-05 15:48:48 | WARNING  | Combustiveis\PJ-NFE-13774-POSTO PINHEIRO SERRANOPOLIS-12-01-2024.PDF | extracao PARCIAL -> campos nucleares ausentes: emitente.razao_social
2026-10-05 15:48:48 | INFO     | Combustiveis\PJ-NFE-13774-POSTO PINHEIRO SERRANOPOLIS-12-01-2024.PDF | produtos=8 status=parcial
2026-10-05 15:48:48 | INFO     | pipeline | Combustiveis\PJ-NFE-13774-POSTO PINHEIRO SERRANOPOLIS-12-01-2024.PDF | chave 52240102261742000104550010000137741010137750 ATUALIZADA
2026-10-05 15:48:48 | INFO     | pipeline | [17/98] processando Combustiveis\PJ-NFE-13915-POSTO PINHEIRO-09-02.PDF
2026-10-05 15:48:48 | INFO     | Combustiveis\PJ-NFE-13915-POSTO PINHEIRO-09-02.PDF | inicio de extracao
2026-10-05 15:48:48 | INFO     | Combustiveis\PJ-NFE-13915-POSTO PINHEIRO-09-02.PDF | origem=texto itens=396
2026-10-05 15:48:48 | INFO     | Combustiveis\PJ-NFE-13915-POSTO PINHEIRO-09-02.PDF | chave=52240202261742000104550010000139151010139161 DV_valido=True
2026-10-05 15:48:48 | DEBUG    | campos: rotulo 'DADOS DO PRODUTO' nao encontrado
2026-10-05 15:48:48 | WARNING  | produtos: regiao de produtos invalida (e1=False e2=True ini_y=None fin_y=3145.125961303711)
2026-10-05 15:48:48 | INFO     | produtos: extracao por conteudo (fallback) = 8 item(ns)
2026-10-05 15:48:48 | INFO     | peso_liquido ausente -> volume total em litros: 2913.6400
2026-10-05 15:48:48 | WARNING  | Combustiveis\PJ-NFE-13915-POSTO PINHEIRO-09-02.PDF | extracao PARCIAL -> campos nucleares ausentes: emitente.razao_social
2026-10-05 15:48:48 | INFO     | Combustiveis\PJ-NFE-13915-POSTO PINHEIRO-09-02.PDF | produtos=8 status=parcial
2026-10-05 15:48:48 | INFO     | pipeline | Combustiveis\PJ-NFE-13915-POSTO PINHEIRO-09-02.PDF | chave 52240202261742000104550010000139151010139161 ATUALIZADA
2026-10-05 15:48:48 | INFO     | pipeline | [18/98] processando Combustiveis\PJ-NFE-14039-POSTO PINHEIRO-15-03.PDF
2026-10-05 15:48:48 | INFO     | Combustiveis\PJ-NFE-14039-POSTO PINHEIRO-15-03.PDF | inicio de extracao
2026-10-05 15:48:48 | INFO     | Combustiveis\PJ-NFE-14039-POSTO PINHEIRO-15-03.PDF | origem=texto itens=396
2026-10-05 15:48:48 | INFO     | Combustiveis\PJ-NFE-14039-POSTO PINHEIRO-15-03.PDF | chave=52240302261742000104550010000140391010140403 DV_valido=True
2026-10-05 15:48:48 | DEBUG    | campos: rotulo 'DADOS DO PRODUTO' nao encontrado
2026-10-05 15:48:48 | WARNING  | produtos: regiao de produtos invalida (e1=False e2=True ini_y=None fin_y=3145.125961303711)
2026-10-05 15:48:48 | INFO     | produtos: extracao por conteudo (fallback) = 8 item(ns)
2026-10-05 15:48:48 | INFO     | peso_liquido ausente -> volume total em litros: 3081.6596
2026-10-05 15:48:48 | WARNING  | Combustiveis\PJ-NFE-14039-POSTO PINHEIRO-15-03.PDF | extracao PARCIAL -> campos nucleares ausentes: emitente.razao_social
2026-10-05 15:48:48 | INFO     | Combustiveis\PJ-NFE-14039-POSTO PINHEIRO-15-03.PDF | produtos=8 status=parcial
2026-10-05 15:48:48 | INFO     | pipeline | Combustiveis\PJ-NFE-14039-POSTO PINHEIRO-15-03.PDF | chave 52240302261742000104550010000140391010140403 ATUALIZADA
2026-10-05 15:48:48 | INFO     | pipeline | [19/98] processando Combustiveis\PJ-NFE-14163-POSTO PINHEIRO-12-04.pdf
2026-10-05 15:48:48 | INFO     | Combustiveis\PJ-NFE-14163-POSTO PINHEIRO-12-04.pdf | inicio de extracao
2026-10-05 15:48:48 | INFO     | Combustiveis\PJ-NFE-14163-POSTO PINHEIRO-12-04.pdf | origem=texto itens=396
2026-10-05 15:48:48 | INFO     | Combustiveis\PJ-NFE-14163-POSTO PINHEIRO-12-04.pdf | chave=15224040226174200010455001000014163101014164 DV_valido=True
2026-10-05 15:48:48 | DEBUG    | campos: rotulo 'DADOS DO PRODUTO' nao encontrado
2026-10-05 15:48:48 | WARNING  | produtos: regiao de produtos invalida (e1=False e2=True ini_y=None fin_y=3145.125961303711)
2026-10-05 15:48:48 | INFO     | produtos: extracao por conteudo (fallback) = 8 item(ns)
2026-10-05 15:48:48 | INFO     | peso_liquido ausente -> volume total em litros: 2351.4000
2026-10-05 15:48:48 | WARNING  | Combustiveis\PJ-NFE-14163-POSTO PINHEIRO-12-04.pdf | extracao PARCIAL -> campos nucleares ausentes: emitente.razao_social
2026-10-05 15:48:48 | INFO     | Combustiveis\PJ-NFE-14163-POSTO PINHEIRO-12-04.pdf | produtos=8 status=parcial
2026-10-05 15:48:48 | INFO     | pipeline | Combustiveis\PJ-NFE-14163-POSTO PINHEIRO-12-04.pdf | chave 15224040226174200010455001000014163101014164 ATUALIZADA
2026-10-05 15:48:48 | INFO     | pipeline | [20/98] processando Combustiveis\PJ-NFE-14416-POSTO PINHEIRO-12-06.PDF
2026-10-05 15:48:48 | INFO     | Combustiveis\PJ-NFE-14416-POSTO PINHEIRO-12-06.PDF | inicio de extracao
2026-10-05 15:48:48 | INFO     | Combustiveis\PJ-NFE-14416-POSTO PINHEIRO-12-06.PDF | origem=texto itens=401
2026-10-05 15:48:48 | INFO     | Combustiveis\PJ-NFE-14416-POSTO PINHEIRO-12-06.PDF | chave=52240602261742000104550010000144161010144172 DV_valido=True
2026-10-05 15:48:48 | DEBUG    | campos: rotulo 'DADOS DO PRODUTO' nao encontrado
2026-10-05 15:48:48 | WARNING  | produtos: regiao de produtos invalida (e1=False e2=True ini_y=None fin_y=3145.125961303711)
2026-10-05 15:48:48 | INFO     | produtos: extracao por conteudo (fallback) = 8 item(ns)
2026-10-05 15:48:48 | INFO     | peso_liquido ausente -> volume total em litros: 3796.7579
2026-10-05 15:48:48 | WARNING  | Combustiveis\PJ-NFE-14416-POSTO PINHEIRO-12-06.PDF | extracao PARCIAL -> campos nucleares ausentes: emitente.razao_social
2026-10-05 15:48:48 | INFO     | Combustiveis\PJ-NFE-14416-POSTO PINHEIRO-12-06.PDF | produtos=8 status=parcial
2026-10-05 15:48:48 | INFO     | pipeline | Combustiveis\PJ-NFE-14416-POSTO PINHEIRO-12-06.PDF | chave 52240602261742000104550010000144161010144172 ATUALIZADA
2026-10-05 15:48:48 | INFO     | pipeline | [21/98] processando Combustiveis\PJ-NFE-14569-POSTO PINHEIRO-12-07.pdf
2026-10-05 15:48:48 | INFO     | Combustiveis\PJ-NFE-14569-POSTO PINHEIRO-12-07.pdf | inicio de extracao
2026-10-05 15:48:48 | INFO     | Combustiveis\PJ-NFE-14569-POSTO PINHEIRO-12-07.pdf | origem=texto itens=401
2026-10-05 15:48:48 | INFO     | Combustiveis\PJ-NFE-14569-POSTO PINHEIRO-12-07.pdf | chave=15224070226174200010455001000014569101014570 DV_valido=True
2026-10-05 15:48:48 | DEBUG    | campos: rotulo 'DADOS DO PRODUTO' nao encontrado
2026-10-05 15:48:48 | WARNING  | produtos: regiao de produtos invalida (e1=False e2=True ini_y=None fin_y=3145.125961303711)
2026-10-05 15:48:48 | INFO     | produtos: extracao por conteudo (fallback) = 8 item(ns)
2026-10-05 15:48:48 | INFO     | peso_liquido ausente -> volume total em litros: 3904.4779
2026-10-05 15:48:48 | WARNING  | Combustiveis\PJ-NFE-14569-POSTO PINHEIRO-12-07.pdf | extracao PARCIAL -> campos nucleares ausentes: emitente.razao_social
2026-10-05 15:48:48 | INFO     | Combustiveis\PJ-NFE-14569-POSTO PINHEIRO-12-07.pdf | produtos=8 status=parcial
2026-10-05 15:48:48 | INFO     | pipeline | Combustiveis\PJ-NFE-14569-POSTO PINHEIRO-12-07.pdf | chave 15224070226174200010455001000014569101014570 ATUALIZADA
2026-10-05 15:48:48 | INFO     | pipeline | [22/98] processando Combustiveis\PJ-NFE-183561-POSTO ALDO-19-07.pdf
2026-10-05 15:48:48 | INFO     | Combustiveis\PJ-NFE-183561-POSTO ALDO-19-07.pdf | inicio de extracao
2026-10-05 15:48:48 | INFO     | Combustiveis\PJ-NFE-183561-POSTO ALDO-19-07.pdf | origem=texto itens=575
2026-10-05 15:48:48 | INFO     | Combustiveis\PJ-NFE-183561-POSTO ALDO-19-07.pdf | chave=19813401152240702651099000117550050001835612 DV_valido=True
2026-10-05 15:48:48 | WARNING  | produtos: cabecalho da tabela NAO encontrado (regiao y=1770..2835 p1, itens=213)
2026-10-05 15:48:48 | INFO     | produtos: total combinado (paginas) = 0
2026-10-05 15:48:48 | INFO     | produtos: extracao por conteudo (fallback) = 2 item(ns)
2026-10-05 15:48:48 | INFO     | peso_liquido ausente -> volume total em litros: 119.7100
2026-10-05 15:48:48 | INFO     | Combustiveis\PJ-NFE-183561-POSTO ALDO-19-07.pdf | extracao COMPLETA
2026-10-05 15:48:48 | INFO     | Combustiveis\PJ-NFE-183561-POSTO ALDO-19-07.pdf | produtos=2 status=completa
2026-10-05 15:48:48 | INFO     | pipeline | Combustiveis\PJ-NFE-183561-POSTO ALDO-19-07.pdf | chave 19813401152240702651099000117550050001835612 ATUALIZADA
2026-10-05 15:48:48 | INFO     | pipeline | [23/98] processando Combustiveis\PJ-NFE-185437-POSTO ALDO JATAI-05-08.pdf
2026-10-05 15:48:48 | INFO     | Combustiveis\PJ-NFE-185437-POSTO ALDO JATAI-05-08.pdf | inicio de extracao
2026-10-05 15:48:48 | INFO     | Combustiveis\PJ-NFE-185437-POSTO ALDO JATAI-05-08.pdf | origem=texto itens=1070
2026-10-05 15:48:48 | INFO     | Combustiveis\PJ-NFE-185437-POSTO ALDO JATAI-05-08.pdf | chave=13401152240702651099000117550050001854371157 DV_valido=True
2026-10-05 15:48:48 | WARNING  | produtos: cabecalho da tabela NAO encontrado (regiao y=1770..2835 p1, itens=52)
2026-10-05 15:48:48 | INFO     | produtos: cabecalho detectado pelo criterio '4. CODIGO somente (fallback final)'
2026-10-05 15:48:48 | INFO     | produtos: colunas mapeadas (4): ['valor_total', 'desconto', 'codigo', 'quantidade']
2026-10-05 15:48:48 | INFO     | produtos: 0 item(ns) extraido(s)
2026-10-05 15:48:48 | INFO     | produtos: total combinado (paginas) = 0
2026-10-05 15:48:48 | INFO     | produtos: extracao por conteudo (fallback) = 3 item(ns)
2026-10-05 15:48:48 | INFO     | peso_liquido ausente -> volume total em litros: 54.7500
2026-10-05 15:48:48 | INFO     | Combustiveis\PJ-NFE-185437-POSTO ALDO JATAI-05-08.pdf | extracao COMPLETA
2026-10-05 15:48:48 | INFO     | Combustiveis\PJ-NFE-185437-POSTO ALDO JATAI-05-08.pdf | produtos=3 status=completa
2026-10-05 15:48:48 | INFO     | pipeline | Combustiveis\PJ-NFE-185437-POSTO ALDO JATAI-05-08.pdf | chave 13401152240702651099000117550050001854371157 ATUALIZADA
2026-10-05 15:48:48 | INFO     | pipeline | [24/98] processando Combustiveis\PJ-NFE-185954-POSTO ALDO JATAI-12-08.pdf
2026-10-05 15:48:48 | INFO     | Combustiveis\PJ-NFE-185954-POSTO ALDO JATAI-12-08.pdf | inicio de extracao
2026-10-05 15:48:48 | INFO     | Combustiveis\PJ-NFE-185954-POSTO ALDO JATAI-12-08.pdf | origem=texto itens=1256
2026-10-05 15:48:48 | INFO     | Combustiveis\PJ-NFE-185954-POSTO ALDO JATAI-12-08.pdf | chave=98134011522407026510990001175500500018595411 DV_valido=True
2026-10-05 15:48:48 | WARNING  | produtos: cabecalho da tabela NAO encontrado (regiao y=1770..2835 p1, itens=213)
2026-10-05 15:48:48 | INFO     | produtos: cabecalho detectado pelo criterio '4. CODIGO somente (fallback final)'
2026-10-05 15:48:48 | INFO     | produtos: colunas mapeadas (4): ['valor_total', 'desconto', 'codigo', 'quantidade']
2026-10-05 15:48:48 | INFO     | produtos: 0 item(ns) extraido(s)
2026-10-05 15:48:48 | INFO     | produtos: total combinado (paginas) = 0
2026-10-05 15:48:48 | INFO     | produtos: extracao por conteudo (fallback) = 4 item(ns)
2026-10-05 15:48:48 | INFO     | peso_liquido ausente -> volume total em litros: 125.8000
2026-10-05 15:48:48 | INFO     | Combustiveis\PJ-NFE-185954-POSTO ALDO JATAI-12-08.pdf | extracao COMPLETA
2026-10-05 15:48:48 | INFO     | Combustiveis\PJ-NFE-185954-POSTO ALDO JATAI-12-08.pdf | produtos=4 status=completa
2026-10-05 15:48:48 | INFO     | pipeline | Combustiveis\PJ-NFE-185954-POSTO ALDO JATAI-12-08.pdf | chave 98134011522407026510990001175500500018595411 ATUALIZADA
2026-10-05 15:48:48 | INFO     | pipeline | [25/98] processando Combustiveis\PJ-NFE-48511-CAMPO DIESEL-21-08.pdf
2026-10-05 15:48:48 | INFO     | Combustiveis\PJ-NFE-48511-CAMPO DIESEL-21-08.pdf | inicio de extracao
2026-10-05 15:48:48 | INFO     | Combustiveis\PJ-NFE-48511-CAMPO DIESEL-21-08.pdf | origem=texto itens=454
2026-10-05 15:48:48 | INFO     | Combustiveis\PJ-NFE-48511-CAMPO DIESEL-21-08.pdf | chave=52230701859604000150550010000485111336985322 DV_valido=True
2026-10-05 15:48:48 | DEBUG    | campos: rotulo 'DADOS DO PRODUTO' nao encontrado
2026-10-05 15:48:48 | WARNING  | produtos: regiao de produtos invalida (e1=False e2=True ini_y=None fin_y=3075.4231770833335)
2026-10-05 15:48:48 | INFO     | produtos: extracao por conteudo (fallback) = 5 item(ns)
2026-10-05 15:48:48 | INFO     | Combustiveis\PJ-NFE-48511-CAMPO DIESEL-21-08.pdf | extracao COMPLETA
2026-10-05 15:48:48 | INFO     | Combustiveis\PJ-NFE-48511-CAMPO DIESEL-21-08.pdf | produtos=5 status=completa
2026-10-05 15:48:48 | INFO     | pipeline | Combustiveis\PJ-NFE-48511-CAMPO DIESEL-21-08.pdf | chave 52230701859604000150550010000485111336985322 ATUALIZADA
2026-10-05 15:48:48 | INFO     | pipeline | [26/98] processando Combustiveis\PJ-NFE-48905-CAMPO DIESEL-31-08.pdf
2026-10-05 15:48:48 | INFO     | Combustiveis\PJ-NFE-48905-CAMPO DIESEL-31-08.pdf | inicio de extracao
2026-10-05 15:48:48 | INFO     | Combustiveis\PJ-NFE-48905-CAMPO DIESEL-31-08.pdf | origem=texto itens=666
2026-10-05 15:48:48 | INFO     | Combustiveis\PJ-NFE-48905-CAMPO DIESEL-31-08.pdf | chave=52230801859604000150550010000489051301596832 DV_valido=True
2026-10-05 15:48:48 | DEBUG    | campos: rotulo 'DADOS DO PRODUTO' nao encontrado
2026-10-05 15:48:48 | WARNING  | produtos: regiao de produtos invalida (e1=False e2=True ini_y=None fin_y=3075.4231770833335)
2026-10-05 15:48:48 | INFO     | produtos: extracao por conteudo (fallback) = 6 item(ns)
2026-10-05 15:48:48 | INFO     | Combustiveis\PJ-NFE-48905-CAMPO DIESEL-31-08.pdf | extracao COMPLETA
2026-10-05 15:48:48 | INFO     | Combustiveis\PJ-NFE-48905-CAMPO DIESEL-31-08.pdf | produtos=6 status=completa
2026-10-05 15:48:48 | INFO     | pipeline | Combustiveis\PJ-NFE-48905-CAMPO DIESEL-31-08.pdf | chave 52230801859604000150550010000489051301596832 ATUALIZADA
2026-10-05 15:48:48 | INFO     | pipeline | [27/98] processando Combustiveis\PJ-NFE-49074-CAMPO DIESEL-12-09.pdf
2026-10-05 15:48:48 | INFO     | Combustiveis\PJ-NFE-49074-CAMPO DIESEL-12-09.pdf | inicio de extracao
2026-10-05 15:48:48 | INFO     | Combustiveis\PJ-NFE-49074-CAMPO DIESEL-12-09.pdf | origem=texto itens=667
2026-10-05 15:48:48 | INFO     | Combustiveis\PJ-NFE-49074-CAMPO DIESEL-12-09.pdf | chave=52230801859604000150550010000490741422513159 DV_valido=True
2026-10-05 15:48:48 | DEBUG    | campos: rotulo 'DADOS DO PRODUTO' nao encontrado
2026-10-05 15:48:48 | WARNING  | produtos: regiao de produtos invalida (e1=False e2=True ini_y=None fin_y=3075.4231770833335)
2026-10-05 15:48:48 | INFO     | produtos: extracao por conteudo (fallback) = 6 item(ns)
2026-10-05 15:48:48 | INFO     | Combustiveis\PJ-NFE-49074-CAMPO DIESEL-12-09.pdf | extracao COMPLETA
2026-10-05 15:48:48 | INFO     | Combustiveis\PJ-NFE-49074-CAMPO DIESEL-12-09.pdf | produtos=6 status=completa
2026-10-05 15:48:48 | INFO     | pipeline | Combustiveis\PJ-NFE-49074-CAMPO DIESEL-12-09.pdf | chave 52230801859604000150550010000490741422513159 ATUALIZADA
2026-10-05 15:48:48 | INFO     | pipeline | [28/98] processando Combustiveis\PJ-NFE-49115-CAMPO DIESEL-14-09.pdf
2026-10-05 15:48:49 | INFO     | Combustiveis\PJ-NFE-49115-CAMPO DIESEL-14-09.pdf | inicio de extracao
2026-10-05 15:48:49 | INFO     | Combustiveis\PJ-NFE-49115-CAMPO DIESEL-14-09.pdf | origem=texto itens=667
2026-10-05 15:48:49 | INFO     | Combustiveis\PJ-NFE-49115-CAMPO DIESEL-14-09.pdf | chave=52230801859604000150550010000491151563322699 DV_valido=True
2026-10-05 15:48:49 | DEBUG    | campos: rotulo 'DADOS DO PRODUTO' nao encontrado
2026-10-05 15:48:49 | WARNING  | produtos: regiao de produtos invalida (e1=False e2=True ini_y=None fin_y=3075.4231770833335)
2026-10-05 15:48:49 | INFO     | produtos: extracao por conteudo (fallback) = 6 item(ns)
2026-10-05 15:48:49 | INFO     | Combustiveis\PJ-NFE-49115-CAMPO DIESEL-14-09.pdf | extracao COMPLETA
2026-10-05 15:48:49 | INFO     | Combustiveis\PJ-NFE-49115-CAMPO DIESEL-14-09.pdf | produtos=6 status=completa
2026-10-05 15:48:49 | INFO     | pipeline | Combustiveis\PJ-NFE-49115-CAMPO DIESEL-14-09.pdf | chave 52230801859604000150550010000491151563322699 ATUALIZADA
2026-10-05 15:48:49 | INFO     | pipeline | [29/98] processando Combustiveis\PJ-NFE-49116-CAMPO DIESEL-14-09.pdf
2026-10-05 15:48:49 | INFO     | Combustiveis\PJ-NFE-49116-CAMPO DIESEL-14-09.pdf | inicio de extracao
2026-10-05 15:48:49 | INFO     | Combustiveis\PJ-NFE-49116-CAMPO DIESEL-14-09.pdf | origem=texto itens=679
2026-10-05 15:48:49 | INFO     | Combustiveis\PJ-NFE-49116-CAMPO DIESEL-14-09.pdf | chave=52230801859604000150550010000491161159230483 DV_valido=True
2026-10-05 15:48:49 | DEBUG    | campos: rotulo 'DADOS DO PRODUTO' nao encontrado
2026-10-05 15:48:49 | WARNING  | produtos: regiao de produtos invalida (e1=False e2=True ini_y=None fin_y=3075.4231770833335)
2026-10-05 15:48:49 | INFO     | produtos: extracao por conteudo (fallback) = 6 item(ns)
2026-10-05 15:48:49 | INFO     | Combustiveis\PJ-NFE-49116-CAMPO DIESEL-14-09.pdf | extracao COMPLETA
2026-10-05 15:48:49 | INFO     | Combustiveis\PJ-NFE-49116-CAMPO DIESEL-14-09.pdf | produtos=6 status=completa
2026-10-05 15:48:49 | INFO     | pipeline | Combustiveis\PJ-NFE-49116-CAMPO DIESEL-14-09.pdf | chave 52230801859604000150550010000491161159230483 ATUALIZADA
2026-10-05 15:48:49 | INFO     | pipeline | [30/98] processando Combustiveis\PJ-NFE-49279-CAMPO DIESEL-27-09.pdf
2026-10-05 15:48:49 | INFO     | Combustiveis\PJ-NFE-49279-CAMPO DIESEL-27-09.pdf | inicio de extracao
2026-10-05 15:48:49 | INFO     | Combustiveis\PJ-NFE-49279-CAMPO DIESEL-27-09.pdf | origem=texto itens=695
2026-10-05 15:48:49 | INFO     | Combustiveis\PJ-NFE-49279-CAMPO DIESEL-27-09.pdf | chave=52230901859604000150550010000492791764340941 DV_valido=True
2026-10-05 15:48:49 | DEBUG    | campos: rotulo 'DADOS DO PRODUTO' nao encontrado
2026-10-05 15:48:49 | WARNING  | produtos: regiao de produtos invalida (e1=False e2=True ini_y=None fin_y=3075.4231770833335)
2026-10-05 15:48:49 | INFO     | produtos: extracao por conteudo (fallback) = 7 item(ns)
2026-10-05 15:48:49 | INFO     | Combustiveis\PJ-NFE-49279-CAMPO DIESEL-27-09.pdf | extracao COMPLETA
2026-10-05 15:48:49 | INFO     | Combustiveis\PJ-NFE-49279-CAMPO DIESEL-27-09.pdf | produtos=7 status=completa
2026-10-05 15:48:49 | INFO     | pipeline | Combustiveis\PJ-NFE-49279-CAMPO DIESEL-27-09.pdf | chave 52230901859604000150550010000492791764340941 ATUALIZADA
2026-10-05 15:48:49 | INFO     | pipeline | [31/98] processando Combustiveis\PJ-NFE-49509-CAMPO DIESEL-13-10.pdf
2026-10-05 15:48:49 | INFO     | Combustiveis\PJ-NFE-49509-CAMPO DIESEL-13-10.pdf | inicio de extracao
2026-10-05 15:48:49 | INFO     | Combustiveis\PJ-NFE-49509-CAMPO DIESEL-13-10.pdf | origem=texto itens=673
2026-10-05 15:48:49 | INFO     | Combustiveis\PJ-NFE-49509-CAMPO DIESEL-13-10.pdf | chave=01152230901859604000150550010000495091358519 DV_valido=True
2026-10-05 15:48:49 | DEBUG    | campos: rotulo 'DADOS DO PRODUTO' nao encontrado
2026-10-05 15:48:49 | WARNING  | produtos: regiao de produtos invalida (e1=False e2=True ini_y=None fin_y=3075.4231770833335)
2026-10-05 15:48:49 | INFO     | produtos: extracao por conteudo (fallback) = 6 item(ns)
2026-10-05 15:48:49 | INFO     | Combustiveis\PJ-NFE-49509-CAMPO DIESEL-13-10.pdf | extracao COMPLETA
2026-10-05 15:48:49 | INFO     | Combustiveis\PJ-NFE-49509-CAMPO DIESEL-13-10.pdf | produtos=6 status=completa
2026-10-05 15:48:49 | INFO     | pipeline | Combustiveis\PJ-NFE-49509-CAMPO DIESEL-13-10.pdf | chave 01152230901859604000150550010000495091358519 ATUALIZADA
2026-10-05 15:48:49 | INFO     | pipeline | [32/98] processando Combustiveis\PJ-NFE-49511-CAMPO DIESEL-13-10.pdf
2026-10-05 15:48:49 | INFO     | Combustiveis\PJ-NFE-49511-CAMPO DIESEL-13-10.pdf | inicio de extracao
2026-10-05 15:48:49 | INFO     | Combustiveis\PJ-NFE-49511-CAMPO DIESEL-13-10.pdf | origem=texto itens=661
2026-10-05 15:48:49 | INFO     | Combustiveis\PJ-NFE-49511-CAMPO DIESEL-13-10.pdf | chave=52230901859604000150550010000495111392992276 DV_valido=True
2026-10-05 15:48:49 | DEBUG    | campos: rotulo 'DADOS DO PRODUTO' nao encontrado
2026-10-05 15:48:49 | WARNING  | produtos: regiao de produtos invalida (e1=False e2=True ini_y=None fin_y=3075.4231770833335)
2026-10-05 15:48:49 | INFO     | produtos: extracao por conteudo (fallback) = 6 item(ns)
2026-10-05 15:48:49 | INFO     | Combustiveis\PJ-NFE-49511-CAMPO DIESEL-13-10.pdf | extracao COMPLETA
2026-10-05 15:48:49 | INFO     | Combustiveis\PJ-NFE-49511-CAMPO DIESEL-13-10.pdf | produtos=6 status=completa
2026-10-05 15:48:49 | INFO     | pipeline | Combustiveis\PJ-NFE-49511-CAMPO DIESEL-13-10.pdf | chave 52230901859604000150550010000495111392992276 ATUALIZADA
2026-10-05 15:48:49 | INFO     | pipeline | [33/98] processando Combustiveis\PJ-NFE-49911-CAMPO DIESEL-06-11.pdf
2026-10-05 15:48:49 | INFO     | Combustiveis\PJ-NFE-49911-CAMPO DIESEL-06-11.pdf | inicio de extracao
2026-10-05 15:48:49 | INFO     | Combustiveis\PJ-NFE-49911-CAMPO DIESEL-06-11.pdf | origem=texto itens=680
2026-10-05 15:48:49 | INFO     | Combustiveis\PJ-NFE-49911-CAMPO DIESEL-06-11.pdf | chave=52231001859604000150550010000499111112624362 DV_valido=True
2026-10-05 15:48:49 | DEBUG    | campos: rotulo 'DADOS DO PRODUTO' nao encontrado
2026-10-05 15:48:49 | WARNING  | produtos: regiao de produtos invalida (e1=False e2=True ini_y=None fin_y=3075.4231770833335)
2026-10-05 15:48:49 | INFO     | produtos: extracao por conteudo (fallback) = 6 item(ns)
2026-10-05 15:48:49 | INFO     | Combustiveis\PJ-NFE-49911-CAMPO DIESEL-06-11.pdf | extracao COMPLETA
2026-10-05 15:48:49 | INFO     | Combustiveis\PJ-NFE-49911-CAMPO DIESEL-06-11.pdf | produtos=6 status=completa
2026-10-05 15:48:49 | INFO     | pipeline | Combustiveis\PJ-NFE-49911-CAMPO DIESEL-06-11.pdf | chave 52231001859604000150550010000499111112624362 ATUALIZADA
2026-10-05 15:48:49 | INFO     | pipeline | [34/98] processando Combustiveis\PJ-NFE-50288-CAMPO DIESEL-07-12.pdf
2026-10-05 15:48:49 | INFO     | Combustiveis\PJ-NFE-50288-CAMPO DIESEL-07-12.pdf | inicio de extracao
2026-10-05 15:48:49 | INFO     | Combustiveis\PJ-NFE-50288-CAMPO DIESEL-07-12.pdf | origem=texto itens=658
2026-10-05 15:48:49 | INFO     | Combustiveis\PJ-NFE-50288-CAMPO DIESEL-07-12.pdf | chave=52231101859604000150550010000502881815304977 DV_valido=True
2026-10-05 15:48:49 | DEBUG    | campos: rotulo 'DADOS DO PRODUTO' nao encontrado
2026-10-05 15:48:49 | WARNING  | produtos: regiao de produtos invalida (e1=False e2=True ini_y=None fin_y=3075.4231770833335)
2026-10-05 15:48:49 | INFO     | produtos: extracao por conteudo (fallback) = 6 item(ns)
2026-10-05 15:48:49 | INFO     | Combustiveis\PJ-NFE-50288-CAMPO DIESEL-07-12.pdf | extracao COMPLETA
2026-10-05 15:48:49 | INFO     | Combustiveis\PJ-NFE-50288-CAMPO DIESEL-07-12.pdf | produtos=6 status=completa
2026-10-05 15:48:49 | INFO     | pipeline | Combustiveis\PJ-NFE-50288-CAMPO DIESEL-07-12.pdf | chave 52231101859604000150550010000502881815304977 ATUALIZADA
2026-10-05 15:48:49 | INFO     | pipeline | [35/98] processando Combustiveis\PJ-NFE-50394-CAMPO DIESEL-19-12.pdf
2026-10-05 15:48:49 | INFO     | Combustiveis\PJ-NFE-50394-CAMPO DIESEL-19-12.pdf | inicio de extracao
2026-10-05 15:48:49 | INFO     | Combustiveis\PJ-NFE-50394-CAMPO DIESEL-19-12.pdf | origem=texto itens=689
2026-10-05 15:48:49 | INFO     | Combustiveis\PJ-NFE-50394-CAMPO DIESEL-19-12.pdf | chave=52231201859604000150550010000503941192948739 DV_valido=True
2026-10-05 15:48:49 | DEBUG    | campos: rotulo 'DADOS DO PRODUTO' nao encontrado
2026-10-05 15:48:49 | WARNING  | produtos: regiao de produtos invalida (e1=False e2=True ini_y=None fin_y=3075.4231770833335)
2026-10-05 15:48:49 | INFO     | produtos: extracao por conteudo (fallback) = 6 item(ns)
2026-10-05 15:48:49 | INFO     | Combustiveis\PJ-NFE-50394-CAMPO DIESEL-19-12.pdf | extracao COMPLETA
2026-10-05 15:48:49 | INFO     | Combustiveis\PJ-NFE-50394-CAMPO DIESEL-19-12.pdf | produtos=6 status=completa
2026-10-05 15:48:49 | INFO     | pipeline | Combustiveis\PJ-NFE-50394-CAMPO DIESEL-19-12.pdf | chave 52231201859604000150550010000503941192948739 ATUALIZADA
2026-10-05 15:48:49 | INFO     | pipeline | [36/98] processando Combustiveis\PJ-NFE-50395-CAMPO DIESEL-19-12.pdf
2026-10-05 15:48:49 | INFO     | Combustiveis\PJ-NFE-50395-CAMPO DIESEL-19-12.pdf | inicio de extracao
2026-10-05 15:48:49 | INFO     | Combustiveis\PJ-NFE-50395-CAMPO DIESEL-19-12.pdf | origem=texto itens=677
2026-10-05 15:48:49 | INFO     | Combustiveis\PJ-NFE-50395-CAMPO DIESEL-19-12.pdf | chave=01152231201859604000150550010000503951507809 DV_valido=True
2026-10-05 15:48:49 | DEBUG    | campos: rotulo 'DADOS DO PRODUTO' nao encontrado
2026-10-05 15:48:49 | WARNING  | produtos: regiao de produtos invalida (e1=False e2=True ini_y=None fin_y=3075.4231770833335)
2026-10-05 15:48:49 | INFO     | produtos: extracao por conteudo (fallback) = 6 item(ns)
2026-10-05 15:48:49 | INFO     | Combustiveis\PJ-NFE-50395-CAMPO DIESEL-19-12.pdf | extracao COMPLETA
2026-10-05 15:48:49 | INFO     | Combustiveis\PJ-NFE-50395-CAMPO DIESEL-19-12.pdf | produtos=6 status=completa
2026-10-05 15:48:49 | INFO     | pipeline | Combustiveis\PJ-NFE-50395-CAMPO DIESEL-19-12.pdf | chave 01152231201859604000150550010000503951507809 ATUALIZADA
2026-10-05 15:48:49 | INFO     | pipeline | [37/98] processando Combustiveis\PJ-NFE-50457-CAMPO DIESEL-27-12.pdf
2026-10-05 15:48:49 | INFO     | Combustiveis\PJ-NFE-50457-CAMPO DIESEL-27-12.pdf | inicio de extracao
2026-10-05 15:48:49 | INFO     | Combustiveis\PJ-NFE-50457-CAMPO DIESEL-27-12.pdf | origem=texto itens=661
2026-10-05 15:48:49 | INFO     | Combustiveis\PJ-NFE-50457-CAMPO DIESEL-27-12.pdf | chave=52231201859604000150550010000504571129981564 DV_valido=True
2026-10-05 15:48:50 | DEBUG    | campos: rotulo 'DADOS DO PRODUTO' nao encontrado
2026-10-05 15:48:50 | WARNING  | produtos: regiao de produtos invalida (e1=False e2=True ini_y=None fin_y=3075.4231770833335)
2026-10-05 15:48:50 | INFO     | produtos: extracao por conteudo (fallback) = 6 item(ns)
2026-10-05 15:48:50 | INFO     | Combustiveis\PJ-NFE-50457-CAMPO DIESEL-27-12.pdf | extracao COMPLETA
2026-10-05 15:48:50 | INFO     | Combustiveis\PJ-NFE-50457-CAMPO DIESEL-27-12.pdf | produtos=6 status=completa
2026-10-05 15:48:50 | INFO     | pipeline | Combustiveis\PJ-NFE-50457-CAMPO DIESEL-27-12.pdf | chave 52231201859604000150550010000504571129981564 ATUALIZADA
2026-10-05 15:48:50 | INFO     | pipeline | [38/98] processando Combustiveis\PJ-NFE-50633-CAMPO DIESEL-17-01-2024.pdf
2026-10-05 15:48:50 | INFO     | Combustiveis\PJ-NFE-50633-CAMPO DIESEL-17-01-2024.pdf | inicio de extracao
2026-10-05 15:48:50 | INFO     | Combustiveis\PJ-NFE-50633-CAMPO DIESEL-17-01-2024.pdf | origem=texto itens=680
2026-10-05 15:48:50 | INFO     | Combustiveis\PJ-NFE-50633-CAMPO DIESEL-17-01-2024.pdf | chave=52240101859604000150550010000506331242718924 DV_valido=True
2026-10-05 15:48:50 | DEBUG    | campos: rotulo 'DADOS DO PRODUTO' nao encontrado
2026-10-05 15:48:50 | WARNING  | produtos: regiao de produtos invalida (e1=False e2=True ini_y=None fin_y=3073.750940958659)
2026-10-05 15:48:50 | INFO     | produtos: extracao por conteudo (fallback) = 6 item(ns)
2026-10-05 15:48:50 | INFO     | Combustiveis\PJ-NFE-50633-CAMPO DIESEL-17-01-2024.pdf | extracao COMPLETA
2026-10-05 15:48:50 | INFO     | Combustiveis\PJ-NFE-50633-CAMPO DIESEL-17-01-2024.pdf | produtos=6 status=completa
2026-10-05 15:48:50 | INFO     | pipeline | Combustiveis\PJ-NFE-50633-CAMPO DIESEL-17-01-2024.pdf | chave 52240101859604000150550010000506331242718924 ATUALIZADA
2026-10-05 15:48:50 | INFO     | pipeline | [39/98] processando Combustiveis\PJ-NFE-50843-CAMPO DIESEL-02-02.pdf
2026-10-05 15:48:50 | INFO     | Combustiveis\PJ-NFE-50843-CAMPO DIESEL-02-02.pdf | inicio de extracao
2026-10-05 15:48:50 | INFO     | Combustiveis\PJ-NFE-50843-CAMPO DIESEL-02-02.pdf | origem=texto itens=455
2026-10-05 15:48:50 | INFO     | Combustiveis\PJ-NFE-50843-CAMPO DIESEL-02-02.pdf | chave=52240101859604000150550010000508431683343946 DV_valido=True
2026-10-05 15:48:50 | DEBUG    | campos: rotulo 'DADOS DO PRODUTO' nao encontrado
2026-10-05 15:48:50 | WARNING  | produtos: regiao de produtos invalida (e1=False e2=True ini_y=None fin_y=3073.6977895100913)
2026-10-05 15:48:50 | INFO     | produtos: extracao por conteudo (fallback) = 5 item(ns)
2026-10-05 15:48:50 | INFO     | Combustiveis\PJ-NFE-50843-CAMPO DIESEL-02-02.pdf | extracao COMPLETA
2026-10-05 15:48:50 | INFO     | Combustiveis\PJ-NFE-50843-CAMPO DIESEL-02-02.pdf | produtos=5 status=completa
2026-10-05 15:48:50 | INFO     | pipeline | Combustiveis\PJ-NFE-50843-CAMPO DIESEL-02-02.pdf | chave 52240101859604000150550010000508431683343946 ATUALIZADA
2026-10-05 15:48:50 | INFO     | pipeline | [40/98] processando Combustiveis\PJ-NFE-51071-CAMPO DIESEL-09-02.pdf
2026-10-05 15:48:50 | INFO     | Combustiveis\PJ-NFE-51071-CAMPO DIESEL-09-02.pdf | inicio de extracao
2026-10-05 15:48:50 | INFO     | Combustiveis\PJ-NFE-51071-CAMPO DIESEL-09-02.pdf | origem=texto itens=680
2026-10-05 15:48:50 | INFO     | Combustiveis\PJ-NFE-51071-CAMPO DIESEL-09-02.pdf | chave=52240101859604000150550010000510711841811738 DV_valido=True
2026-10-05 15:48:50 | DEBUG    | campos: rotulo 'DADOS DO PRODUTO' nao encontrado
2026-10-05 15:48:50 | WARNING  | produtos: regiao de produtos invalida (e1=False e2=True ini_y=None fin_y=3073.750940958659)
2026-10-05 15:48:50 | INFO     | produtos: extracao por conteudo (fallback) = 6 item(ns)
2026-10-05 15:48:50 | INFO     | Combustiveis\PJ-NFE-51071-CAMPO DIESEL-09-02.pdf | extracao COMPLETA
2026-10-05 15:48:50 | INFO     | Combustiveis\PJ-NFE-51071-CAMPO DIESEL-09-02.pdf | produtos=6 status=completa
2026-10-05 15:48:50 | INFO     | pipeline | Combustiveis\PJ-NFE-51071-CAMPO DIESEL-09-02.pdf | chave 52240101859604000150550010000510711841811738 ATUALIZADA
2026-10-05 15:48:50 | INFO     | pipeline | [41/98] processando Combustiveis\PJ-NFE-51073-CAMPO DIESEL-09-02.pdf
2026-10-05 15:48:50 | INFO     | Combustiveis\PJ-NFE-51073-CAMPO DIESEL-09-02.pdf | inicio de extracao
2026-10-05 15:48:50 | INFO     | Combustiveis\PJ-NFE-51073-CAMPO DIESEL-09-02.pdf | origem=texto itens=692
2026-10-05 15:48:50 | INFO     | Combustiveis\PJ-NFE-51073-CAMPO DIESEL-09-02.pdf | chave=52240101859604000150550010000510731573138477 DV_valido=True
2026-10-05 15:48:50 | DEBUG    | campos: rotulo 'DADOS DO PRODUTO' nao encontrado
2026-10-05 15:48:50 | WARNING  | produtos: regiao de produtos invalida (e1=False e2=True ini_y=None fin_y=3073.750940958659)
2026-10-05 15:48:50 | INFO     | produtos: extracao por conteudo (fallback) = 6 item(ns)
2026-10-05 15:48:50 | INFO     | Combustiveis\PJ-NFE-51073-CAMPO DIESEL-09-02.pdf | extracao COMPLETA
2026-10-05 15:48:50 | INFO     | Combustiveis\PJ-NFE-51073-CAMPO DIESEL-09-02.pdf | produtos=6 status=completa
2026-10-05 15:48:50 | INFO     | pipeline | Combustiveis\PJ-NFE-51073-CAMPO DIESEL-09-02.pdf | chave 52240101859604000150550010000510731573138477 ATUALIZADA
2026-10-05 15:48:50 | INFO     | pipeline | [42/98] processando Combustiveis\PJ-NFE-51349-CAMPO DIESEL-19-02.pdf
2026-10-05 15:48:50 | INFO     | Combustiveis\PJ-NFE-51349-CAMPO DIESEL-19-02.pdf | inicio de extracao
2026-10-05 15:48:50 | INFO     | Combustiveis\PJ-NFE-51349-CAMPO DIESEL-19-02.pdf | origem=texto itens=680
2026-10-05 15:48:50 | INFO     | Combustiveis\PJ-NFE-51349-CAMPO DIESEL-19-02.pdf | chave=52240201859604000150550010000513491144116867 DV_valido=True
2026-10-05 15:48:50 | DEBUG    | campos: rotulo 'DADOS DO PRODUTO' nao encontrado
2026-10-05 15:48:50 | WARNING  | produtos: regiao de produtos invalida (e1=False e2=True ini_y=None fin_y=3073.750940958659)
2026-10-05 15:48:50 | INFO     | produtos: extracao por conteudo (fallback) = 6 item(ns)
2026-10-05 15:48:50 | INFO     | Combustiveis\PJ-NFE-51349-CAMPO DIESEL-19-02.pdf | extracao COMPLETA
2026-10-05 15:48:50 | INFO     | Combustiveis\PJ-NFE-51349-CAMPO DIESEL-19-02.pdf | produtos=6 status=completa
2026-10-05 15:48:50 | INFO     | pipeline | Combustiveis\PJ-NFE-51349-CAMPO DIESEL-19-02.pdf | chave 52240201859604000150550010000513491144116867 ATUALIZADA
2026-10-05 15:48:50 | INFO     | pipeline | [43/98] processando Combustiveis\PJ-NFE-51633-CAMPO DIESEL-26-02.pdf
2026-10-05 15:48:50 | INFO     | Combustiveis\PJ-NFE-51633-CAMPO DIESEL-26-02.pdf | inicio de extracao
2026-10-05 15:48:50 | INFO     | Combustiveis\PJ-NFE-51633-CAMPO DIESEL-26-02.pdf | origem=texto itens=673
2026-10-05 15:48:50 | INFO     | Combustiveis\PJ-NFE-51633-CAMPO DIESEL-26-02.pdf | chave=52240201859604000150550010000516331100020283 DV_valido=True
2026-10-05 15:48:50 | DEBUG    | campos: rotulo 'DADOS DO PRODUTO' nao encontrado
2026-10-05 15:48:50 | WARNING  | produtos: regiao de produtos invalida (e1=False e2=True ini_y=None fin_y=3073.750940958659)
2026-10-05 15:48:50 | INFO     | produtos: extracao por conteudo (fallback) = 6 item(ns)
2026-10-05 15:48:50 | INFO     | Combustiveis\PJ-NFE-51633-CAMPO DIESEL-26-02.pdf | extracao COMPLETA
2026-10-05 15:48:50 | INFO     | Combustiveis\PJ-NFE-51633-CAMPO DIESEL-26-02.pdf | produtos=6 status=completa
2026-10-05 15:48:50 | INFO     | pipeline | Combustiveis\PJ-NFE-51633-CAMPO DIESEL-26-02.pdf | chave 52240201859604000150550010000516331100020283 ATUALIZADA
2026-10-05 15:48:50 | INFO     | pipeline | [44/98] processando Combustiveis\PJ-NFE-51634-CAMPO DIESEL-26-02.pdf
2026-10-05 15:48:50 | INFO     | Combustiveis\PJ-NFE-51634-CAMPO DIESEL-26-02.pdf | inicio de extracao
2026-10-05 15:48:50 | INFO     | Combustiveis\PJ-NFE-51634-CAMPO DIESEL-26-02.pdf | origem=texto itens=661
2026-10-05 15:48:50 | INFO     | Combustiveis\PJ-NFE-51634-CAMPO DIESEL-26-02.pdf | chave=11522402018596040001505500100005163415495622 DV_valido=True
2026-10-05 15:48:50 | DEBUG    | campos: rotulo 'DADOS DO PRODUTO' nao encontrado
2026-10-05 15:48:50 | WARNING  | produtos: regiao de produtos invalida (e1=False e2=True ini_y=None fin_y=3073.750940958659)
2026-10-05 15:48:50 | INFO     | produtos: extracao por conteudo (fallback) = 6 item(ns)
2026-10-05 15:48:50 | INFO     | Combustiveis\PJ-NFE-51634-CAMPO DIESEL-26-02.pdf | extracao COMPLETA
2026-10-05 15:48:50 | INFO     | Combustiveis\PJ-NFE-51634-CAMPO DIESEL-26-02.pdf | produtos=6 status=completa
2026-10-05 15:48:50 | INFO     | pipeline | Combustiveis\PJ-NFE-51634-CAMPO DIESEL-26-02.pdf | chave 11522402018596040001505500100005163415495622 ATUALIZADA
2026-10-05 15:48:50 | INFO     | pipeline | [45/98] processando Combustiveis\PJ-NFE-52004-CAMPO DIESEL-18-03.pdf
2026-10-05 15:48:50 | INFO     | Combustiveis\PJ-NFE-52004-CAMPO DIESEL-18-03.pdf | inicio de extracao
2026-10-05 15:48:50 | INFO     | Combustiveis\PJ-NFE-52004-CAMPO DIESEL-18-03.pdf | origem=texto itens=692
2026-10-05 15:48:50 | INFO     | Combustiveis\PJ-NFE-52004-CAMPO DIESEL-18-03.pdf | chave=52240301859604000150550010000520041607310980 DV_valido=True
2026-10-05 15:48:50 | DEBUG    | campos: rotulo 'DADOS DO PRODUTO' nao encontrado
2026-10-05 15:48:50 | WARNING  | produtos: regiao de produtos invalida (e1=False e2=True ini_y=None fin_y=3073.750940958659)
2026-10-05 15:48:50 | INFO     | produtos: extracao por conteudo (fallback) = 6 item(ns)
2026-10-05 15:48:50 | INFO     | Combustiveis\PJ-NFE-52004-CAMPO DIESEL-18-03.pdf | extracao COMPLETA
2026-10-05 15:48:50 | INFO     | Combustiveis\PJ-NFE-52004-CAMPO DIESEL-18-03.pdf | produtos=6 status=completa
2026-10-05 15:48:50 | INFO     | pipeline | Combustiveis\PJ-NFE-52004-CAMPO DIESEL-18-03.pdf | chave 52240301859604000150550010000520041607310980 ATUALIZADA
2026-10-05 15:48:50 | INFO     | pipeline | [46/98] processando Combustiveis\PJ-NFE-52005-CAMPO DIESEL-18-03.pdf
2026-10-05 15:48:50 | INFO     | Combustiveis\PJ-NFE-52005-CAMPO DIESEL-18-03.pdf | inicio de extracao
2026-10-05 15:48:50 | INFO     | Combustiveis\PJ-NFE-52005-CAMPO DIESEL-18-03.pdf | origem=texto itens=680
2026-10-05 15:48:50 | INFO     | Combustiveis\PJ-NFE-52005-CAMPO DIESEL-18-03.pdf | chave=52240301859604000150550010000520051240473826 DV_valido=True
2026-10-05 15:48:50 | DEBUG    | campos: rotulo 'DADOS DO PRODUTO' nao encontrado
2026-10-05 15:48:50 | WARNING  | produtos: regiao de produtos invalida (e1=False e2=True ini_y=None fin_y=3073.750940958659)
2026-10-05 15:48:50 | INFO     | produtos: extracao por conteudo (fallback) = 6 item(ns)
2026-10-05 15:48:50 | INFO     | Combustiveis\PJ-NFE-52005-CAMPO DIESEL-18-03.pdf | extracao COMPLETA
2026-10-05 15:48:50 | INFO     | Combustiveis\PJ-NFE-52005-CAMPO DIESEL-18-03.pdf | produtos=6 status=completa
2026-10-05 15:48:50 | INFO     | pipeline | Combustiveis\PJ-NFE-52005-CAMPO DIESEL-18-03.pdf | chave 52240301859604000150550010000520051240473826 ATUALIZADA
2026-10-05 15:48:50 | INFO     | pipeline | [47/98] processando Combustiveis\PJ-NFE-52337-CAMPO DIESEL-09-04.pdf
2026-10-05 15:48:50 | INFO     | Combustiveis\PJ-NFE-52337-CAMPO DIESEL-09-04.pdf | inicio de extracao
2026-10-05 15:48:50 | INFO     | Combustiveis\PJ-NFE-52337-CAMPO DIESEL-09-04.pdf | origem=texto itens=692
2026-10-05 15:48:50 | INFO     | Combustiveis\PJ-NFE-52337-CAMPO DIESEL-09-04.pdf | chave=52240301859604000150550010000523371890036080 DV_valido=True
2026-10-05 15:48:51 | DEBUG    | campos: rotulo 'DADOS DO PRODUTO' nao encontrado
2026-10-05 15:48:51 | WARNING  | produtos: regiao de produtos invalida (e1=False e2=True ini_y=None fin_y=3073.750940958659)
2026-10-05 15:48:51 | INFO     | produtos: extracao por conteudo (fallback) = 6 item(ns)
2026-10-05 15:48:51 | INFO     | Combustiveis\PJ-NFE-52337-CAMPO DIESEL-09-04.pdf | extracao COMPLETA
2026-10-05 15:48:51 | INFO     | Combustiveis\PJ-NFE-52337-CAMPO DIESEL-09-04.pdf | produtos=6 status=completa
2026-10-05 15:48:51 | INFO     | pipeline | Combustiveis\PJ-NFE-52337-CAMPO DIESEL-09-04.pdf | chave 52240301859604000150550010000523371890036080 ATUALIZADA
2026-10-05 15:48:51 | INFO     | pipeline | [48/98] processando Combustiveis\PJ-NFE-52338-CAMPO DIESEL-09-04.pdf
2026-10-05 15:48:51 | INFO     | Combustiveis\PJ-NFE-52338-CAMPO DIESEL-09-04.pdf | inicio de extracao
2026-10-05 15:48:51 | INFO     | Combustiveis\PJ-NFE-52338-CAMPO DIESEL-09-04.pdf | origem=texto itens=661
2026-10-05 15:48:51 | INFO     | Combustiveis\PJ-NFE-52338-CAMPO DIESEL-09-04.pdf | chave=52240301859604000150550010000523381243682407 DV_valido=True
2026-10-05 15:48:51 | DEBUG    | campos: rotulo 'DADOS DO PRODUTO' nao encontrado
2026-10-05 15:48:51 | WARNING  | produtos: regiao de produtos invalida (e1=False e2=True ini_y=None fin_y=3073.750940958659)
2026-10-05 15:48:51 | INFO     | produtos: extracao por conteudo (fallback) = 6 item(ns)
2026-10-05 15:48:51 | INFO     | Combustiveis\PJ-NFE-52338-CAMPO DIESEL-09-04.pdf | extracao COMPLETA
2026-10-05 15:48:51 | INFO     | Combustiveis\PJ-NFE-52338-CAMPO DIESEL-09-04.pdf | produtos=6 status=completa
2026-10-05 15:48:51 | INFO     | pipeline | Combustiveis\PJ-NFE-52338-CAMPO DIESEL-09-04.pdf | chave 52240301859604000150550010000523381243682407 ATUALIZADA
2026-10-05 15:48:51 | INFO     | pipeline | [49/98] processando Combustiveis\PJ-NFE-52519-CAMPO DIESEL-25-04.pdf
2026-10-05 15:48:51 | INFO     | Combustiveis\PJ-NFE-52519-CAMPO DIESEL-25-04.pdf | inicio de extracao
2026-10-05 15:48:51 | INFO     | Combustiveis\PJ-NFE-52519-CAMPO DIESEL-25-04.pdf | origem=texto itens=349
2026-10-05 15:48:51 | INFO     | Combustiveis\PJ-NFE-52519-CAMPO DIESEL-25-04.pdf | chave=73419157007000070602059994342000299699000226 DV_valido=True
2026-10-05 15:48:51 | DEBUG    | campos: rotulo 'DADOS DO PRODUTO' nao encontrado
2026-10-05 15:48:51 | DEBUG    | campos: rotulo 'DADOS ADICIONAIS' nao encontrado
2026-10-05 15:48:51 | WARNING  | produtos: regiao de produtos invalida (e1=False e2=False ini_y=None fin_y=None)
2026-10-05 15:48:51 | INFO     | produtos: extracao por conteudo (fallback) = 9 item(ns)
2026-10-05 15:48:51 | WARNING  | Combustiveis\PJ-NFE-52519-CAMPO DIESEL-25-04.pdf | extracao PARCIAL -> campos nucleares ausentes: data_emissao, valor_da_nota, serie, emitente.razao_social, destinatario.nome
2026-10-05 15:48:51 | INFO     | Combustiveis\PJ-NFE-52519-CAMPO DIESEL-25-04.pdf | produtos=9 status=parcial
2026-10-05 15:48:51 | INFO     | pipeline | Combustiveis\PJ-NFE-52519-CAMPO DIESEL-25-04.pdf | chave 73419157007000070602059994342000299699000226 ATUALIZADA
2026-10-05 15:48:51 | INFO     | pipeline | [50/98] processando Combustiveis\PJ-NFE-52715-CAMPO DIESEL-13-05.pdf
2026-10-05 15:48:51 | INFO     | Combustiveis\PJ-NFE-52715-CAMPO DIESEL-13-05.pdf | inicio de extracao
2026-10-05 15:48:51 | INFO     | Combustiveis\PJ-NFE-52715-CAMPO DIESEL-13-05.pdf | origem=texto itens=850
2026-10-05 15:48:51 | INFO     | Combustiveis\PJ-NFE-52715-CAMPO DIESEL-13-05.pdf | chave=52240401859604000150550010000527151000004129 DV_valido=True
2026-10-05 15:48:51 | WARNING  | produtos: cabecalho da tabela NAO encontrado (regiao y=1966..2815 p1, itens=66)
2026-10-05 15:48:51 | INFO     | produtos: cabecalho detectado pelo criterio '4. CODIGO somente (fallback final)'
2026-10-05 15:48:51 | INFO     | produtos: colunas mapeadas (4): ['codigo', 'quantidade', 'valor_total', 'desconto']
2026-10-05 15:48:51 | INFO     | produtos: 0 item(ns) extraido(s)
2026-10-05 15:48:51 | INFO     | produtos: total combinado (paginas) = 0
2026-10-05 15:48:51 | INFO     | produtos: extracao por conteudo (fallback) = 4 item(ns)
2026-10-05 15:48:51 | WARNING  | Combustiveis\PJ-NFE-52715-CAMPO DIESEL-13-05.pdf | extracao PARCIAL -> campos nucleares ausentes: destinatario.cnpj_cpf
2026-10-05 15:48:51 | INFO     | Combustiveis\PJ-NFE-52715-CAMPO DIESEL-13-05.pdf | produtos=4 status=parcial
2026-10-05 15:48:51 | INFO     | pipeline | Combustiveis\PJ-NFE-52715-CAMPO DIESEL-13-05.pdf | chave 52240401859604000150550010000527151000004129 ATUALIZADA
2026-10-05 15:48:51 | INFO     | pipeline | [51/98] processando Combustiveis\PJ-NFE-52716-CAMPO DIESEL-13-05.pdf
2026-10-05 15:48:51 | INFO     | Combustiveis\PJ-NFE-52716-CAMPO DIESEL-13-05.pdf | inicio de extracao
2026-10-05 15:48:51 | INFO     | Combustiveis\PJ-NFE-52716-CAMPO DIESEL-13-05.pdf | origem=texto itens=851
2026-10-05 15:48:51 | INFO     | Combustiveis\PJ-NFE-52716-CAMPO DIESEL-13-05.pdf | chave=27165224040185960400015055001000052716100000 DV_valido=True
2026-10-05 15:48:51 | WARNING  | produtos: cabecalho da tabela NAO encontrado (regiao y=1966..2815 p1, itens=67)
2026-10-05 15:48:51 | INFO     | produtos: cabecalho detectado pelo criterio '4. CODIGO somente (fallback final)'
2026-10-05 15:48:51 | INFO     | produtos: colunas mapeadas (4): ['codigo', 'quantidade', 'valor_total', 'desconto']
2026-10-05 15:48:51 | INFO     | produtos: 0 item(ns) extraido(s)
2026-10-05 15:48:51 | INFO     | produtos: total combinado (paginas) = 0
2026-10-05 15:48:51 | INFO     | produtos: extracao por conteudo (fallback) = 4 item(ns)
2026-10-05 15:48:51 | WARNING  | Combustiveis\PJ-NFE-52716-CAMPO DIESEL-13-05.pdf | extracao PARCIAL -> campos nucleares ausentes: destinatario.cnpj_cpf
2026-10-05 15:48:51 | INFO     | Combustiveis\PJ-NFE-52716-CAMPO DIESEL-13-05.pdf | produtos=4 status=parcial
2026-10-05 15:48:51 | INFO     | pipeline | Combustiveis\PJ-NFE-52716-CAMPO DIESEL-13-05.pdf | chave 27165224040185960400015055001000052716100000 ATUALIZADA
2026-10-05 15:48:51 | INFO     | pipeline | [52/98] processando Combustiveis\PJ-NFE-52807-CAMPO DIESEL-27-05.pdf
2026-10-05 15:48:51 | INFO     | Combustiveis\PJ-NFE-52807-CAMPO DIESEL-27-05.pdf | inicio de extracao
2026-10-05 15:48:51 | INFO     | Combustiveis\PJ-NFE-52807-CAMPO DIESEL-27-05.pdf | origem=texto itens=843
2026-10-05 15:48:51 | INFO     | Combustiveis\PJ-NFE-52807-CAMPO DIESEL-27-05.pdf | chave=52240501859604000150550010000528071000005068 DV_valido=True
2026-10-05 15:48:51 | WARNING  | produtos: cabecalho da tabela NAO encontrado (regiao y=1966..2815 p1, itens=67)
2026-10-05 15:48:51 | INFO     | produtos: cabecalho detectado pelo criterio '4. CODIGO somente (fallback final)'
2026-10-05 15:48:51 | INFO     | produtos: colunas mapeadas (1): ['codigo']
2026-10-05 15:48:51 | INFO     | produtos: 0 item(ns) extraido(s)
2026-10-05 15:48:51 | INFO     | produtos: total combinado (paginas) = 0
2026-10-05 15:48:51 | INFO     | produtos: extracao por conteudo (fallback) = 3 item(ns)
2026-10-05 15:48:51 | WARNING  | Combustiveis\PJ-NFE-52807-CAMPO DIESEL-27-05.pdf | extracao PARCIAL -> campos nucleares ausentes: destinatario.cnpj_cpf
2026-10-05 15:48:51 | INFO     | Combustiveis\PJ-NFE-52807-CAMPO DIESEL-27-05.pdf | produtos=3 status=parcial
2026-10-05 15:48:51 | INFO     | pipeline | Combustiveis\PJ-NFE-52807-CAMPO DIESEL-27-05.pdf | chave 52240501859604000150550010000528071000005068 ATUALIZADA
2026-10-05 15:48:51 | INFO     | pipeline | [53/98] processando Combustiveis\PJ-NFE-52808-CAMPO DIESEL-27-05.pdf
2026-10-05 15:48:51 | INFO     | Combustiveis\PJ-NFE-52808-CAMPO DIESEL-27-05.pdf | inicio de extracao
2026-10-05 15:48:51 | INFO     | Combustiveis\PJ-NFE-52808-CAMPO DIESEL-27-05.pdf | origem=texto itens=461
2026-10-05 15:48:51 | INFO     | Combustiveis\PJ-NFE-52808-CAMPO DIESEL-27-05.pdf | chave=08522405018596040001505500100005280810000050 DV_valido=True
2026-10-05 15:48:51 | WARNING  | produtos: cabecalho da tabela NAO encontrado (regiao y=1966..2815 p1, itens=66)
2026-10-05 15:48:51 | INFO     | produtos: total combinado (paginas) = 0
2026-10-05 15:48:51 | INFO     | produtos: extracao por conteudo (fallback) = 2 item(ns)
2026-10-05 15:48:51 | WARNING  | Combustiveis\PJ-NFE-52808-CAMPO DIESEL-27-05.pdf | extracao PARCIAL -> campos nucleares ausentes: destinatario.cnpj_cpf
2026-10-05 15:48:51 | INFO     | Combustiveis\PJ-NFE-52808-CAMPO DIESEL-27-05.pdf | produtos=2 status=parcial
2026-10-05 15:48:51 | INFO     | pipeline | Combustiveis\PJ-NFE-52808-CAMPO DIESEL-27-05.pdf | chave 08522405018596040001505500100005280810000050 ATUALIZADA
2026-10-05 15:48:51 | INFO     | pipeline | [54/98] processando Combustiveis\PJ-NFE-52886-CAMPO DIESEL-09-06.pdf
2026-10-05 15:48:51 | INFO     | Combustiveis\PJ-NFE-52886-CAMPO DIESEL-09-06.pdf | inicio de extracao
2026-10-05 15:48:51 | INFO     | Combustiveis\PJ-NFE-52886-CAMPO DIESEL-09-06.pdf | origem=texto itens=850
2026-10-05 15:48:51 | INFO     | Combustiveis\PJ-NFE-52886-CAMPO DIESEL-09-06.pdf | chave=52240501859604000150550010000528861000005894 DV_valido=True
2026-10-05 15:48:51 | WARNING  | produtos: cabecalho da tabela NAO encontrado (regiao y=1966..2815 p1, itens=66)
2026-10-05 15:48:51 | INFO     | produtos: cabecalho detectado pelo criterio '4. CODIGO somente (fallback final)'
2026-10-05 15:48:51 | INFO     | produtos: colunas mapeadas (4): ['codigo', 'quantidade', 'valor_total', 'desconto']
2026-10-05 15:48:51 | INFO     | produtos: 0 item(ns) extraido(s)
2026-10-05 15:48:51 | INFO     | produtos: total combinado (paginas) = 0
2026-10-05 15:48:51 | INFO     | produtos: extracao por conteudo (fallback) = 4 item(ns)
2026-10-05 15:48:51 | WARNING  | Combustiveis\PJ-NFE-52886-CAMPO DIESEL-09-06.pdf | extracao PARCIAL -> campos nucleares ausentes: destinatario.cnpj_cpf
2026-10-05 15:48:51 | INFO     | Combustiveis\PJ-NFE-52886-CAMPO DIESEL-09-06.pdf | produtos=4 status=parcial
2026-10-05 15:48:51 | INFO     | pipeline | Combustiveis\PJ-NFE-52886-CAMPO DIESEL-09-06.pdf | chave 52240501859604000150550010000528861000005894 ATUALIZADA
2026-10-05 15:48:51 | INFO     | pipeline | [55/98] processando Combustiveis\PJ-NFE-52963-CAMPO DIESEL-17-06.pdf
2026-10-05 15:48:51 | INFO     | Combustiveis\PJ-NFE-52963-CAMPO DIESEL-17-06.pdf | inicio de extracao
2026-10-05 15:48:51 | INFO     | Combustiveis\PJ-NFE-52963-CAMPO DIESEL-17-06.pdf | origem=texto itens=850
2026-10-05 15:48:51 | INFO     | Combustiveis\PJ-NFE-52963-CAMPO DIESEL-17-06.pdf | chave=52963522406018596040001505500100005296310000 DV_valido=True
2026-10-05 15:48:51 | WARNING  | produtos: cabecalho da tabela NAO encontrado (regiao y=1966..2815 p1, itens=66)
2026-10-05 15:48:51 | INFO     | produtos: cabecalho detectado pelo criterio '4. CODIGO somente (fallback final)'
2026-10-05 15:48:51 | INFO     | produtos: colunas mapeadas (4): ['codigo', 'quantidade', 'valor_total', 'desconto']
2026-10-05 15:48:51 | INFO     | produtos: 0 item(ns) extraido(s)
2026-10-05 15:48:51 | INFO     | produtos: total combinado (paginas) = 0
2026-10-05 15:48:51 | INFO     | produtos: extracao por conteudo (fallback) = 4 item(ns)
2026-10-05 15:48:51 | WARNING  | Combustiveis\PJ-NFE-52963-CAMPO DIESEL-17-06.pdf | extracao PARCIAL -> campos nucleares ausentes: destinatario.cnpj_cpf
2026-10-05 15:48:51 | INFO     | Combustiveis\PJ-NFE-52963-CAMPO DIESEL-17-06.pdf | produtos=4 status=parcial
2026-10-05 15:48:51 | INFO     | pipeline | Combustiveis\PJ-NFE-52963-CAMPO DIESEL-17-06.pdf | chave 52963522406018596040001505500100005296310000 ATUALIZADA
2026-10-05 15:48:51 | INFO     | pipeline | [56/98] processando Combustiveis\PJ-NFE-53344-CAMPO DIESEL-08-07.pdf
2026-10-05 15:48:51 | INFO     | Combustiveis\PJ-NFE-53344-CAMPO DIESEL-08-07.pdf | inicio de extracao
2026-10-05 15:48:51 | INFO     | Combustiveis\PJ-NFE-53344-CAMPO DIESEL-08-07.pdf | origem=texto itens=879
2026-10-05 15:48:51 | INFO     | Combustiveis\PJ-NFE-53344-CAMPO DIESEL-08-07.pdf | chave=00053344522406018596040001505500100005334410 DV_valido=True
2026-10-05 15:48:51 | WARNING  | produtos: cabecalho da tabela NAO encontrado (regiao y=1966..2815 p1, itens=88)
2026-10-05 15:48:51 | INFO     | produtos: cabecalho detectado pelo criterio '4. CODIGO somente (fallback final)'
2026-10-05 15:48:51 | INFO     | produtos: colunas mapeadas (4): ['codigo', 'quantidade', 'valor_total', 'desconto']
2026-10-05 15:48:51 | INFO     | produtos: 0 item(ns) extraido(s)
2026-10-05 15:48:51 | INFO     | produtos: total combinado (paginas) = 0
2026-10-05 15:48:51 | INFO     | produtos: extracao por conteudo (fallback) = 5 item(ns)
2026-10-05 15:48:51 | WARNING  | Combustiveis\PJ-NFE-53344-CAMPO DIESEL-08-07.pdf | extracao PARCIAL -> campos nucleares ausentes: destinatario.cnpj_cpf
2026-10-05 15:48:51 | INFO     | Combustiveis\PJ-NFE-53344-CAMPO DIESEL-08-07.pdf | produtos=5 status=parcial
2026-10-05 15:48:51 | INFO     | pipeline | Combustiveis\PJ-NFE-53344-CAMPO DIESEL-08-07.pdf | chave 00053344522406018596040001505500100005334410 ATUALIZADA
2026-10-05 15:48:51 | INFO     | pipeline | [57/98] processando Combustiveis\PJ-NFE-53428-CAMPO DIESEL-15-07.pdf
2026-10-05 15:48:51 | INFO     | Combustiveis\PJ-NFE-53428-CAMPO DIESEL-15-07.pdf | inicio de extracao
2026-10-05 15:48:51 | INFO     | Combustiveis\PJ-NFE-53428-CAMPO DIESEL-15-07.pdf | origem=texto itens=885
2026-10-05 15:48:51 | INFO     | Combustiveis\PJ-NFE-53428-CAMPO DIESEL-15-07.pdf | chave=05342852240701859604000150550010000534281000 DV_valido=True
2026-10-05 15:48:51 | WARNING  | produtos: cabecalho da tabela NAO encontrado (regiao y=1966..2815 p1, itens=96)
2026-10-05 15:48:51 | INFO     | produtos: cabecalho detectado pelo criterio '4. CODIGO somente (fallback final)'
2026-10-05 15:48:51 | INFO     | produtos: colunas mapeadas (4): ['codigo', 'quantidade', 'valor_total', 'desconto']
2026-10-05 15:48:51 | INFO     | produtos: 0 item(ns) extraido(s)
2026-10-05 15:48:51 | INFO     | produtos: total combinado (paginas) = 0
2026-10-05 15:48:51 | INFO     | produtos: extracao por conteudo (fallback) = 5 item(ns)
2026-10-05 15:48:51 | WARNING  | Combustiveis\PJ-NFE-53428-CAMPO DIESEL-15-07.pdf | extracao PARCIAL -> campos nucleares ausentes: destinatario.cnpj_cpf
2026-10-05 15:48:51 | INFO     | Combustiveis\PJ-NFE-53428-CAMPO DIESEL-15-07.pdf | produtos=5 status=parcial
2026-10-05 15:48:51 | INFO     | pipeline | Combustiveis\PJ-NFE-53428-CAMPO DIESEL-15-07.pdf | chave 05342852240701859604000150550010000534281000 ATUALIZADA
2026-10-05 15:48:51 | INFO     | pipeline | [58/98] processando Combustiveis\PJ-NFE-53632-CAMPO DIESEL-27-07.pdf
2026-10-05 15:48:51 | INFO     | Combustiveis\PJ-NFE-53632-CAMPO DIESEL-27-07.pdf | inicio de extracao
2026-10-05 15:48:51 | INFO     | Combustiveis\PJ-NFE-53632-CAMPO DIESEL-27-07.pdf | origem=texto itens=937
2026-10-05 15:48:51 | INFO     | Combustiveis\PJ-NFE-53632-CAMPO DIESEL-27-07.pdf | chave=53632522407018596040001505500100005363210000 DV_valido=True
2026-10-05 15:48:51 | WARNING  | produtos: cabecalho da tabela NAO encontrado (regiao y=1966..2815 p1, itens=148)
2026-10-05 15:48:51 | INFO     | produtos: cabecalho detectado pelo criterio '4. CODIGO somente (fallback final)'
2026-10-05 15:48:51 | INFO     | produtos: colunas mapeadas (1): ['codigo']
2026-10-05 15:48:51 | INFO     | produtos: 0 item(ns) extraido(s)
2026-10-05 15:48:51 | INFO     | produtos: total combinado (paginas) = 0
2026-10-05 15:48:51 | INFO     | produtos: extracao por conteudo (fallback) = 6 item(ns)
2026-10-05 15:48:51 | WARNING  | Combustiveis\PJ-NFE-53632-CAMPO DIESEL-27-07.pdf | extracao PARCIAL -> campos nucleares ausentes: destinatario.cnpj_cpf
2026-10-05 15:48:51 | INFO     | Combustiveis\PJ-NFE-53632-CAMPO DIESEL-27-07.pdf | produtos=6 status=parcial
2026-10-05 15:48:51 | INFO     | pipeline | Combustiveis\PJ-NFE-53632-CAMPO DIESEL-27-07.pdf | chave 53632522407018596040001505500100005363210000 ATUALIZADA
2026-10-05 15:48:51 | INFO     | pipeline | [59/98] processando Combustiveis\PJ-NFE-53906-CAMPO DIESEL-12-08.pdf
2026-10-05 15:48:51 | INFO     | Combustiveis\PJ-NFE-53906-CAMPO DIESEL-12-08.pdf | inicio de extracao
2026-10-05 15:48:51 | INFO     | Combustiveis\PJ-NFE-53906-CAMPO DIESEL-12-08.pdf | origem=texto itens=886
2026-10-05 15:48:51 | INFO     | Combustiveis\PJ-NFE-53906-CAMPO DIESEL-12-08.pdf | chave=00053906522407018596040001505500100005390610 DV_valido=True
2026-10-05 15:48:51 | WARNING  | produtos: cabecalho da tabela NAO encontrado (regiao y=1966..2815 p1, itens=96)
2026-10-05 15:48:51 | INFO     | produtos: cabecalho detectado pelo criterio '4. CODIGO somente (fallback final)'
2026-10-05 15:48:51 | INFO     | produtos: colunas mapeadas (4): ['codigo', 'quantidade', 'valor_total', 'desconto']
2026-10-05 15:48:51 | INFO     | produtos: 0 item(ns) extraido(s)
2026-10-05 15:48:51 | INFO     | produtos: total combinado (paginas) = 0
2026-10-05 15:48:51 | INFO     | produtos: extracao por conteudo (fallback) = 5 item(ns)
2026-10-05 15:48:51 | WARNING  | Combustiveis\PJ-NFE-53906-CAMPO DIESEL-12-08.pdf | extracao PARCIAL -> campos nucleares ausentes: destinatario.cnpj_cpf
2026-10-05 15:48:51 | INFO     | Combustiveis\PJ-NFE-53906-CAMPO DIESEL-12-08.pdf | produtos=5 status=parcial
2026-10-05 15:48:51 | INFO     | pipeline | Combustiveis\PJ-NFE-53906-CAMPO DIESEL-12-08.pdf | chave 00053906522407018596040001505500100005390610 ATUALIZADA
2026-10-05 15:48:51 | INFO     | pipeline | [60/98] processando Combustiveis\PJ-NFE-53907-CAMPO DIESEL-12-08.pdf
2026-10-05 15:48:51 | INFO     | Combustiveis\PJ-NFE-53907-CAMPO DIESEL-12-08.pdf | inicio de extracao
2026-10-05 15:48:51 | INFO     | Combustiveis\PJ-NFE-53907-CAMPO DIESEL-12-08.pdf | origem=texto itens=887
2026-10-05 15:48:51 | INFO     | Combustiveis\PJ-NFE-53907-CAMPO DIESEL-12-08.pdf | chave=52240701859604000150550010000539071000016555 DV_valido=True
2026-10-05 15:48:51 | WARNING  | produtos: cabecalho da tabela NAO encontrado (regiao y=1966..2815 p1, itens=97)
2026-10-05 15:48:51 | INFO     | produtos: cabecalho detectado pelo criterio '4. CODIGO somente (fallback final)'
2026-10-05 15:48:51 | INFO     | produtos: colunas mapeadas (4): ['codigo', 'quantidade', 'valor_total', 'desconto']
2026-10-05 15:48:51 | INFO     | produtos: 0 item(ns) extraido(s)
2026-10-05 15:48:51 | INFO     | produtos: total combinado (paginas) = 0
2026-10-05 15:48:51 | INFO     | produtos: extracao por conteudo (fallback) = 5 item(ns)
2026-10-05 15:48:51 | WARNING  | Combustiveis\PJ-NFE-53907-CAMPO DIESEL-12-08.pdf | extracao PARCIAL -> campos nucleares ausentes: destinatario.cnpj_cpf
2026-10-05 15:48:51 | INFO     | Combustiveis\PJ-NFE-53907-CAMPO DIESEL-12-08.pdf | produtos=5 status=parcial
2026-10-05 15:48:51 | INFO     | pipeline | Combustiveis\PJ-NFE-53907-CAMPO DIESEL-12-08.pdf | chave 52240701859604000150550010000539071000016555 ATUALIZADA
2026-10-05 15:48:51 | INFO     | pipeline | [61/98] processando Combustiveis\PJ-NFE-68413-POSTO 5 ESTRELAS-22-08.pdf
2026-10-05 15:48:51 | INFO     | Combustiveis\PJ-NFE-68413-POSTO 5 ESTRELAS-22-08.pdf | inicio de extracao
2026-10-05 15:48:51 | INFO     | Combustiveis\PJ-NFE-68413-POSTO 5 ESTRELAS-22-08.pdf | origem=texto itens=415
2026-10-05 15:48:51 | INFO     | Combustiveis\PJ-NFE-68413-POSTO 5 ESTRELAS-22-08.pdf | chave=00011000068413522307027665530001855500100006 DV_valido=True
2026-10-05 15:48:51 | INFO     | produtos: cabecalho detectado pelo criterio '2. CODIGO+CFOP'
2026-10-05 15:48:51 | INFO     | produtos: colunas mapeadas (8): ['codigo', 'valor_total', 'descricao', 'ncm', 'quantidade', 'origem_cst', 'cfop', 'valor_unitario']
2026-10-05 15:48:51 | DEBUG    | produtos: novo item -> {'codigo': '00000000000720', 'descricao': 'GASOLINA C COMUM', 'ncm': '27101259', 'origem_cst': '060', 'cfop': '5.929 LT', 'quantidade': '190,940', 'valor_unitario': '5,590 1.067,36 0,00'}
2026-10-05 15:48:51 | DEBUG    | produtos: novo item -> {'codigo': '00000000000717', 'descricao': 'ETANOL HIDRATADO COMUM', 'ncm': '22071090', 'origem_cst': '060', 'cfop': '5.929 LT', 'quantidade': '106,772', 'valor_unitario': '3,890 415,34 0,00'}
2026-10-05 15:48:51 | INFO     | produtos: 2 item(ns) extraido(s)
2026-10-05 15:48:51 | INFO     | produtos: item 1 codigo=None descricao='GASOLINA C COMUM' ncm='27101259' und='LT' qtde=0.0 vlr_unit=5590 vlr_total=None
2026-10-05 15:48:51 | INFO     | produtos: item 2 codigo=None descricao='ETANOL HIDRATADO COMUM' ncm='22071090' und='LT' qtde=0.0 vlr_unit=3890 vlr_total=None
2026-10-05 15:48:51 | INFO     | produtos: total combinado (paginas) = 2
2026-10-05 15:48:51 | INFO     | produtos: extracao por conteudo (fallback) = 2 item(ns)
2026-10-05 15:48:51 | INFO     | peso_liquido ausente -> volume total em litros: 297.7120
2026-10-05 15:48:51 | INFO     | Combustiveis\PJ-NFE-68413-POSTO 5 ESTRELAS-22-08.pdf | extracao COMPLETA
2026-10-05 15:48:51 | INFO     | Combustiveis\PJ-NFE-68413-POSTO 5 ESTRELAS-22-08.pdf | produtos=2 status=completa
2026-10-05 15:48:51 | INFO     | pipeline | Combustiveis\PJ-NFE-68413-POSTO 5 ESTRELAS-22-08.pdf | chave 00011000068413522307027665530001855500100006 ATUALIZADA
2026-10-05 15:48:51 | INFO     | pipeline | [62/98] processando Combustiveis\PJ-NFE-68844-POSTO 5 ESTRELAS-30-08.pdf
2026-10-05 15:48:51 | INFO     | Combustiveis\PJ-NFE-68844-POSTO 5 ESTRELAS-30-08.pdf | inicio de extracao
2026-10-05 15:48:51 | INFO     | Combustiveis\PJ-NFE-68844-POSTO 5 ESTRELAS-30-08.pdf | origem=texto itens=412
2026-10-05 15:48:51 | INFO     | Combustiveis\PJ-NFE-68844-POSTO 5 ESTRELAS-30-08.pdf | chave=80000001100006884452230802766553000185550010 DV_valido=True
2026-10-05 15:48:51 | INFO     | produtos: cabecalho detectado pelo criterio '2. CODIGO+CFOP'
2026-10-05 15:48:51 | INFO     | produtos: colunas mapeadas (8): ['codigo', 'valor_total', 'descricao', 'ncm', 'quantidade', 'origem_cst', 'cfop', 'valor_unitario']
2026-10-05 15:48:51 | DEBUG    | produtos: novo item -> {'codigo': '00000000000720', 'descricao': 'GASOLINA C COMUM', 'ncm': '27101259', 'origem_cst': '060', 'cfop': '5.929 LT', 'quantidade': '56,362', 'valor_unitario': '5,590 315,06 0,00'}
2026-10-05 15:48:51 | DEBUG    | produtos: novo item -> {'codigo': '00000000000720', 'descricao': 'GASOLINA C COMUM', 'ncm': '27101259', 'origem_cst': '061', 'cfop': '5.929 LT', 'quantidade': '47,550', 'valor_unitario': '5,590 265,80 0,00'}
2026-10-05 15:48:51 | INFO     | produtos: 2 item(ns) extraido(s)
2026-10-05 15:48:51 | INFO     | produtos: item 1 codigo=None descricao='GASOLINA C COMUM' ncm='27101259' und='LT' qtde=0.0 vlr_unit=5590 vlr_total=None
2026-10-05 15:48:51 | INFO     | produtos: item 2 codigo=None descricao='GASOLINA C COMUM' ncm='27101259' und='LT' qtde=0.0 vlr_unit=5590 vlr_total=None
2026-10-05 15:48:51 | INFO     | produtos: total combinado (paginas) = 2
2026-10-05 15:48:51 | INFO     | produtos: extracao por conteudo (fallback) = 2 item(ns)
2026-10-05 15:48:51 | INFO     | peso_liquido ausente -> volume total em litros: 103.9120
2026-10-05 15:48:51 | INFO     | Combustiveis\PJ-NFE-68844-POSTO 5 ESTRELAS-30-08.pdf | extracao COMPLETA
2026-10-05 15:48:51 | INFO     | Combustiveis\PJ-NFE-68844-POSTO 5 ESTRELAS-30-08.pdf | produtos=2 status=completa
2026-10-05 15:48:51 | INFO     | pipeline | Combustiveis\PJ-NFE-68844-POSTO 5 ESTRELAS-30-08.pdf | chave 80000001100006884452230802766553000185550010 ATUALIZADA
2026-10-05 15:48:51 | INFO     | pipeline | [63/98] processando Combustiveis\PJ-NFE-69300-POSTO 5 ESTRELAS-11-09.pdf
2026-10-05 15:48:51 | INFO     | Combustiveis\PJ-NFE-69300-POSTO 5 ESTRELAS-11-09.pdf | inicio de extracao
2026-10-05 15:48:51 | INFO     | Combustiveis\PJ-NFE-69300-POSTO 5 ESTRELAS-11-09.pdf | origem=texto itens=412
2026-10-05 15:48:51 | INFO     | Combustiveis\PJ-NFE-69300-POSTO 5 ESTRELAS-11-09.pdf | chave=92975800000011000069300522308027665530001855 DV_valido=True
2026-10-05 15:48:51 | INFO     | produtos: cabecalho detectado pelo criterio '2. CODIGO+CFOP'
2026-10-05 15:48:51 | INFO     | produtos: colunas mapeadas (8): ['codigo', 'valor_total', 'descricao', 'ncm', 'quantidade', 'origem_cst', 'cfop', 'valor_unitario']
2026-10-05 15:48:51 | DEBUG    | produtos: novo item -> {'codigo': '00000000000720', 'descricao': 'GASOLINA C COMUM', 'ncm': '27101259', 'origem_cst': '061', 'cfop': '5.929 LT', 'quantidade': '45,945', 'valor_unitario': '5,940 272,91 0,00'}
2026-10-05 15:48:51 | DEBUG    | produtos: novo item -> {'codigo': '00000000000717', 'descricao': 'ETANOL HIDRATADO COMUM', 'ncm': '22071090', 'origem_cst': '060', 'cfop': '5.929 LT', 'quantidade': '29,475', 'valor_unitario': '3,750 110,53 0,00'}
2026-10-05 15:48:51 | INFO     | produtos: 2 item(ns) extraido(s)
2026-10-05 15:48:51 | INFO     | produtos: item 1 codigo=None descricao='GASOLINA C COMUM' ncm='27101259' und='LT' qtde=0.0 vlr_unit=5940 vlr_total=None
2026-10-05 15:48:51 | INFO     | produtos: item 2 codigo=None descricao='ETANOL HIDRATADO COMUM' ncm='22071090' und='LT' qtde=0.0 vlr_unit=3750 vlr_total=None
2026-10-05 15:48:51 | INFO     | produtos: total combinado (paginas) = 2
2026-10-05 15:48:51 | INFO     | produtos: extracao por conteudo (fallback) = 2 item(ns)
2026-10-05 15:48:51 | INFO     | peso_liquido ausente -> volume total em litros: 35.4040
2026-10-05 15:48:51 | INFO     | Combustiveis\PJ-NFE-69300-POSTO 5 ESTRELAS-11-09.pdf | extracao COMPLETA
2026-10-05 15:48:51 | INFO     | Combustiveis\PJ-NFE-69300-POSTO 5 ESTRELAS-11-09.pdf | produtos=2 status=completa
2026-10-05 15:48:51 | INFO     | pipeline | Combustiveis\PJ-NFE-69300-POSTO 5 ESTRELAS-11-09.pdf | chave 92975800000011000069300522308027665530001855 ATUALIZADA
2026-10-05 15:48:51 | INFO     | pipeline | [64/98] processando Combustiveis\PJ-NFE-69856-POSTO 5 ESTRELAS-29-09.pdf
2026-10-05 15:48:51 | INFO     | Combustiveis\PJ-NFE-69856-POSTO 5 ESTRELAS-29-09.pdf | inicio de extracao
2026-10-05 15:48:51 | INFO     | Combustiveis\PJ-NFE-69856-POSTO 5 ESTRELAS-29-09.pdf | origem=texto itens=427
2026-10-05 15:48:51 | INFO     | Combustiveis\PJ-NFE-69856-POSTO 5 ESTRELAS-29-09.pdf | chave=97580000001100006985652230902766553000185550 DV_valido=True
2026-10-05 15:48:51 | INFO     | produtos: cabecalho detectado pelo criterio '2. CODIGO+CFOP'
2026-10-05 15:48:51 | INFO     | produtos: colunas mapeadas (8): ['codigo', 'valor_total', 'descricao', 'ncm', 'quantidade', 'origem_cst', 'cfop', 'valor_unitario']
2026-10-05 15:48:51 | DEBUG    | produtos: novo item -> {'codigo': '00000000000720', 'descricao': 'GASOLINA C COMUM', 'ncm': '27101259', 'origem_cst': '061', 'cfop': '5.929 LT', 'quantidade': '54,290', 'valor_unitario': '5,890 319,77 0,00'}
2026-10-05 15:48:51 | DEBUG    | produtos: novo item -> {'codigo': '00000000000717', 'descricao': 'ETANOL HIDRATADO COMUM', 'ncm': '22071090', 'origem_cst': '060', 'cfop': '5.929 LT', 'quantidade': '107,077', 'valor_unitario': '3,750 401,53 0,00'}
2026-10-05 15:48:51 | INFO     | produtos: 2 item(ns) extraido(s)
2026-10-05 15:48:51 | INFO     | produtos: item 1 codigo=None descricao='GASOLINA C COMUM' ncm='27101259' und='LT' qtde=0.0 vlr_unit=5890 vlr_total=None
2026-10-05 15:48:51 | INFO     | produtos: item 2 codigo=None descricao='ETANOL HIDRATADO COMUM' ncm='22071090' und='LT' qtde=0.0 vlr_unit=3750 vlr_total=None
2026-10-05 15:48:51 | INFO     | produtos: total combinado (paginas) = 2
2026-10-05 15:48:51 | INFO     | produtos: extracao por conteudo (fallback) = 2 item(ns)
2026-10-05 15:48:51 | INFO     | peso_liquido ausente -> volume total em litros: 161.3670
2026-10-05 15:48:51 | INFO     | Combustiveis\PJ-NFE-69856-POSTO 5 ESTRELAS-29-09.pdf | extracao COMPLETA
2026-10-05 15:48:51 | INFO     | Combustiveis\PJ-NFE-69856-POSTO 5 ESTRELAS-29-09.pdf | produtos=2 status=completa
2026-10-05 15:48:51 | INFO     | pipeline | Combustiveis\PJ-NFE-69856-POSTO 5 ESTRELAS-29-09.pdf | chave 97580000001100006985652230902766553000185550 ATUALIZADA
2026-10-05 15:48:51 | INFO     | pipeline | [65/98] processando Combustiveis\PJ-NFE-70315-POSTO 5 ESTRELAS-09-10.pdf
2026-10-05 15:48:51 | INFO     | Combustiveis\PJ-NFE-70315-POSTO 5 ESTRELAS-09-10.pdf | inicio de extracao
2026-10-05 15:48:51 | INFO     | Combustiveis\PJ-NFE-70315-POSTO 5 ESTRELAS-09-10.pdf | origem=texto itens=428
2026-10-05 15:48:51 | INFO     | Combustiveis\PJ-NFE-70315-POSTO 5 ESTRELAS-09-10.pdf | chave=75800000011000070315522310027665530001855500 DV_valido=True
2026-10-05 15:48:51 | INFO     | produtos: cabecalho detectado pelo criterio '2. CODIGO+CFOP'
2026-10-05 15:48:51 | INFO     | produtos: colunas mapeadas (8): ['codigo', 'valor_total', 'descricao', 'ncm', 'quantidade', 'origem_cst', 'cfop', 'valor_unitario']
2026-10-05 15:48:51 | DEBUG    | produtos: novo item -> {'codigo': '00000000000720', 'descricao': 'GASOLINA C COMUM', 'ncm': '27101259', 'origem_cst': '061', 'cfop': '5.929 LT', 'quantidade': '34,352', 'valor_unitario': '5,790 198,90 0,00'}
2026-10-05 15:48:51 | DEBUG    | produtos: novo item -> {'codigo': '00000000000717', 'descricao': 'ETANOL HIDRATADO COMUM', 'ncm': '22071090', 'origem_cst': '060', 'cfop': '5.929 LT', 'quantidade': '125,102', 'valor_unitario': '3,690 461,63 0,00'}
2026-10-05 15:48:51 | INFO     | produtos: 2 item(ns) extraido(s)
2026-10-05 15:48:51 | INFO     | produtos: item 1 codigo=None descricao='GASOLINA C COMUM' ncm='27101259' und='LT' qtde=0.0 vlr_unit=5790 vlr_total=None
2026-10-05 15:48:51 | INFO     | produtos: item 2 codigo=None descricao='ETANOL HIDRATADO COMUM' ncm='22071090' und='LT' qtde=0.0 vlr_unit=3690 vlr_total=None
2026-10-05 15:48:51 | INFO     | produtos: total combinado (paginas) = 2
2026-10-05 15:48:51 | INFO     | produtos: extracao por conteudo (fallback) = 2 item(ns)
2026-10-05 15:48:51 | INFO     | peso_liquido ausente -> volume total em litros: 6054.1020
2026-10-05 15:48:51 | INFO     | Combustiveis\PJ-NFE-70315-POSTO 5 ESTRELAS-09-10.pdf | extracao COMPLETA
2026-10-05 15:48:51 | INFO     | Combustiveis\PJ-NFE-70315-POSTO 5 ESTRELAS-09-10.pdf | produtos=2 status=completa
2026-10-05 15:48:51 | INFO     | pipeline | Combustiveis\PJ-NFE-70315-POSTO 5 ESTRELAS-09-10.pdf | chave 75800000011000070315522310027665530001855500 ATUALIZADA
2026-10-05 15:48:51 | INFO     | pipeline | [66/98] processando Combustiveis\PJ-NFE-70767-POSTO 5 ESTRELAS-24-10.pdf
2026-10-05 15:48:51 | INFO     | Combustiveis\PJ-NFE-70767-POSTO 5 ESTRELAS-24-10.pdf | inicio de extracao
2026-10-05 15:48:51 | INFO     | Combustiveis\PJ-NFE-70767-POSTO 5 ESTRELAS-24-10.pdf | origem=texto itens=399
2026-10-05 15:48:51 | INFO     | Combustiveis\PJ-NFE-70767-POSTO 5 ESTRELAS-24-10.pdf | chave=00000011000070767522310027665530001855500100 DV_valido=True
2026-10-05 15:48:51 | INFO     | produtos: cabecalho detectado pelo criterio '2. CODIGO+CFOP'
2026-10-05 15:48:51 | INFO     | produtos: colunas mapeadas (8): ['codigo', 'valor_total', 'descricao', 'ncm', 'quantidade', 'origem_cst', 'cfop', 'valor_unitario']
2026-10-05 15:48:51 | DEBUG    | produtos: novo item -> {'codigo': '00000000000717', 'descricao': 'ETANOL HIDRATADO COMUM', 'ncm': '22071090', 'origem_cst': '060', 'cfop': '5.929 LT', 'quantidade': '57,105', 'valor_unitario': '3,690 210,72 0,00'}
2026-10-05 15:48:51 | INFO     | produtos: 1 item(ns) extraido(s)
2026-10-05 15:48:51 | INFO     | produtos: item 1 codigo=None descricao='ETANOL HIDRATADO COMUM' ncm='22071090' und='LT' qtde=0.0 vlr_unit=3690 vlr_total=None
2026-10-05 15:48:51 | INFO     | produtos: total combinado (paginas) = 1
2026-10-05 15:48:51 | INFO     | produtos: extracao por conteudo (fallback) = 1 item(ns)
2026-10-05 15:48:51 | INFO     | peso_liquido ausente -> volume total em litros: 57.1050
2026-10-05 15:48:51 | INFO     | Combustiveis\PJ-NFE-70767-POSTO 5 ESTRELAS-24-10.pdf | extracao COMPLETA
2026-10-05 15:48:51 | INFO     | Combustiveis\PJ-NFE-70767-POSTO 5 ESTRELAS-24-10.pdf | produtos=1 status=completa
2026-10-05 15:48:51 | INFO     | pipeline | Combustiveis\PJ-NFE-70767-POSTO 5 ESTRELAS-24-10.pdf | chave 00000011000070767522310027665530001855500100 ATUALIZADA
2026-10-05 15:48:51 | INFO     | pipeline | [67/98] processando Combustiveis\PJ-NFE-71278-POSTO 5 ESTRELAS-09-11.pdf
2026-10-05 15:48:51 | INFO     | Combustiveis\PJ-NFE-71278-POSTO 5 ESTRELAS-09-11.pdf | inicio de extracao
2026-10-05 15:48:51 | INFO     | Combustiveis\PJ-NFE-71278-POSTO 5 ESTRELAS-09-11.pdf | origem=texto itens=421
2026-10-05 15:48:51 | INFO     | Combustiveis\PJ-NFE-71278-POSTO 5 ESTRELAS-09-11.pdf | chave=29758000000110000712785223100276655300018555 DV_valido=True
2026-10-05 15:48:51 | INFO     | produtos: cabecalho detectado pelo criterio '2. CODIGO+CFOP'
2026-10-05 15:48:51 | INFO     | produtos: colunas mapeadas (8): ['codigo', 'valor_total', 'descricao', 'ncm', 'quantidade', 'origem_cst', 'cfop', 'valor_unitario']
2026-10-05 15:48:51 | DEBUG    | produtos: novo item -> {'codigo': '00000000000720', 'descricao': 'GASOLINA C COMUM', 'ncm': '27101259', 'origem_cst': '061', 'cfop': '5.929 LT', 'quantidade': '48,360', 'valor_unitario': '5,790 280,00 0,00'}
2026-10-05 15:48:51 | INFO     | produtos: 1 item(ns) extraido(s)
2026-10-05 15:48:51 | INFO     | produtos: item 1 codigo=None descricao='GASOLINA C COMUM' ncm='27101259' und='LT' qtde=0.0 vlr_unit=5790 vlr_total=None
2026-10-05 15:48:51 | INFO     | produtos: total combinado (paginas) = 1
2026-10-05 15:48:51 | INFO     | produtos: extracao por conteudo (fallback) = 1 item(ns)
2026-10-05 15:48:51 | INFO     | peso_liquido ausente -> volume total em litros: 48.3600
2026-10-05 15:48:51 | INFO     | Combustiveis\PJ-NFE-71278-POSTO 5 ESTRELAS-09-11.pdf | extracao COMPLETA
2026-10-05 15:48:51 | INFO     | Combustiveis\PJ-NFE-71278-POSTO 5 ESTRELAS-09-11.pdf | produtos=1 status=completa
2026-10-05 15:48:51 | INFO     | pipeline | Combustiveis\PJ-NFE-71278-POSTO 5 ESTRELAS-09-11.pdf | chave 29758000000110000712785223100276655300018555 ATUALIZADA
2026-10-05 15:48:51 | INFO     | pipeline | [68/98] processando Combustiveis\PJ-NFE-71793-POSTO 5 ESTRELAS-29-11.pdf
2026-10-05 15:48:51 | INFO     | Combustiveis\PJ-NFE-71793-POSTO 5 ESTRELAS-29-11.pdf | inicio de extracao
2026-10-05 15:48:51 | INFO     | Combustiveis\PJ-NFE-71793-POSTO 5 ESTRELAS-29-11.pdf | origem=texto itens=626
2026-10-05 15:48:51 | INFO     | Combustiveis\PJ-NFE-71793-POSTO 5 ESTRELAS-29-11.pdf | chave=00000011000071793522311027665530001855500100 DV_valido=True
2026-10-05 15:48:52 | INFO     | produtos: cabecalho detectado pelo criterio '2. CODIGO+CFOP'
2026-10-05 15:48:52 | INFO     | produtos: colunas mapeadas (8): ['codigo', 'valor_total', 'descricao', 'ncm', 'quantidade', 'origem_cst', 'cfop', 'valor_unitario']
2026-10-05 15:48:52 | DEBUG    | produtos: novo item -> {'codigo': '00000000000717', 'descricao': 'ETANOL HIDRATADO COMUM', 'ncm': '22071090', 'origem_cst': '060', 'cfop': '5.929 LT', 'quantidade': '157,409', 'valor_unitario': '3,740 588,71 0,00'}
2026-10-05 15:48:52 | INFO     | produtos: 1 item(ns) extraido(s)
2026-10-05 15:48:52 | INFO     | produtos: item 1 codigo=None descricao='ETANOL HIDRATADO COMUM' ncm='22071090' und='LT' qtde=0.0 vlr_unit=3740 vlr_total=None
2026-10-05 15:48:52 | INFO     | produtos: cabecalho detectado pelo criterio '4. CODIGO somente (fallback final)'
2026-10-05 15:48:52 | INFO     | produtos: colunas mapeadas (4): ['valor_total', 'codigo', 'quantidade', 'desconto']
2026-10-05 15:48:52 | INFO     | produtos: 0 item(ns) extraido(s)
2026-10-05 15:48:52 | INFO     | produtos: total combinado (paginas) = 1
2026-10-05 15:48:52 | INFO     | produtos: extracao por conteudo (fallback) = 3 item(ns)
2026-10-05 15:48:52 | INFO     | Combustiveis\PJ-NFE-71793-POSTO 5 ESTRELAS-29-11.pdf | extracao COMPLETA
2026-10-05 15:48:52 | INFO     | Combustiveis\PJ-NFE-71793-POSTO 5 ESTRELAS-29-11.pdf | produtos=3 status=completa
2026-10-05 15:48:52 | INFO     | pipeline | Combustiveis\PJ-NFE-71793-POSTO 5 ESTRELAS-29-11.pdf | chave 00000011000071793522311027665530001855500100 ATUALIZADA
2026-10-05 15:48:52 | INFO     | pipeline | [69/98] processando Combustiveis\PJ-NFE-72294-POSTO 5 ESTRELAS-11-12.pdf
2026-10-05 15:48:52 | INFO     | Combustiveis\PJ-NFE-72294-POSTO 5 ESTRELAS-11-12.pdf | inicio de extracao
2026-10-05 15:48:52 | INFO     | Combustiveis\PJ-NFE-72294-POSTO 5 ESTRELAS-11-12.pdf | origem=texto itens=448
2026-10-05 15:48:52 | INFO     | Combustiveis\PJ-NFE-72294-POSTO 5 ESTRELAS-11-12.pdf | chave=97580000001100007229452231102766553000185550 DV_valido=True
2026-10-05 15:48:52 | INFO     | produtos: cabecalho detectado pelo criterio '2. CODIGO+CFOP'
2026-10-05 15:48:52 | INFO     | produtos: colunas mapeadas (8): ['codigo', 'valor_total', 'descricao', 'ncm', 'quantidade', 'origem_cst', 'cfop', 'valor_unitario']
2026-10-05 15:48:52 | DEBUG    | produtos: novo item -> {'codigo': '00000000000720', 'descricao': 'GASOLINA C COMUM', 'ncm': '27101259', 'origem_cst': '061', 'cfop': '5.929 LT', 'quantidade': '108,017', 'valor_unitario': '5,750 621,10 0,00'}
2026-10-05 15:48:52 | DEBUG    | produtos: novo item -> {'codigo': '00000000000717', 'descricao': 'ETANOL HIDRATADO COMUM', 'ncm': '22071090', 'origem_cst': '060', 'cfop': '5.929 LT', 'quantidade': '56,320', 'valor_unitario': '3,690 207,82 0,00'}
2026-10-05 15:48:52 | INFO     | produtos: 2 item(ns) extraido(s)
2026-10-05 15:48:52 | INFO     | produtos: item 1 codigo=None descricao='GASOLINA C COMUM' ncm='27101259' und='LT' qtde=0.0 vlr_unit=5750 vlr_total=None
2026-10-05 15:48:52 | INFO     | produtos: item 2 codigo=None descricao='ETANOL HIDRATADO COMUM' ncm='22071090' und='LT' qtde=0.0 vlr_unit=3690 vlr_total=None
2026-10-05 15:48:52 | INFO     | produtos: total combinado (paginas) = 2
2026-10-05 15:48:52 | INFO     | produtos: extracao por conteudo (fallback) = 2 item(ns)
2026-10-05 15:48:52 | INFO     | peso_liquido ausente -> volume total em litros: 164.3370
2026-10-05 15:48:52 | INFO     | Combustiveis\PJ-NFE-72294-POSTO 5 ESTRELAS-11-12.pdf | extracao COMPLETA
2026-10-05 15:48:52 | INFO     | Combustiveis\PJ-NFE-72294-POSTO 5 ESTRELAS-11-12.pdf | produtos=2 status=completa
2026-10-05 15:48:52 | INFO     | pipeline | Combustiveis\PJ-NFE-72294-POSTO 5 ESTRELAS-11-12.pdf | chave 97580000001100007229452231102766553000185550 ATUALIZADA
2026-10-05 15:48:52 | INFO     | pipeline | [70/98] processando Combustiveis\PJ-NFE-72790-POSTO 5 ESTRELAS-28-12.pdf
2026-10-05 15:48:52 | INFO     | Combustiveis\PJ-NFE-72790-POSTO 5 ESTRELAS-28-12.pdf | inicio de extracao
2026-10-05 15:48:52 | INFO     | Combustiveis\PJ-NFE-72790-POSTO 5 ESTRELAS-28-12.pdf | origem=texto itens=477
2026-10-05 15:48:52 | INFO     | Combustiveis\PJ-NFE-72790-POSTO 5 ESTRELAS-28-12.pdf | chave=01100007279052231202766553000185550010000727 DV_valido=True
2026-10-05 15:48:52 | INFO     | produtos: cabecalho detectado pelo criterio '2. CODIGO+CFOP'
2026-10-05 15:48:52 | INFO     | produtos: colunas mapeadas (8): ['codigo', 'valor_total', 'descricao', 'ncm', 'quantidade', 'origem_cst', 'cfop', 'valor_unitario']
2026-10-05 15:48:52 | DEBUG    | produtos: novo item -> {'codigo': '00000000003256', 'descricao': 'OLEO DIESEL B S10 - COMUM', 'ncm': '27101921', 'origem_cst': '061', 'cfop': '5.929 LT', 'quantidade': '66,820', 'valor_unitario': '6,140 410,27 0,00'}
2026-10-05 15:48:52 | DEBUG    | produtos: novo item -> {'codigo': '00000000000720', 'descricao': 'GASOLINA C COMUM', 'ncm': '27101259', 'origem_cst': '061', 'cfop': '5.929 LT', 'quantidade': '54,747', 'valor_unitario': '5,650 309,32 0,00'}
2026-10-05 15:48:52 | DEBUG    | produtos: novo item -> {'codigo': '00000000000717', 'descricao': 'ETANOL HIDRATADO COMUM', 'ncm': '22071090', 'origem_cst': '060', 'cfop': '5.929 LT', 'quantidade': '52,577', 'valor_unitario': '3,690 194,01 0,00'}
2026-10-05 15:48:52 | INFO     | produtos: 3 item(ns) extraido(s)
2026-10-05 15:48:52 | INFO     | produtos: item 1 codigo=None descricao='OLEO DIESEL B S10 - COMUM' ncm='27101921' und='LT' qtde=0.0 vlr_unit=6140 vlr_total=None
2026-10-05 15:48:52 | INFO     | produtos: item 2 codigo=None descricao='GASOLINA C COMUM' ncm='27101259' und='LT' qtde=0.0 vlr_unit=5650 vlr_total=None
2026-10-05 15:48:52 | INFO     | produtos: item 3 codigo=None descricao='ETANOL HIDRATADO COMUM' ncm='22071090' und='LT' qtde=0.0 vlr_unit=3690 vlr_total=None
2026-10-05 15:48:52 | INFO     | produtos: total combinado (paginas) = 3
2026-10-05 15:48:52 | INFO     | produtos: extracao por conteudo (fallback) = 3 item(ns)
2026-10-05 15:48:52 | INFO     | peso_liquido ausente -> volume total em litros: 174.1440
2026-10-05 15:48:52 | INFO     | Combustiveis\PJ-NFE-72790-POSTO 5 ESTRELAS-28-12.pdf | extracao COMPLETA
2026-10-05 15:48:52 | INFO     | Combustiveis\PJ-NFE-72790-POSTO 5 ESTRELAS-28-12.pdf | produtos=3 status=completa
2026-10-05 15:48:52 | INFO     | pipeline | Combustiveis\PJ-NFE-72790-POSTO 5 ESTRELAS-28-12.pdf | chave 01100007279052231202766553000185550010000727 ATUALIZADA
2026-10-05 15:48:52 | INFO     | pipeline | [71/98] processando Combustiveis\PJ-NFE-73609-POSTO 5 ESTRELAS-25-01.pdf
2026-10-05 15:48:52 | INFO     | Combustiveis\PJ-NFE-73609-POSTO 5 ESTRELAS-25-01.pdf | inicio de extracao
2026-10-05 15:48:52 | INFO     | Combustiveis\PJ-NFE-73609-POSTO 5 ESTRELAS-25-01.pdf | origem=texto itens=633
2026-10-05 15:48:52 | INFO     | Combustiveis\PJ-NFE-73609-POSTO 5 ESTRELAS-25-01.pdf | chave=00000011000073609522401027665530001855500100 DV_valido=True
2026-10-05 15:48:52 | INFO     | produtos: cabecalho detectado pelo criterio '2. CODIGO+CFOP'
2026-10-05 15:48:52 | INFO     | produtos: colunas mapeadas (8): ['codigo', 'valor_total', 'descricao', 'ncm', 'quantidade', 'origem_cst', 'cfop', 'valor_unitario']
2026-10-05 15:48:52 | DEBUG    | produtos: novo item -> {'codigo': '00000000000717', 'descricao': 'ETANOL HIDRATADO COMUM', 'ncm': '22071090', 'origem_cst': '060', 'cfop': '5.929 LT', 'quantidade': '241,200', 'valor_unitario': '3,590 865,91 0,00'}
2026-10-05 15:48:52 | INFO     | produtos: 1 item(ns) extraido(s)
2026-10-05 15:48:52 | INFO     | produtos: item 1 codigo=None descricao='ETANOL HIDRATADO COMUM' ncm='22071090' und='LT' qtde=0.0 vlr_unit=3590 vlr_total=None
2026-10-05 15:48:52 | INFO     | produtos: cabecalho detectado pelo criterio '4. CODIGO somente (fallback final)'
2026-10-05 15:48:52 | INFO     | produtos: colunas mapeadas (4): ['valor_total', 'codigo', 'quantidade', 'desconto']
2026-10-05 15:48:52 | INFO     | produtos: 0 item(ns) extraido(s)
2026-10-05 15:48:52 | INFO     | produtos: total combinado (paginas) = 1
2026-10-05 15:48:52 | INFO     | produtos: extracao por conteudo (fallback) = 3 item(ns)
2026-10-05 15:48:52 | INFO     | Combustiveis\PJ-NFE-73609-POSTO 5 ESTRELAS-25-01.pdf | extracao COMPLETA
2026-10-05 15:48:52 | INFO     | Combustiveis\PJ-NFE-73609-POSTO 5 ESTRELAS-25-01.pdf | produtos=3 status=completa
2026-10-05 15:48:52 | INFO     | pipeline | Combustiveis\PJ-NFE-73609-POSTO 5 ESTRELAS-25-01.pdf | chave 00000011000073609522401027665530001855500100 ATUALIZADA
2026-10-05 15:48:52 | INFO     | pipeline | [72/98] processando Combustiveis\PJ-NFE-74064-GABRIEL COMERCIO DE COMBUSTIVEIS-05-02.pdf
2026-10-05 15:48:52 | INFO     | Combustiveis\PJ-NFE-74064-GABRIEL COMERCIO DE COMBUSTIVEIS-05-02.pdf | inicio de extracao
2026-10-05 15:48:52 | INFO     | Combustiveis\PJ-NFE-74064-GABRIEL COMERCIO DE COMBUSTIVEIS-05-02.pdf | origem=texto itens=428
2026-10-05 15:48:52 | INFO     | Combustiveis\PJ-NFE-74064-GABRIEL COMERCIO DE COMBUSTIVEIS-05-02.pdf | chave=92975800000011000074064522401027665530001855 DV_valido=True
2026-10-05 15:48:52 | INFO     | produtos: cabecalho detectado pelo criterio '2. CODIGO+CFOP'
2026-10-05 15:48:52 | INFO     | produtos: colunas mapeadas (8): ['codigo', 'valor_total', 'descricao', 'ncm', 'quantidade', 'origem_cst', 'cfop', 'valor_unitario']
2026-10-05 15:48:52 | DEBUG    | produtos: novo item -> {'codigo': '00000000000717', 'descricao': 'ETANOL HIDRATADO COMUM', 'ncm': '22071090', 'origem_cst': '060', 'cfop': '5.929 LT', 'quantidade': '101,430', 'valor_unitario': '3,540 359,06 0,00'}
2026-10-05 15:48:52 | DEBUG    | produtos: novo item -> {'codigo': '00000000000717', 'descricao': 'ETANOL HIDRATADO COMUM', 'ncm': '22071090', 'origem_cst': '060', 'cfop': '5.929 LT', 'quantidade': '50,180', 'valor_unitario': '3,590 180,15 0,00'}
2026-10-05 15:48:52 | INFO     | produtos: 2 item(ns) extraido(s)
2026-10-05 15:48:52 | INFO     | produtos: item 1 codigo=None descricao='ETANOL HIDRATADO COMUM' ncm='22071090' und='LT' qtde=0.0 vlr_unit=3540 vlr_total=None
2026-10-05 15:48:52 | INFO     | produtos: item 2 codigo=None descricao='ETANOL HIDRATADO COMUM' ncm='22071090' und='LT' qtde=0.0 vlr_unit=3590 vlr_total=None
2026-10-05 15:48:52 | INFO     | produtos: total combinado (paginas) = 2
2026-10-05 15:48:52 | INFO     | produtos: extracao por conteudo (fallback) = 2 item(ns)
2026-10-05 15:48:52 | INFO     | peso_liquido ausente -> volume total em litros: 151.6100
2026-10-05 15:48:52 | INFO     | Combustiveis\PJ-NFE-74064-GABRIEL COMERCIO DE COMBUSTIVEIS-05-02.pdf | extracao COMPLETA
2026-10-05 15:48:52 | INFO     | Combustiveis\PJ-NFE-74064-GABRIEL COMERCIO DE COMBUSTIVEIS-05-02.pdf | produtos=2 status=completa
2026-10-05 15:48:52 | INFO     | pipeline | Combustiveis\PJ-NFE-74064-GABRIEL COMERCIO DE COMBUSTIVEIS-05-02.pdf | chave 92975800000011000074064522401027665530001855 ATUALIZADA
2026-10-05 15:48:52 | INFO     | pipeline | [73/98] processando Combustiveis\PJ-NFE-74517-POSTO 5 ESTRELAS-26-02.pdf
2026-10-05 15:48:52 | INFO     | Combustiveis\PJ-NFE-74517-POSTO 5 ESTRELAS-26-02.pdf | inicio de extracao
2026-10-05 15:48:52 | INFO     | Combustiveis\PJ-NFE-74517-POSTO 5 ESTRELAS-26-02.pdf | origem=texto itens=631
2026-10-05 15:48:52 | INFO     | Combustiveis\PJ-NFE-74517-POSTO 5 ESTRELAS-26-02.pdf | chave=97580000001100007451752240202766553000185550 DV_valido=True
2026-10-05 15:48:52 | INFO     | produtos: cabecalho detectado pelo criterio '2. CODIGO+CFOP'
2026-10-05 15:48:52 | INFO     | produtos: colunas mapeadas (8): ['codigo', 'valor_total', 'descricao', 'ncm', 'quantidade', 'origem_cst', 'cfop', 'valor_unitario']
2026-10-05 15:48:52 | DEBUG    | produtos: novo item -> {'codigo': '00000000000717', 'descricao': 'ETANOL HIDRATADO COMUM', 'ncm': '22071090', 'origem_cst': '060', 'cfop': '5.929 LT', 'quantidade': '224,585', 'valor_unitario': '3,690 828,72 0,00'}
2026-10-05 15:48:52 | INFO     | produtos: 1 item(ns) extraido(s)
2026-10-05 15:48:52 | INFO     | produtos: item 1 codigo=None descricao='ETANOL HIDRATADO COMUM' ncm='22071090' und='LT' qtde=0.0 vlr_unit=3690 vlr_total=None
2026-10-05 15:48:52 | INFO     | produtos: cabecalho detectado pelo criterio '4. CODIGO somente (fallback final)'
2026-10-05 15:48:52 | INFO     | produtos: colunas mapeadas (4): ['valor_total', 'codigo', 'quantidade', 'desconto']
2026-10-05 15:48:52 | INFO     | produtos: 0 item(ns) extraido(s)
2026-10-05 15:48:52 | INFO     | produtos: total combinado (paginas) = 1
2026-10-05 15:48:52 | INFO     | produtos: extracao por conteudo (fallback) = 3 item(ns)
2026-10-05 15:48:52 | INFO     | Combustiveis\PJ-NFE-74517-POSTO 5 ESTRELAS-26-02.pdf | extracao COMPLETA
2026-10-05 15:48:52 | INFO     | Combustiveis\PJ-NFE-74517-POSTO 5 ESTRELAS-26-02.pdf | produtos=3 status=completa
2026-10-05 15:48:52 | INFO     | pipeline | Combustiveis\PJ-NFE-74517-POSTO 5 ESTRELAS-26-02.pdf | chave 97580000001100007451752240202766553000185550 ATUALIZADA
2026-10-05 15:48:52 | INFO     | pipeline | [74/98] processando Combustiveis\PJ-NFE-74987-POSTO 5 ESTRELAS-11-03.pdf
2026-10-05 15:48:52 | INFO     | Combustiveis\PJ-NFE-74987-POSTO 5 ESTRELAS-11-03.pdf | inicio de extracao
2026-10-05 15:48:52 | INFO     | Combustiveis\PJ-NFE-74987-POSTO 5 ESTRELAS-11-03.pdf | origem=texto itens=663
2026-10-05 15:48:52 | INFO     | Combustiveis\PJ-NFE-74987-POSTO 5 ESTRELAS-11-03.pdf | chave=80000001100007498752240202766553000185550010 DV_valido=True
2026-10-05 15:48:52 | INFO     | produtos: cabecalho detectado pelo criterio '2. CODIGO+CFOP'
2026-10-05 15:48:52 | INFO     | produtos: colunas mapeadas (8): ['codigo', 'valor_total', 'descricao', 'ncm', 'quantidade', 'origem_cst', 'cfop', 'valor_unitario']
2026-10-05 15:48:52 | DEBUG    | produtos: novo item -> {'codigo': '00000000000720', 'descricao': 'GASOLINA C COMUM', 'ncm': '27101259', 'origem_cst': '061', 'cfop': '5.929 LT', 'quantidade': '125,172', 'valor_unitario': '5,890 737,26 0,00'}
2026-10-05 15:48:52 | DEBUG    | produtos: novo item -> {'codigo': '00000000000717', 'descricao': 'ETANOL HIDRATADO COMUM', 'ncm': '22071090', 'origem_cst': '060', 'cfop': '5.929 LT', 'quantidade': '90,285', 'valor_unitario': '3,690 333,15 0,00'}
2026-10-05 15:48:52 | INFO     | produtos: 2 item(ns) extraido(s)
2026-10-05 15:48:52 | INFO     | produtos: item 1 codigo=None descricao='GASOLINA C COMUM' ncm='27101259' und='LT' qtde=0.0 vlr_unit=5890 vlr_total=None
2026-10-05 15:48:52 | INFO     | produtos: item 2 codigo=None descricao='ETANOL HIDRATADO COMUM' ncm='22071090' und='LT' qtde=0.0 vlr_unit=3690 vlr_total=None
2026-10-05 15:48:52 | INFO     | produtos: cabecalho detectado pelo criterio '4. CODIGO somente (fallback final)'
2026-10-05 15:48:52 | INFO     | produtos: colunas mapeadas (4): ['valor_total', 'codigo', 'quantidade', 'desconto']
2026-10-05 15:48:52 | INFO     | produtos: 0 item(ns) extraido(s)
2026-10-05 15:48:52 | INFO     | produtos: total combinado (paginas) = 2
2026-10-05 15:48:52 | INFO     | produtos: extracao por conteudo (fallback) = 4 item(ns)
2026-10-05 15:48:52 | INFO     | Combustiveis\PJ-NFE-74987-POSTO 5 ESTRELAS-11-03.pdf | extracao COMPLETA
2026-10-05 15:48:52 | INFO     | Combustiveis\PJ-NFE-74987-POSTO 5 ESTRELAS-11-03.pdf | produtos=4 status=completa
2026-10-05 15:48:52 | INFO     | pipeline | Combustiveis\PJ-NFE-74987-POSTO 5 ESTRELAS-11-03.pdf | chave 80000001100007498752240202766553000185550010 ATUALIZADA
2026-10-05 15:48:52 | INFO     | pipeline | [75/98] processando Combustiveis\PJ-NFE-75550-POSTO 5 ESTRELAS-26-03.pdf
2026-10-05 15:48:52 | INFO     | Combustiveis\PJ-NFE-75550-POSTO 5 ESTRELAS-26-03.pdf | inicio de extracao
2026-10-05 15:48:52 | INFO     | Combustiveis\PJ-NFE-75550-POSTO 5 ESTRELAS-26-03.pdf | origem=texto itens=615
2026-10-05 15:48:52 | INFO     | Combustiveis\PJ-NFE-75550-POSTO 5 ESTRELAS-26-03.pdf | chave=75550522403027665530001855500100007555010660 DV_valido=True
2026-10-05 15:48:52 | INFO     | produtos: cabecalho detectado pelo criterio '2. CODIGO+CFOP'
2026-10-05 15:48:52 | INFO     | produtos: colunas mapeadas (8): ['codigo', 'valor_total', 'descricao', 'ncm', 'quantidade', 'origem_cst', 'cfop', 'valor_unitario']
2026-10-05 15:48:52 | DEBUG    | produtos: novo item -> {'codigo': '00000000000717', 'descricao': 'ETANOL HIDRATADO COMUM', 'ncm': '22071090', 'origem_cst': '060', 'cfop': '5.929 LT', 'quantidade': '48,660', 'valor_unitario': '3,690 179,56 0,00'}
2026-10-05 15:48:52 | INFO     | produtos: 1 item(ns) extraido(s)
2026-10-05 15:48:52 | INFO     | produtos: item 1 codigo=None descricao='ETANOL HIDRATADO COMUM' ncm='22071090' und='LT' qtde=0.0 vlr_unit=3690 vlr_total=None
2026-10-05 15:48:52 | INFO     | produtos: cabecalho detectado pelo criterio '4. CODIGO somente (fallback final)'
2026-10-05 15:48:52 | INFO     | produtos: colunas mapeadas (4): ['valor_total', 'codigo', 'quantidade', 'desconto']
2026-10-05 15:48:52 | INFO     | produtos: 0 item(ns) extraido(s)
2026-10-05 15:48:52 | INFO     | produtos: total combinado (paginas) = 1
2026-10-05 15:48:52 | INFO     | produtos: extracao por conteudo (fallback) = 3 item(ns)
2026-10-05 15:48:52 | INFO     | Combustiveis\PJ-NFE-75550-POSTO 5 ESTRELAS-26-03.pdf | extracao COMPLETA
2026-10-05 15:48:52 | INFO     | Combustiveis\PJ-NFE-75550-POSTO 5 ESTRELAS-26-03.pdf | produtos=3 status=completa
2026-10-05 15:48:52 | INFO     | pipeline | Combustiveis\PJ-NFE-75550-POSTO 5 ESTRELAS-26-03.pdf | chave 75550522403027665530001855500100007555010660 ATUALIZADA
2026-10-05 15:48:52 | INFO     | pipeline | [76/98] processando Combustiveis\PJ-NFE-75947-POSTO 5 ESTRELAS-11-04.pdf
2026-10-05 15:48:52 | INFO     | Combustiveis\PJ-NFE-75947-POSTO 5 ESTRELAS-11-04.pdf | inicio de extracao
2026-10-05 15:48:52 | INFO     | Combustiveis\PJ-NFE-75947-POSTO 5 ESTRELAS-11-04.pdf | origem=texto itens=625
2026-10-05 15:48:52 | INFO     | Combustiveis\PJ-NFE-75947-POSTO 5 ESTRELAS-11-04.pdf | chave=29758000000110000759475224040276655300018555 DV_valido=True
2026-10-05 15:48:52 | INFO     | produtos: cabecalho detectado pelo criterio '2. CODIGO+CFOP'
2026-10-05 15:48:52 | INFO     | produtos: colunas mapeadas (8): ['codigo', 'valor_total', 'descricao', 'ncm', 'quantidade', 'origem_cst', 'cfop', 'valor_unitario']
2026-10-05 15:48:52 | DEBUG    | produtos: novo item -> {'codigo': '00000000000717', 'descricao': 'ETANOL HIDRATADO COMUM', 'ncm': '22071090', 'origem_cst': '060', 'cfop': '5.929 LT', 'quantidade': '148,855', 'valor_unitario': '3,690 549,28 0,00'}
2026-10-05 15:48:52 | INFO     | produtos: 1 item(ns) extraido(s)
2026-10-05 15:48:52 | INFO     | produtos: item 1 codigo=None descricao='ETANOL HIDRATADO COMUM' ncm='22071090' und='LT' qtde=0.0 vlr_unit=3690 vlr_total=None
2026-10-05 15:48:52 | INFO     | produtos: cabecalho detectado pelo criterio '4. CODIGO somente (fallback final)'
2026-10-05 15:48:52 | INFO     | produtos: colunas mapeadas (4): ['valor_total', 'codigo', 'quantidade', 'desconto']
2026-10-05 15:48:52 | INFO     | produtos: 0 item(ns) extraido(s)
2026-10-05 15:48:52 | INFO     | produtos: total combinado (paginas) = 1
2026-10-05 15:48:52 | INFO     | produtos: extracao por conteudo (fallback) = 3 item(ns)
2026-10-05 15:48:52 | INFO     | Combustiveis\PJ-NFE-75947-POSTO 5 ESTRELAS-11-04.pdf | extracao COMPLETA
2026-10-05 15:48:52 | INFO     | Combustiveis\PJ-NFE-75947-POSTO 5 ESTRELAS-11-04.pdf | produtos=3 status=completa
2026-10-05 15:48:52 | INFO     | pipeline | Combustiveis\PJ-NFE-75947-POSTO 5 ESTRELAS-11-04.pdf | chave 29758000000110000759475224040276655300018555 ATUALIZADA
2026-10-05 15:48:52 | INFO     | pipeline | [77/98] processando Combustiveis\PJ-NFE-76358-POSTO 5 ESTRELAS-29-04.pdf
2026-10-05 15:48:52 | INFO     | Combustiveis\PJ-NFE-76358-POSTO 5 ESTRELAS-29-04.pdf | inicio de extracao
2026-10-05 15:48:52 | INFO     | Combustiveis\PJ-NFE-76358-POSTO 5 ESTRELAS-29-04.pdf | origem=texto itens=465
2026-10-05 15:48:52 | INFO     | Combustiveis\PJ-NFE-76358-POSTO 5 ESTRELAS-29-04.pdf | chave=10000763585224040276655300018555001000076358 DV_valido=True
2026-10-05 15:48:52 | INFO     | produtos: cabecalho detectado pelo criterio '2. CODIGO+CFOP'
2026-10-05 15:48:52 | INFO     | produtos: colunas mapeadas (8): ['codigo', 'valor_total', 'descricao', 'ncm', 'quantidade', 'origem_cst', 'cfop', 'valor_unitario']
2026-10-05 15:48:52 | DEBUG    | produtos: novo item -> {'codigo': '00000000000720', 'descricao': 'GASOLINA C COMUM', 'ncm': '27101259', 'origem_cst': '061', 'cfop': '5.929 LT', 'quantidade': '105,477', 'valor_unitario': '5,890 621,26 0,00'}
2026-10-05 15:48:52 | DEBUG    | produtos: novo item -> {'codigo': '00000000000717', 'descricao': 'ETANOL HIDRATADO COMUM', 'ncm': '22071090', 'origem_cst': '060', 'cfop': '5.929 LT', 'quantidade': '50,565', 'valor_unitario': '3,890 196,70 0,00'}
2026-10-05 15:48:52 | DEBUG    | produtos: novo item -> {'codigo': '00000000000717', 'descricao': 'ETANOL HIDRATADO COMUM', 'ncm': '22071090', 'origem_cst': '060', 'cfop': '5.929 LT', 'quantidade': '56,725', 'valor_unitario': '4,090 232,01 0,00'}
2026-10-05 15:48:52 | INFO     | produtos: 3 item(ns) extraido(s)
2026-10-05 15:48:52 | INFO     | produtos: item 1 codigo=None descricao='GASOLINA C COMUM' ncm='27101259' und='LT' qtde=0.0 vlr_unit=5890 vlr_total=None
2026-10-05 15:48:52 | INFO     | produtos: item 2 codigo=None descricao='ETANOL HIDRATADO COMUM' ncm='22071090' und='LT' qtde=0.0 vlr_unit=3890 vlr_total=None
2026-10-05 15:48:52 | INFO     | produtos: item 3 codigo=None descricao='ETANOL HIDRATADO COMUM' ncm='22071090' und='LT' qtde=0.0 vlr_unit=4090 vlr_total=None
2026-10-05 15:48:52 | INFO     | produtos: total combinado (paginas) = 3
2026-10-05 15:48:52 | INFO     | produtos: extracao por conteudo (fallback) = 3 item(ns)
2026-10-05 15:48:52 | INFO     | peso_liquido ausente -> volume total em litros: 212.7670
2026-10-05 15:48:52 | INFO     | Combustiveis\PJ-NFE-76358-POSTO 5 ESTRELAS-29-04.pdf | extracao COMPLETA
2026-10-05 15:48:52 | INFO     | Combustiveis\PJ-NFE-76358-POSTO 5 ESTRELAS-29-04.pdf | produtos=3 status=completa
2026-10-05 15:48:52 | INFO     | pipeline | Combustiveis\PJ-NFE-76358-POSTO 5 ESTRELAS-29-04.pdf | chave 10000763585224040276655300018555001000076358 ATUALIZADA
2026-10-05 15:48:52 | INFO     | pipeline | [78/98] processando Combustiveis\PJ-NFE-76817-POSTO 5 ESTRELAS-15-05.pdf
2026-10-05 15:48:52 | INFO     | Combustiveis\PJ-NFE-76817-POSTO 5 ESTRELAS-15-05.pdf | inicio de extracao
2026-10-05 15:48:52 | INFO     | Combustiveis\PJ-NFE-76817-POSTO 5 ESTRELAS-15-05.pdf | origem=texto itens=663
2026-10-05 15:48:52 | INFO     | Combustiveis\PJ-NFE-76817-POSTO 5 ESTRELAS-15-05.pdf | chave=80000001100007681752240402766553000185550010 DV_valido=True
2026-10-05 15:48:52 | INFO     | produtos: cabecalho detectado pelo criterio '2. CODIGO+CFOP'
2026-10-05 15:48:52 | INFO     | produtos: colunas mapeadas (8): ['codigo', 'valor_total', 'descricao', 'ncm', 'quantidade', 'origem_cst', 'cfop', 'valor_unitario']
2026-10-05 15:48:52 | DEBUG    | produtos: novo item -> {'codigo': '00000000000720', 'descricao': 'GASOLINA C COMUM', 'ncm': '27101259', 'origem_cst': '061', 'cfop': '5.929 LT', 'quantidade': '222,445', 'valor_unitario': '5,890 1.310,20 0,00'}
2026-10-05 15:48:52 | DEBUG    | produtos: novo item -> {'codigo': '00000000000717', 'descricao': 'ETANOL HIDRATADO COMUM', 'ncm': '22071090', 'origem_cst': '060', 'cfop': '5.929 LT', 'quantidade': '100,982', 'valor_unitario': '3,990 402,91 0,00'}
2026-10-05 15:48:52 | INFO     | produtos: 2 item(ns) extraido(s)
2026-10-05 15:48:52 | INFO     | produtos: item 1 codigo=None descricao='GASOLINA C COMUM' ncm='27101259' und='LT' qtde=0.0 vlr_unit=5890 vlr_total=None
2026-10-05 15:48:52 | INFO     | produtos: item 2 codigo=None descricao='ETANOL HIDRATADO COMUM' ncm='22071090' und='LT' qtde=0.0 vlr_unit=3990 vlr_total=None
2026-10-05 15:48:52 | INFO     | produtos: cabecalho detectado pelo criterio '4. CODIGO somente (fallback final)'
2026-10-05 15:48:52 | INFO     | produtos: colunas mapeadas (4): ['valor_total', 'codigo', 'quantidade', 'desconto']
2026-10-05 15:48:52 | INFO     | produtos: 0 item(ns) extraido(s)
2026-10-05 15:48:52 | INFO     | produtos: total combinado (paginas) = 2
2026-10-05 15:48:52 | INFO     | produtos: extracao por conteudo (fallback) = 4 item(ns)
2026-10-05 15:48:52 | INFO     | Combustiveis\PJ-NFE-76817-POSTO 5 ESTRELAS-15-05.pdf | extracao COMPLETA
2026-10-05 15:48:52 | INFO     | Combustiveis\PJ-NFE-76817-POSTO 5 ESTRELAS-15-05.pdf | produtos=4 status=completa
2026-10-05 15:48:52 | INFO     | pipeline | Combustiveis\PJ-NFE-76817-POSTO 5 ESTRELAS-15-05.pdf | chave 80000001100007681752240402766553000185550010 ATUALIZADA
2026-10-05 15:48:52 | INFO     | pipeline | [79/98] processando Combustiveis\PJ-NFE-77252-POSTO 5 ESTRELAS-29-05.pdf
2026-10-05 15:48:52 | INFO     | Combustiveis\PJ-NFE-77252-POSTO 5 ESTRELAS-29-05.pdf | inicio de extracao
2026-10-05 15:48:52 | INFO     | Combustiveis\PJ-NFE-77252-POSTO 5 ESTRELAS-29-05.pdf | origem=texto itens=650
2026-10-05 15:48:52 | INFO     | Combustiveis\PJ-NFE-77252-POSTO 5 ESTRELAS-29-05.pdf | chave=29758000000110000772525224050276655300018555 DV_valido=True
2026-10-05 15:48:52 | INFO     | produtos: cabecalho detectado pelo criterio '2. CODIGO+CFOP'
2026-10-05 15:48:52 | INFO     | produtos: colunas mapeadas (8): ['codigo', 'valor_total', 'descricao', 'ncm', 'quantidade', 'origem_cst', 'cfop', 'valor_unitario']
2026-10-05 15:48:52 | DEBUG    | produtos: novo item -> {'codigo': '00000000000720', 'descricao': 'GASOLINA C COMUM', 'ncm': '27101259', 'origem_cst': '061', 'cfop': '5.929 LT', 'quantidade': '55,810', 'valor_unitario': '5,890 328,72 0,00'}
2026-10-05 15:48:52 | DEBUG    | produtos: novo item -> {'codigo': '00000000000717', 'descricao': 'ETANOL HIDRATADO COMUM', 'ncm': '22071090', 'origem_cst': '060', 'cfop': '5.929 LT', 'quantidade': '99,550', 'valor_unitario': '3,990 397,20 0,00'}
2026-10-05 15:48:52 | INFO     | produtos: 2 item(ns) extraido(s)
2026-10-05 15:48:52 | INFO     | produtos: item 1 codigo=None descricao='GASOLINA C COMUM' ncm='27101259' und='LT' qtde=0.0 vlr_unit=5890 vlr_total=None
2026-10-05 15:48:52 | INFO     | produtos: item 2 codigo=None descricao='ETANOL HIDRATADO COMUM' ncm='22071090' und='LT' qtde=0.0 vlr_unit=3990 vlr_total=None
2026-10-05 15:48:52 | INFO     | produtos: cabecalho detectado pelo criterio '4. CODIGO somente (fallback final)'
2026-10-05 15:48:52 | INFO     | produtos: colunas mapeadas (4): ['valor_total', 'codigo', 'quantidade', 'desconto']
2026-10-05 15:48:52 | INFO     | produtos: 0 item(ns) extraido(s)
2026-10-05 15:48:52 | INFO     | produtos: total combinado (paginas) = 2
2026-10-05 15:48:52 | INFO     | produtos: extracao por conteudo (fallback) = 4 item(ns)
2026-10-05 15:48:52 | INFO     | Combustiveis\PJ-NFE-77252-POSTO 5 ESTRELAS-29-05.pdf | extracao COMPLETA
2026-10-05 15:48:52 | INFO     | Combustiveis\PJ-NFE-77252-POSTO 5 ESTRELAS-29-05.pdf | produtos=4 status=completa
2026-10-05 15:48:52 | INFO     | pipeline | Combustiveis\PJ-NFE-77252-POSTO 5 ESTRELAS-29-05.pdf | chave 29758000000110000772525224050276655300018555 ATUALIZADA
2026-10-05 15:48:52 | INFO     | pipeline | [80/98] processando Combustiveis\PJ-NFE-77678-POSTO 5 ESTRELAS-24-06.pdf
2026-10-05 15:48:52 | INFO     | Combustiveis\PJ-NFE-77678-POSTO 5 ESTRELAS-24-06.pdf | inicio de extracao
2026-10-05 15:48:52 | INFO     | Combustiveis\PJ-NFE-77678-POSTO 5 ESTRELAS-24-06.pdf | origem=texto itens=467
2026-10-05 15:48:52 | INFO     | Combustiveis\PJ-NFE-77678-POSTO 5 ESTRELAS-24-06.pdf | chave=80000001100007767852240602766553000185550010 DV_valido=True
2026-10-05 15:48:52 | INFO     | produtos: cabecalho detectado pelo criterio '2. CODIGO+CFOP'
2026-10-05 15:48:52 | INFO     | produtos: colunas mapeadas (8): ['codigo', 'valor_total', 'descricao', 'ncm', 'quantidade', 'origem_cst', 'cfop', 'valor_unitario']
2026-10-05 15:48:52 | DEBUG    | produtos: novo item -> {'codigo': '00000000000720', 'descricao': 'GASOLINA C COMUM', 'ncm': '27101259', 'origem_cst': '061', 'cfop': '5.929 LT', 'quantidade': '57,325', 'valor_unitario': '5,890 337,64 0,00'}
2026-10-05 15:48:52 | DEBUG    | produtos: novo item -> {'codigo': '00000000000717', 'descricao': 'ETANOL HIDRATADO COMUM', 'ncm': '22071090', 'origem_cst': '060', 'cfop': '5.929 LT', 'quantidade': '107,425', 'valor_unitario': '3,890 417,88 0,00'}
2026-10-05 15:48:52 | DEBUG    | produtos: novo item -> {'codigo': '00000000000717', 'descricao': 'ETANOL HIDRATADO COMUM', 'ncm': '22071090', 'origem_cst': '060', 'cfop': '5.929 LT', 'quantidade': '85,265', 'valor_unitario': '3,990 340,21 0,00'}
2026-10-05 15:48:52 | INFO     | produtos: 3 item(ns) extraido(s)
2026-10-05 15:48:52 | INFO     | produtos: item 1 codigo=None descricao='GASOLINA C COMUM' ncm='27101259' und='LT' qtde=0.0 vlr_unit=5890 vlr_total=None
2026-10-05 15:48:52 | INFO     | produtos: item 2 codigo=None descricao='ETANOL HIDRATADO COMUM' ncm='22071090' und='LT' qtde=0.0 vlr_unit=3890 vlr_total=None
2026-10-05 15:48:52 | INFO     | produtos: item 3 codigo=None descricao='ETANOL HIDRATADO COMUM' ncm='22071090' und='LT' qtde=0.0 vlr_unit=3990 vlr_total=None
2026-10-05 15:48:52 | INFO     | produtos: total combinado (paginas) = 3
2026-10-05 15:48:52 | INFO     | produtos: extracao por conteudo (fallback) = 3 item(ns)
2026-10-05 15:48:52 | INFO     | peso_liquido ausente -> volume total em litros: 250.0150
2026-10-05 15:48:52 | INFO     | Combustiveis\PJ-NFE-77678-POSTO 5 ESTRELAS-24-06.pdf | extracao COMPLETA
2026-10-05 15:48:52 | INFO     | Combustiveis\PJ-NFE-77678-POSTO 5 ESTRELAS-24-06.pdf | produtos=3 status=completa
2026-10-05 15:48:52 | INFO     | pipeline | Combustiveis\PJ-NFE-77678-POSTO 5 ESTRELAS-24-06.pdf | chave 80000001100007767852240602766553000185550010 ATUALIZADA
2026-10-05 15:48:52 | INFO     | pipeline | [81/98] processando Combustiveis\PJ-NFE-78107-POSTO 5 ESTRELAS-30-06.pdf
2026-10-05 15:48:52 | INFO     | Combustiveis\PJ-NFE-78107-POSTO 5 ESTRELAS-30-06.pdf | inicio de extracao
2026-10-05 15:48:52 | INFO     | Combustiveis\PJ-NFE-78107-POSTO 5 ESTRELAS-30-06.pdf | origem=texto itens=661
2026-10-05 15:48:52 | INFO     | Combustiveis\PJ-NFE-78107-POSTO 5 ESTRELAS-30-06.pdf | chave=58000000110000781075224060276655300018555001 DV_valido=True
2026-10-05 15:48:52 | INFO     | produtos: cabecalho detectado pelo criterio '2. CODIGO+CFOP'
2026-10-05 15:48:52 | INFO     | produtos: colunas mapeadas (8): ['codigo', 'valor_total', 'descricao', 'ncm', 'quantidade', 'origem_cst', 'cfop', 'valor_unitario']
2026-10-05 15:48:52 | DEBUG    | produtos: novo item -> {'codigo': '00000000000720', 'descricao': 'GASOLINA C COMUM', 'ncm': '27101259', 'origem_cst': '061', 'cfop': '5.929 LT', 'quantidade': '105,370', 'valor_unitario': '5,870 618,52 0,00'}
2026-10-05 15:48:52 | DEBUG    | produtos: novo item -> {'codigo': '00000000000717', 'descricao': 'ETANOL HIDRATADO COMUM', 'ncm': '22071090', 'origem_cst': '060', 'cfop': '5.929 LT', 'quantidade': '223,104', 'valor_unitario': '3,890 867,87 0,00'}
2026-10-05 15:48:52 | INFO     | produtos: 2 item(ns) extraido(s)
2026-10-05 15:48:52 | INFO     | produtos: item 1 codigo=None descricao='GASOLINA C COMUM' ncm='27101259' und='LT' qtde=0.0 vlr_unit=5870 vlr_total=None
2026-10-05 15:48:52 | INFO     | produtos: item 2 codigo=None descricao='ETANOL HIDRATADO COMUM' ncm='22071090' und='LT' qtde=0.0 vlr_unit=3890 vlr_total=None
2026-10-05 15:48:52 | INFO     | produtos: cabecalho detectado pelo criterio '4. CODIGO somente (fallback final)'
2026-10-05 15:48:52 | INFO     | produtos: colunas mapeadas (4): ['valor_total', 'codigo', 'quantidade', 'desconto']
2026-10-05 15:48:52 | INFO     | produtos: 0 item(ns) extraido(s)
2026-10-05 15:48:52 | INFO     | produtos: total combinado (paginas) = 2
2026-10-05 15:48:52 | INFO     | produtos: extracao por conteudo (fallback) = 4 item(ns)
2026-10-05 15:48:52 | INFO     | Combustiveis\PJ-NFE-78107-POSTO 5 ESTRELAS-30-06.pdf | extracao COMPLETA
2026-10-05 15:48:52 | INFO     | Combustiveis\PJ-NFE-78107-POSTO 5 ESTRELAS-30-06.pdf | produtos=4 status=completa
2026-10-05 15:48:52 | INFO     | pipeline | Combustiveis\PJ-NFE-78107-POSTO 5 ESTRELAS-30-06.pdf | chave 58000000110000781075224060276655300018555001 ATUALIZADA
2026-10-05 15:48:52 | INFO     | pipeline | [82/98] processando Combustiveis\PJ-NFE-78517-POSTO 5 ESTRELAS-12-07.pdf
2026-10-05 15:48:52 | INFO     | Combustiveis\PJ-NFE-78517-POSTO 5 ESTRELAS-12-07.pdf | inicio de extracao
2026-10-05 15:48:52 | INFO     | Combustiveis\PJ-NFE-78517-POSTO 5 ESTRELAS-12-07.pdf | origem=texto itens=669
2026-10-05 15:48:52 | INFO     | Combustiveis\PJ-NFE-78517-POSTO 5 ESTRELAS-12-07.pdf | chave=97580000001100007851752240702766553000185550 DV_valido=True
2026-10-05 15:48:52 | INFO     | produtos: cabecalho detectado pelo criterio '2. CODIGO+CFOP'
2026-10-05 15:48:52 | INFO     | produtos: colunas mapeadas (8): ['codigo', 'valor_total', 'descricao', 'ncm', 'quantidade', 'origem_cst', 'cfop', 'valor_unitario']
2026-10-05 15:48:52 | DEBUG    | produtos: novo item -> {'codigo': '00000000000720', 'descricao': 'GASOLINA C COMUM', 'ncm': '27101259', 'origem_cst': '061', 'cfop': '5.929 LT', 'quantidade': '51,482', 'valor_unitario': '5,930 305,29 0,00'}
2026-10-05 15:48:52 | DEBUG    | produtos: novo item -> {'codigo': '00000000000717', 'descricao': 'ETANOL HIDRATADO COMUM', 'ncm': '22071090', 'origem_cst': '060', 'cfop': '5.929 LT', 'quantidade': '148,166', 'valor_unitario': '3,990 591,18 0,00'}
2026-10-05 15:48:52 | INFO     | produtos: 2 item(ns) extraido(s)
2026-10-05 15:48:52 | INFO     | produtos: item 1 codigo=None descricao='GASOLINA C COMUM' ncm='27101259' und='LT' qtde=0.0 vlr_unit=5930 vlr_total=None
2026-10-05 15:48:52 | INFO     | produtos: item 2 codigo=None descricao='ETANOL HIDRATADO COMUM' ncm='22071090' und='LT' qtde=0.0 vlr_unit=3990 vlr_total=None
2026-10-05 15:48:52 | INFO     | produtos: cabecalho detectado pelo criterio '4. CODIGO somente (fallback final)'
2026-10-05 15:48:52 | INFO     | produtos: colunas mapeadas (4): ['valor_total', 'codigo', 'quantidade', 'desconto']
2026-10-05 15:48:52 | INFO     | produtos: 0 item(ns) extraido(s)
2026-10-05 15:48:52 | INFO     | produtos: total combinado (paginas) = 2
2026-10-05 15:48:52 | INFO     | produtos: extracao por conteudo (fallback) = 4 item(ns)
2026-10-05 15:48:52 | INFO     | Combustiveis\PJ-NFE-78517-POSTO 5 ESTRELAS-12-07.pdf | extracao COMPLETA
2026-10-05 15:48:52 | INFO     | Combustiveis\PJ-NFE-78517-POSTO 5 ESTRELAS-12-07.pdf | produtos=4 status=completa
2026-10-05 15:48:52 | INFO     | pipeline | Combustiveis\PJ-NFE-78517-POSTO 5 ESTRELAS-12-07.pdf | chave 97580000001100007851752240702766553000185550 ATUALIZADA
2026-10-05 15:48:52 | INFO     | pipeline | [83/98] processando Combustiveis\PJ-NFE-78900-POSTO 5 ESTRELAS-26-07.pdf
2026-10-05 15:48:52 | INFO     | Combustiveis\PJ-NFE-78900-POSTO 5 ESTRELAS-26-07.pdf | inicio de extracao
2026-10-05 15:48:52 | INFO     | Combustiveis\PJ-NFE-78900-POSTO 5 ESTRELAS-26-07.pdf | origem=texto itens=637
2026-10-05 15:48:52 | INFO     | Combustiveis\PJ-NFE-78900-POSTO 5 ESTRELAS-26-07.pdf | chave=58000000110000789005224070276655300018555001 DV_valido=True
2026-10-05 15:48:52 | INFO     | produtos: cabecalho detectado pelo criterio '2. CODIGO+CFOP'
2026-10-05 15:48:52 | INFO     | produtos: colunas mapeadas (8): ['codigo', 'valor_total', 'descricao', 'ncm', 'quantidade', 'origem_cst', 'cfop', 'valor_unitario']
2026-10-05 15:48:52 | DEBUG    | produtos: novo item -> {'codigo': '00000000000717', 'descricao': 'ETANOL HIDRATADO COMUM', 'ncm': '22071090', 'origem_cst': '060', 'cfop': '5.929 LT', 'quantidade': '35,572', 'valor_unitario': '4,090 145,49 0,00'}
2026-10-05 15:48:52 | DEBUG    | produtos: novo item -> {'codigo': '00000000000717', 'descricao': 'ETANOL HIDRATADO COMUM', 'ncm': '22071090', 'origem_cst': '060', 'cfop': '5.929 LT', 'quantidade': '56,875', 'valor_unitario': '4,190 238,31 0,00'}
2026-10-05 15:48:52 | INFO     | produtos: 2 item(ns) extraido(s)
2026-10-05 15:48:52 | INFO     | produtos: item 1 codigo=None descricao='ETANOL HIDRATADO COMUM' ncm='22071090' und='LT' qtde=0.0 vlr_unit=4090 vlr_total=None
2026-10-05 15:48:52 | INFO     | produtos: item 2 codigo=None descricao='ETANOL HIDRATADO COMUM' ncm='22071090' und='LT' qtde=0.0 vlr_unit=4190 vlr_total=None
2026-10-05 15:48:52 | INFO     | produtos: cabecalho detectado pelo criterio '4. CODIGO somente (fallback final)'
2026-10-05 15:48:52 | INFO     | produtos: colunas mapeadas (4): ['valor_total', 'codigo', 'quantidade', 'desconto']
2026-10-05 15:48:52 | INFO     | produtos: 0 item(ns) extraido(s)
2026-10-05 15:48:52 | INFO     | produtos: total combinado (paginas) = 2
2026-10-05 15:48:52 | INFO     | produtos: extracao por conteudo (fallback) = 4 item(ns)
2026-10-05 15:48:52 | INFO     | Combustiveis\PJ-NFE-78900-POSTO 5 ESTRELAS-26-07.pdf | extracao COMPLETA
2026-10-05 15:48:52 | INFO     | Combustiveis\PJ-NFE-78900-POSTO 5 ESTRELAS-26-07.pdf | produtos=4 status=completa
2026-10-05 15:48:52 | INFO     | pipeline | Combustiveis\PJ-NFE-78900-POSTO 5 ESTRELAS-26-07.pdf | chave 58000000110000789005224070276655300018555001 ATUALIZADA
2026-10-05 15:48:52 | INFO     | pipeline | [84/98] processando Estoque de Gado\2024-07-JULHO-FAZENDA DOURADA.pdf
2026-10-05 15:48:52 | INFO     | Estoque de Gado\2024-07-JULHO-FAZENDA DOURADA.pdf | inicio de extracao
2026-10-05 15:48:52 | INFO     | Estoque de Gado\2024-07-JULHO-FAZENDA DOURADA.pdf | origem=texto itens=204
2026-10-05 15:48:52 | WARNING  | Estoque de Gado\2024-07-JULHO-FAZENDA DOURADA.pdf | chave de acesso (44 digitos) NAO encontrada
2026-10-05 15:48:52 | ERROR    | pipeline | Estoque de Gado\2024-07-JULHO-FAZENDA DOURADA.pdf | NAO processado -> nao foi encontrada a chave de acesso (44 digitos)
2026-10-05 15:48:52 | INFO     | pipeline | [85/98] processando Fertilizantes\PF-NFE-158559-ICL-02-08.pdf
2026-10-05 15:48:52 | INFO     | Fertilizantes\PF-NFE-158559-ICL-02-08.pdf | inicio de extracao
2026-10-05 15:48:52 | INFO     | Fertilizantes\PF-NFE-158559-ICL-02-08.pdf | origem=texto itens=982
2026-10-05 15:48:52 | INFO     | Fertilizantes\PF-NFE-158559-ICL-02-08.pdf | chave=35230760398138000465550010001585591874024620 DV_valido=True
2026-10-05 15:48:52 | WARNING  | produtos: cabecalho da tabela NAO encontrado (regiao y=2012..3226 p1, itens=243)
2026-10-05 15:48:52 | WARNING  | produtos: cabecalho da tabela NAO encontrado (regiao y=2012..3226 p2, itens=117)
2026-10-05 15:48:52 | INFO     | produtos: total combinado (paginas) = 0
2026-10-05 15:48:52 | INFO     | produtos: extracao por conteudo (fallback) = 8 item(ns)
2026-10-05 15:48:52 | WARNING  | Fertilizantes\PF-NFE-158559-ICL-02-08.pdf | extracao PARCIAL -> campos nucleares ausentes: data_emissao
2026-10-05 15:48:52 | INFO     | Fertilizantes\PF-NFE-158559-ICL-02-08.pdf | produtos=8 status=parcial
2026-10-05 15:48:52 | INFO     | pipeline | Fertilizantes\PF-NFE-158559-ICL-02-08.pdf | chave 35230760398138000465550010001585591874024620 ATUALIZADA
2026-10-05 15:48:52 | INFO     | pipeline | [86/98] processando Fertilizantes\PF-NFE-19353-COMIGO-17-09.pdf
2026-10-05 15:48:52 | INFO     | Fertilizantes\PF-NFE-19353-COMIGO-17-09.pdf | inicio de extracao
2026-10-05 15:48:52 | INFO     | Fertilizantes\PF-NFE-19353-COMIGO-17-09.pdf | origem=texto itens=485
2026-10-05 15:48:52 | INFO     | Fertilizantes\PF-NFE-19353-COMIGO-17-09.pdf | chave=25224080207761800379655002000019353189051147 DV_valido=True
2026-10-05 15:48:52 | INFO     | produtos: cabecalho detectado pelo criterio '2. CODIGO+CFOP'
2026-10-05 15:48:52 | INFO     | produtos: colunas mapeadas (9): ['codigo', 'descricao', 'ncm', 'origem_cst', 'cfop', 'unidade', 'quantidade', 'valor_unitario', 'valor_total']
2026-10-05 15:48:52 | DEBUG    | produtos: novo item -> {'codigo': 'Lote(s):', 'valor_total': '6772400000 |', 'descricao': 'do ICMS Desonerado: 432,23'}
2026-10-05 15:48:52 | DEBUG    | produtos: novo item -> {'codigo': 'Produto', 'valor_total': 'não enquadrado na', 'descricao': 'portaria em vigor sobre transporte', 'ncm': 'perigosos'}
2026-10-05 15:48:52 | DEBUG    | produtos: novo item -> {'codigo': 'INSCRIÇÃO MUNICIPAL', 'descricao': 'TOTAL DOS', 'ncm': 'BASE CÁLCULO', 'origem_cst': 'DO ISSQN', 'valor_unitario': 'DO ISSQN'}
2026-10-05 15:48:52 | INFO     | produtos: 3 item(ns) extraido(s)
2026-10-05 15:48:52 | INFO     | produtos: item 1 codigo=None descricao='do' ncm=None und=None qtde=None vlr_unit=None vlr_total='6772400000 |'
2026-10-05 15:48:52 | INFO     | produtos: item 2 codigo=None descricao='portaria em vigor sobre transporte' ncm=None und=None qtde=None vlr_unit=None vlr_total='não enquadrado na'
2026-10-05 15:48:52 | INFO     | produtos: item 3 codigo=None descricao='TOTAL DOS' ncm=None und=None qtde='0,00' vlr_unit='DO ISSQN' vlr_total='777'
2026-10-05 15:48:52 | INFO     | produtos: total combinado (paginas) = 3
2026-10-05 15:48:52 | INFO     | produtos: extracao por conteudo (fallback) = 2 item(ns)
2026-10-05 15:48:52 | WARNING  | Fertilizantes\PF-NFE-19353-COMIGO-17-09.pdf | extracao PARCIAL -> campos nucleares ausentes: data_emissao
2026-10-05 15:48:52 | INFO     | Fertilizantes\PF-NFE-19353-COMIGO-17-09.pdf | produtos=2 status=parcial
2026-10-05 15:48:52 | INFO     | pipeline | Fertilizantes\PF-NFE-19353-COMIGO-17-09.pdf | chave 25224080207761800379655002000019353189051147 ATUALIZADA
2026-10-05 15:48:52 | INFO     | pipeline | [87/98] processando Fertilizantes\PF-NFE-2297191-COMIGO.pdf
2026-10-05 15:48:52 | INFO     | Fertilizantes\PF-NFE-2297191-COMIGO.pdf | inicio de extracao
2026-10-05 15:48:52 | INFO     | Fertilizantes\PF-NFE-2297191-COMIGO.pdf | origem=texto itens=530
2026-10-05 15:48:52 | INFO     | Fertilizantes\PF-NFE-2297191-COMIGO.pdf | chave=11522401020776180002665500200229719116284497 DV_valido=True
2026-10-05 15:48:52 | INFO     | produtos: cabecalho detectado pelo criterio '2. CODIGO+CFOP'
2026-10-05 15:48:52 | INFO     | produtos: colunas mapeadas (9): ['codigo', 'descricao', 'ncm', 'origem_cst', 'cfop', 'unidade', 'quantidade', 'valor_unitario', 'valor_total']
2026-10-05 15:48:52 | DEBUG    | produtos: novo item -> {'codigo': '103.004.231', 'valor_total': 'FERT.06-30-06 C/0,5ZN/0,5B/0,5CU', 'descricao': 'CMG BG', 'ncm': '31052000', 'origem_cst': '020', 'cfop': '5159', 'unidade': 'TO', 'quantidade': '16,000', 'valor_unitario': '3.116,54 49.864,60'}
2026-10-05 15:48:52 | DEBUG    | produtos: novo item -> {'codigo': 'Lote:', 'valor_total': '100891524 | do', 'descricao': 'ICMS Desonerado: 8.410,60'}
2026-10-05 15:48:52 | DEBUG    | produtos: novo item -> {'codigo': 'REGISTRO', 'valor_total': 'MAPA:', 'descricao': 'GO-000961-0.000094'}
2026-10-05 15:48:52 | DEBUG    | produtos: novo item -> {'codigo': 'INDÚSTRIA', 'valor_total': 'BRASILEIRA -', 'descricao': 'EP: GO 000961-0'}
2026-10-05 15:48:52 | DEBUG    | produtos: novo item -> {'codigo': 'NATUREZA', 'valor_total': 'FÍSICA:', 'descricao': 'GRANULADO'}
2026-10-05 15:48:52 | DEBUG    | produtos: novo item -> {'codigo': 'MODO', 'valor_total': 'DE APLICAÇÃO: VIA', 'descricao': 'SOLO'}
2026-10-05 15:48:52 | DEBUG    | produtos: novo item -> {'codigo': 'DATA', 'valor_total': 'FABRICAÇÃO: 19 /', 'descricao': '01 / 2024 VALIDADE: 01 / 2025'}
2026-10-05 15:48:52 | DEBUG    | produtos: novo item -> {'codigo': 'INSCRIÇÃO MUNICIPAL', 'descricao': 'TOTAL DOS', 'ncm': 'BASE CÁLCULO', 'origem_cst': 'DO ISSQN', 'valor_unitario': 'DO ISSQN'}
2026-10-05 15:48:52 | INFO     | produtos: 8 item(ns) extraido(s)
2026-10-05 15:48:52 | INFO     | produtos: item 1 codigo=None descricao='CMG BG' ncm='31052000' und=None qtde=3116.54 vlr_unit=49864.6 vlr_total='FERT.06-30-06 C/0,5ZN/0,5B/0,5CU'
2026-10-05 15:48:52 | WARNING  | produtos: item 2 SEM DESCRICAO (codigo=None qtde=None)
2026-10-05 15:48:52 | INFO     | produtos: item 3 codigo=None descricao='GO-000961-0.000094' ncm=None und=None qtde=None vlr_unit=None vlr_total='MAPA:'
2026-10-05 15:48:52 | INFO     | produtos: item 4 codigo=None descricao='EP: GO 000961-0 PRODUTO: FERTILIZANTES MINERAL' ncm=None und=None qtde=None vlr_unit=None vlr_total='BRASILEIRA - CLASSIFICAÇÃO DO'
2026-10-05 15:48:52 | INFO     | produtos: item 5 codigo=None descricao='GRANULADO' ncm=None und=None qtde=None vlr_unit=None vlr_total='FÍSICA:'
2026-10-05 15:48:52 | INFO     | produtos: item 6 codigo=None descricao='SOLO' ncm=None und=None qtde=None vlr_unit=None vlr_total='DE APLICAÇÃO: VIA'
2026-10-05 15:48:52 | INFO     | produtos: item 7 codigo=None descricao='01 / 2024 VALIDADE: 01 / 2025' ncm=None und=None qtde=None vlr_unit=None vlr_total='FABRICAÇÃO: 19 / AD_ANTIDUST 0,30 %'
2026-10-05 15:48:52 | INFO     | produtos: item 8 codigo=None descricao='TOTAL DOS' ncm=None und=None qtde='0,00' vlr_unit='DO ISSQN' vlr_total='154'
2026-10-05 15:48:52 | INFO     | produtos: total combinado (paginas) = 8
2026-10-05 15:48:52 | INFO     | produtos: extracao por conteudo (fallback) = 3 item(ns)
2026-10-05 15:48:52 | WARNING  | Fertilizantes\PF-NFE-2297191-COMIGO.pdf | extracao PARCIAL -> campos nucleares ausentes: data_emissao, emitente.razao_social
2026-10-05 15:48:52 | INFO     | Fertilizantes\PF-NFE-2297191-COMIGO.pdf | produtos=3 status=parcial
2026-10-05 15:48:52 | INFO     | pipeline | Fertilizantes\PF-NFE-2297191-COMIGO.pdf | chave 11522401020776180002665500200229719116284497 ATUALIZADA
2026-10-05 15:48:52 | INFO     | pipeline | [88/98] processando Fertilizantes\PF-NFE-2303645-COMIGO-22-02.pdf
2026-10-05 15:48:52 | INFO     | Fertilizantes\PF-NFE-2303645-COMIGO-22-02.pdf | inicio de extracao
2026-10-05 15:48:52 | INFO     | Fertilizantes\PF-NFE-2303645-COMIGO-22-02.pdf | origem=texto itens=520
2026-10-05 15:48:52 | INFO     | Fertilizantes\PF-NFE-2303645-COMIGO-22-02.pdf | chave=52240102077618000266550020023036451607662126 DV_valido=True
2026-10-05 15:48:52 | INFO     | produtos: cabecalho detectado pelo criterio '2. CODIGO+CFOP'
2026-10-05 15:48:52 | INFO     | produtos: colunas mapeadas (9): ['codigo', 'descricao', 'ncm', 'origem_cst', 'cfop', 'unidade', 'quantidade', 'valor_unitario', 'valor_total']
2026-10-05 15:48:52 | DEBUG    | produtos: novo item -> {'codigo': '103.004.742', 'valor_total': 'FERT.20-10-10 C/0,5ZN', 'descricao': 'COMIGO BG', 'ncm': '31052000', 'origem_cst': '020', 'cfop': '5159', 'unidade': 'TO', 'quantidade': '31,000', 'valor_unitario': '2.362,12 73.225,57'}
2026-10-05 15:48:52 | DEBUG    | produtos: novo item -> {'codigo': 'Lote:', 'valor_total': '100893022 | do', 'descricao': 'ICMS Desonerado: 12.350,86'}
2026-10-05 15:48:52 | DEBUG    | produtos: novo item -> {'codigo': 'REGISTRO', 'valor_total': 'MAPA:', 'descricao': 'GO-000961-0.000059'}
2026-10-05 15:48:52 | DEBUG    | produtos: novo item -> {'codigo': 'INDÚSTRIA', 'valor_total': 'BRASILEIRA -', 'descricao': 'EP: GO 000961-0'}
2026-10-05 15:48:52 | DEBUG    | produtos: novo item -> {'codigo': 'NATUREZA', 'valor_total': 'FÍSICA:', 'descricao': 'GRANULADO'}
2026-10-05 15:48:52 | DEBUG    | produtos: novo item -> {'codigo': 'MODO', 'valor_total': 'DE APLICAÇÃO: VIA', 'descricao': 'SOLO'}
2026-10-05 15:48:52 | DEBUG    | produtos: novo item -> {'codigo': 'DATA', 'valor_total': 'FABRICAÇÃO: 31 /', 'descricao': '01 / 2024 VALIDADE: 07 / 2024'}
2026-10-05 15:48:52 | DEBUG    | produtos: novo item -> {'codigo': 'INSCRIÇÃO MUNICIPAL', 'descricao': 'TOTAL DOS', 'ncm': 'BASE CÁLCULO', 'origem_cst': 'DO ISSQN', 'valor_unitario': 'DO ISSQN'}
2026-10-05 15:48:52 | INFO     | produtos: 8 item(ns) extraido(s)
2026-10-05 15:48:52 | INFO     | produtos: item 1 codigo=None descricao='COMIGO BG' ncm='31052000' und=None qtde=2362.12 vlr_unit=73225.57 vlr_total='FERT.20-10-10 C/0,5ZN'
2026-10-05 15:48:52 | WARNING  | produtos: item 2 SEM DESCRICAO (codigo=None qtde=None)
2026-10-05 15:48:52 | INFO     | produtos: item 3 codigo=None descricao='GO-000961-0.000059' ncm=None und=None qtde=None vlr_unit=None vlr_total='MAPA:'
2026-10-05 15:48:52 | INFO     | produtos: item 4 codigo=None descricao='EP: GO 000961-0 PRODUTO: FERTILIZANTES MINERAL' ncm=None und=None qtde=None vlr_unit=None vlr_total='BRASILEIRA - CLASSIFICAÇÃO DO'
2026-10-05 15:48:52 | INFO     | produtos: item 5 codigo=None descricao='GRANULADO' ncm=None und=None qtde=None vlr_unit=None vlr_total='FÍSICA:'
2026-10-05 15:48:52 | INFO     | produtos: item 6 codigo=None descricao='SOLO' ncm=None und=None qtde=None vlr_unit=None vlr_total='DE APLICAÇÃO: VIA'
2026-10-05 15:48:52 | INFO     | produtos: item 7 codigo=None descricao='01 / 2024 VALIDADE: 07 / 2024' ncm=None und=None qtde=None vlr_unit=None vlr_total='FABRICAÇÃO: 31 /'
2026-10-05 15:48:52 | INFO     | produtos: item 8 codigo=None descricao='TOTAL DOS' ncm=None und=None qtde='0,00' vlr_unit='DO ISSQN' vlr_total='154'
2026-10-05 15:48:52 | INFO     | produtos: total combinado (paginas) = 8
2026-10-05 15:48:52 | INFO     | produtos: extracao por conteudo (fallback) = 3 item(ns)
2026-10-05 15:48:52 | WARNING  | Fertilizantes\PF-NFE-2303645-COMIGO-22-02.pdf | extracao PARCIAL -> campos nucleares ausentes: data_emissao, emitente.razao_social
2026-10-05 15:48:52 | INFO     | Fertilizantes\PF-NFE-2303645-COMIGO-22-02.pdf | produtos=3 status=parcial
2026-10-05 15:48:52 | INFO     | pipeline | Fertilizantes\PF-NFE-2303645-COMIGO-22-02.pdf | chave 52240102077618000266550020023036451607662126 ATUALIZADA
2026-10-05 15:48:52 | INFO     | pipeline | [89/98] processando Fertilizantes\PF-NFE-2325156-COMIGO-22-03.pdf
2026-10-05 15:48:52 | INFO     | Fertilizantes\PF-NFE-2325156-COMIGO-22-03.pdf | inicio de extracao
2026-10-05 15:48:52 | INFO     | Fertilizantes\PF-NFE-2325156-COMIGO-22-03.pdf | origem=texto itens=520
2026-10-05 15:48:52 | INFO     | Fertilizantes\PF-NFE-2325156-COMIGO-22-03.pdf | chave=52240202077618000266550020023251561368625736 DV_valido=True
2026-10-05 15:48:52 | INFO     | produtos: cabecalho detectado pelo criterio '2. CODIGO+CFOP'
2026-10-05 15:48:52 | INFO     | produtos: colunas mapeadas (9): ['codigo', 'descricao', 'ncm', 'origem_cst', 'cfop', 'unidade', 'quantidade', 'valor_unitario', 'valor_total']
2026-10-05 15:48:52 | DEBUG    | produtos: novo item -> {'codigo': '103.001.870', 'valor_total': 'FERT.20-00-20 C/1,0B', 'descricao': 'COMIGO BG', 'ncm': '31059019', 'origem_cst': '020', 'cfop': '5159', 'unidade': 'TO', 'quantidade': '47,848', 'valor_unitario': '2.384,34 114.086,00'}
2026-10-05 15:48:52 | DEBUG    | produtos: novo item -> {'codigo': 'Lote:', 'valor_total': '100896051 | do', 'descricao': 'ICMS Desonerado: 19.242,73'}
2026-10-05 15:48:52 | DEBUG    | produtos: novo item -> {'codigo': 'REGISTRO', 'valor_total': 'MAPA:', 'descricao': 'GO-000961-0.000157'}
2026-10-05 15:48:52 | DEBUG    | produtos: novo item -> {'codigo': 'INDÚSTRIA', 'valor_total': 'BRASILEIRA -', 'descricao': 'EP: GO 000961-0'}
2026-10-05 15:48:52 | DEBUG    | produtos: novo item -> {'codigo': 'NATUREZA', 'valor_total': 'FÍSICA: MIST.', 'descricao': 'DE GRANULOS'}
2026-10-05 15:48:52 | DEBUG    | produtos: novo item -> {'codigo': 'MODO', 'valor_total': 'DE APLICAÇÃO: VIA', 'descricao': 'SOLO'}
2026-10-05 15:48:52 | DEBUG    | produtos: novo item -> {'codigo': 'DATA', 'valor_total': 'FABRICAÇÃO: 27 /', 'descricao': '02 / 2024 VALIDADE: 08 / 2024'}
2026-10-05 15:48:52 | DEBUG    | produtos: novo item -> {'codigo': 'INSCRIÇÃO MUNICIPAL', 'descricao': 'TOTAL DOS', 'ncm': 'BASE CÁLCULO', 'origem_cst': 'DO ISSQN', 'valor_unitario': 'DO ISSQN'}
2026-10-05 15:48:52 | INFO     | produtos: 8 item(ns) extraido(s)
2026-10-05 15:48:52 | INFO     | produtos: item 1 codigo=None descricao='COMIGO BG' ncm='31059019' und=None qtde=2384.34 vlr_unit=114086.0 vlr_total='FERT.20-00-20 C/1,0B'
2026-10-05 15:48:52 | WARNING  | produtos: item 2 SEM DESCRICAO (codigo=None qtde=None)
2026-10-05 15:48:52 | INFO     | produtos: item 3 codigo=None descricao='GO-000961-0.000157' ncm=None und=None qtde=None vlr_unit=None vlr_total='MAPA:'
2026-10-05 15:48:52 | INFO     | produtos: item 4 codigo=None descricao='EP: GO 000961-0 PRODUTO: FERTILIZANTES MINERAL' ncm=None und=None qtde=None vlr_unit=None vlr_total='BRASILEIRA - CLASSIFICAÇÃO DO'
2026-10-05 15:48:52 | INFO     | produtos: item 5 codigo=None descricao='DE GRANULOS' ncm=None und=None qtde=None vlr_unit=None vlr_total='FÍSICA: MIST.'
2026-10-05 15:48:52 | INFO     | produtos: item 6 codigo=None descricao='SOLO' ncm=None und=None qtde=None vlr_unit=None vlr_total='DE APLICAÇÃO: VIA'
2026-10-05 15:48:52 | INFO     | produtos: item 7 codigo=None descricao='02 / 2024 VALIDADE: 08 / 2024' ncm=None und=None qtde=None vlr_unit=None vlr_total='FABRICAÇÃO: 27 /'
2026-10-05 15:48:52 | INFO     | produtos: item 8 codigo=None descricao='TOTAL DOS' ncm=None und=None qtde='0,00' vlr_unit='DO ISSQN' vlr_total='154'
2026-10-05 15:48:52 | INFO     | produtos: total combinado (paginas) = 8
2026-10-05 15:48:52 | INFO     | produtos: extracao por conteudo (fallback) = 3 item(ns)
2026-10-05 15:48:52 | WARNING  | Fertilizantes\PF-NFE-2325156-COMIGO-22-03.pdf | extracao PARCIAL -> campos nucleares ausentes: data_emissao, emitente.razao_social
2026-10-05 15:48:52 | INFO     | Fertilizantes\PF-NFE-2325156-COMIGO-22-03.pdf | produtos=3 status=parcial
2026-10-05 15:48:52 | INFO     | pipeline | Fertilizantes\PF-NFE-2325156-COMIGO-22-03.pdf | chave 52240202077618000266550020023251561368625736 ATUALIZADA
2026-10-05 15:48:52 | INFO     | pipeline | [90/98] processando Fertilizantes\PF-NFE-2325979-COMIGO-22-03-19-04.pdf
2026-10-05 15:48:52 | INFO     | Fertilizantes\PF-NFE-2325979-COMIGO-22-03-19-04.pdf | inicio de extracao
2026-10-05 15:48:52 | INFO     | Fertilizantes\PF-NFE-2325979-COMIGO-22-03-19-04.pdf | origem=texto itens=521
2026-10-05 15:48:52 | INFO     | Fertilizantes\PF-NFE-2325979-COMIGO-22-03-19-04.pdf | chave=52240202077618000266550020023259791509601828 DV_valido=True
2026-10-05 15:48:53 | INFO     | produtos: cabecalho detectado pelo criterio '2. CODIGO+CFOP'
2026-10-05 15:48:53 | INFO     | produtos: colunas mapeadas (9): ['codigo', 'descricao', 'ncm', 'origem_cst', 'cfop', 'unidade', 'quantidade', 'valor_unitario', 'valor_total']
2026-10-05 15:48:53 | DEBUG    | produtos: novo item -> {'codigo': '103.004.742', 'valor_total': 'FERT.20-10-10 C/0,5ZN', 'descricao': 'COMIGO BG', 'ncm': '31052000', 'origem_cst': '020', 'cfop': '5159', 'unidade': 'TO', 'quantidade': '36,000', 'valor_unitario': '2.531,94 91.149,87'}
2026-10-05 15:48:53 | DEBUG    | produtos: novo item -> {'codigo': 'Lote:', 'valor_total': '100896204 | do', 'descricao': 'ICMS Desonerado: 15.374,13'}
2026-10-05 15:48:53 | DEBUG    | produtos: novo item -> {'codigo': 'REGISTRO', 'valor_total': 'MAPA:', 'descricao': 'GO-000961-0.000059'}
2026-10-05 15:48:53 | DEBUG    | produtos: novo item -> {'codigo': 'INDÚSTRIA', 'valor_total': 'BRASILEIRA -', 'descricao': 'EP: GO 000961-0'}
2026-10-05 15:48:53 | DEBUG    | produtos: novo item -> {'codigo': 'NATUREZA', 'valor_total': 'FÍSICA:', 'descricao': 'GRANULADO'}
2026-10-05 15:48:53 | DEBUG    | produtos: novo item -> {'codigo': 'MODO', 'valor_total': 'DE APLICAÇÃO: VIA', 'descricao': 'SOLO'}
2026-10-05 15:48:53 | DEBUG    | produtos: novo item -> {'codigo': 'DATA', 'valor_total': 'FABRICAÇÃO: 28 /', 'descricao': '02 / 2024 VALIDADE: 08 / 2024'}
2026-10-05 15:48:53 | DEBUG    | produtos: novo item -> {'codigo': 'INSCRIÇÃO MUNICIPAL', 'descricao': 'TOTAL DOS', 'ncm': 'BASE CÁLCULO', 'origem_cst': 'DO ISSQN', 'valor_unitario': 'DO ISSQN'}
2026-10-05 15:48:53 | INFO     | produtos: 8 item(ns) extraido(s)
2026-10-05 15:48:53 | INFO     | produtos: item 1 codigo=None descricao='COMIGO BG' ncm='31052000' und=None qtde=2531.94 vlr_unit=91149.87 vlr_total='FERT.20-10-10 C/0,5ZN'
2026-10-05 15:48:53 | WARNING  | produtos: item 2 SEM DESCRICAO (codigo=None qtde=None)
2026-10-05 15:48:53 | INFO     | produtos: item 3 codigo=None descricao='GO-000961-0.000059' ncm=None und=None qtde=None vlr_unit=None vlr_total='MAPA:'
2026-10-05 15:48:53 | INFO     | produtos: item 4 codigo=None descricao='EP: GO 000961-0 PRODUTO: FERTILIZANTES MINERAL' ncm=None und=None qtde=None vlr_unit=None vlr_total='BRASILEIRA - CLASSIFICAÇÃO DO'
2026-10-05 15:48:53 | INFO     | produtos: item 5 codigo=None descricao='GRANULADO' ncm=None und=None qtde=None vlr_unit=None vlr_total='FÍSICA:'
2026-10-05 15:48:53 | INFO     | produtos: item 6 codigo=None descricao='SOLO' ncm=None und=None qtde=None vlr_unit=None vlr_total='DE APLICAÇÃO: VIA'
2026-10-05 15:48:53 | INFO     | produtos: item 7 codigo=None descricao='02 / 2024 VALIDADE: 08 / 2024' ncm=None und=None qtde=None vlr_unit=None vlr_total='FABRICAÇÃO: 28 /'
2026-10-05 15:48:53 | INFO     | produtos: item 8 codigo=None descricao='TOTAL DOS' ncm=None und=None qtde='0,00' vlr_unit='DO ISSQN' vlr_total='154'
2026-10-05 15:48:53 | INFO     | produtos: total combinado (paginas) = 8
2026-10-05 15:48:53 | INFO     | produtos: extracao por conteudo (fallback) = 3 item(ns)
2026-10-05 15:48:53 | WARNING  | Fertilizantes\PF-NFE-2325979-COMIGO-22-03-19-04.pdf | extracao PARCIAL -> campos nucleares ausentes: data_emissao, emitente.razao_social
2026-10-05 15:48:53 | INFO     | Fertilizantes\PF-NFE-2325979-COMIGO-22-03-19-04.pdf | produtos=3 status=parcial
2026-10-05 15:48:53 | INFO     | pipeline | Fertilizantes\PF-NFE-2325979-COMIGO-22-03-19-04.pdf | chave 52240202077618000266550020023259791509601828 ATUALIZADA
2026-10-05 15:48:53 | INFO     | pipeline | [91/98] processando Fertilizantes\PF-NFE-2327257-COMIGO-22-03.pdf
2026-10-05 15:48:53 | INFO     | Fertilizantes\PF-NFE-2327257-COMIGO-22-03.pdf | inicio de extracao
2026-10-05 15:48:53 | INFO     | Fertilizantes\PF-NFE-2327257-COMIGO-22-03.pdf | origem=texto itens=515
2026-10-05 15:48:53 | INFO     | Fertilizantes\PF-NFE-2327257-COMIGO-22-03.pdf | chave=52240202077618000266550020023272571772880205 DV_valido=True
2026-10-05 15:48:53 | INFO     | produtos: cabecalho detectado pelo criterio '2. CODIGO+CFOP'
2026-10-05 15:48:53 | INFO     | produtos: colunas mapeadas (9): ['codigo', 'descricao', 'ncm', 'origem_cst', 'cfop', 'unidade', 'quantidade', 'valor_unitario', 'valor_total']
2026-10-05 15:48:53 | DEBUG    | produtos: novo item -> {'codigo': '103.002.076', 'valor_total': 'FERT.15-00-15 C/1,0B', 'descricao': 'COMIGO SC', 'ncm': '31059011', 'origem_cst': '020', 'cfop': '5159', 'unidade': 'TO', 'quantidade': '39,000', 'valor_unitario': '2.078,19 81.049,50'}
2026-10-05 15:48:53 | DEBUG    | produtos: novo item -> {'codigo': 'Lote:', 'valor_total': '100896374 | do', 'descricao': 'ICMS Desonerado: 13.670,51'}
2026-10-05 15:48:53 | DEBUG    | produtos: novo item -> {'codigo': 'REGISTRO', 'valor_total': 'MAPA:', 'descricao': 'GO-000961-0.000149'}
2026-10-05 15:48:53 | DEBUG    | produtos: novo item -> {'codigo': 'INDÚSTRIA', 'valor_total': 'BRASILEIRA -', 'descricao': 'EP: GO 000961-0'}
2026-10-05 15:48:53 | DEBUG    | produtos: novo item -> {'codigo': 'NATUREZA', 'valor_total': 'FÍSICA: MIST.', 'descricao': 'DE GRANULOS'}
2026-10-05 15:48:53 | DEBUG    | produtos: novo item -> {'codigo': 'MODO', 'valor_total': 'DE APLICAÇÃO: VIA', 'descricao': 'SOLO'}
2026-10-05 15:48:53 | DEBUG    | produtos: novo item -> {'codigo': 'DATA', 'valor_total': 'FABRICAÇÃO: 29 /', 'descricao': '02 / 2024 VALIDADE: 08 / 2024'}
2026-10-05 15:48:53 | DEBUG    | produtos: novo item -> {'codigo': 'INSCRIÇÃO MUNICIPAL', 'descricao': 'TOTAL DOS', 'ncm': 'BASE CÁLCULO', 'origem_cst': 'DO ISSQN', 'valor_unitario': 'DO ISSQN'}
2026-10-05 15:48:53 | INFO     | produtos: 8 item(ns) extraido(s)
2026-10-05 15:48:53 | INFO     | produtos: item 1 codigo=None descricao='COMIGO SC' ncm='31059011' und=None qtde=2078.19 vlr_unit=81049.5 vlr_total='FERT.15-00-15 C/1,0B'
2026-10-05 15:48:53 | WARNING  | produtos: item 2 SEM DESCRICAO (codigo=None qtde=None)
2026-10-05 15:48:53 | INFO     | produtos: item 3 codigo=None descricao='GO-000961-0.000149' ncm=None und=None qtde=None vlr_unit=None vlr_total='MAPA:'
2026-10-05 15:48:53 | INFO     | produtos: item 4 codigo=None descricao='EP: GO 000961-0 PRODUTO: FERTILIZANTES MINERAL' ncm=None und=None qtde=None vlr_unit=None vlr_total='BRASILEIRA - CLASSIFICAÇÃO DO'
2026-10-05 15:48:53 | INFO     | produtos: item 5 codigo=None descricao='DE GRANULOS' ncm=None und=None qtde=None vlr_unit=None vlr_total='FÍSICA: MIST.'
2026-10-05 15:48:53 | INFO     | produtos: item 6 codigo=None descricao='SOLO' ncm=None und=None qtde=None vlr_unit=None vlr_total='DE APLICAÇÃO: VIA'
2026-10-05 15:48:53 | INFO     | produtos: item 7 codigo=None descricao='02 / 2024 VALIDADE: 08 / 2024' ncm=None und=None qtde=None vlr_unit=None vlr_total='FABRICAÇÃO: 29 /'
2026-10-05 15:48:53 | INFO     | produtos: item 8 codigo=None descricao='TOTAL DOS' ncm=None und=None qtde='0,00' vlr_unit='DO ISSQN' vlr_total='154'
2026-10-05 15:48:53 | INFO     | produtos: total combinado (paginas) = 8
2026-10-05 15:48:53 | INFO     | produtos: extracao por conteudo (fallback) = 3 item(ns)
2026-10-05 15:48:53 | WARNING  | Fertilizantes\PF-NFE-2327257-COMIGO-22-03.pdf | extracao PARCIAL -> campos nucleares ausentes: data_emissao, emitente.razao_social
2026-10-05 15:48:53 | INFO     | Fertilizantes\PF-NFE-2327257-COMIGO-22-03.pdf | produtos=3 status=parcial
2026-10-05 15:48:53 | INFO     | pipeline | Fertilizantes\PF-NFE-2327257-COMIGO-22-03.pdf | chave 52240202077618000266550020023272571772880205 ATUALIZADA
2026-10-05 15:48:53 | INFO     | pipeline | [92/98] processando Mudas\PF-NFE-1689-VIVEIRO N SRA APARECIDA-09-01.pdf
2026-10-05 15:48:53 | INFO     | Mudas\PF-NFE-1689-VIVEIRO N SRA APARECIDA-09-01.pdf | inicio de extracao
2026-10-05 15:48:53 | INFO     | Mudas\PF-NFE-1689-VIVEIRO N SRA APARECIDA-09-01.pdf | origem=texto itens=406
2026-10-05 15:48:53 | INFO     | Mudas\PF-NFE-1689-VIVEIRO N SRA APARECIDA-09-01.pdf | chave=52231209081042000179550010000016891608164626 DV_valido=True
2026-10-05 15:48:53 | DEBUG    | campos: rotulo 'DADOS DO PRODUTO' nao encontrado
2026-10-05 15:48:53 | WARNING  | produtos: regiao de produtos invalida (e1=False e2=True ini_y=None fin_y=2820.740381876628)
2026-10-05 15:48:53 | INFO     | produtos: extracao por conteudo (fallback) = 7 item(ns)
2026-10-05 15:48:53 | WARNING  | Mudas\PF-NFE-1689-VIVEIRO N SRA APARECIDA-09-01.pdf | extracao PARCIAL -> campos nucleares ausentes: data_emissao
2026-10-05 15:48:53 | INFO     | Mudas\PF-NFE-1689-VIVEIRO N SRA APARECIDA-09-01.pdf | produtos=7 status=parcial
2026-10-05 15:48:53 | INFO     | pipeline | Mudas\PF-NFE-1689-VIVEIRO N SRA APARECIDA-09-01.pdf | chave 52231209081042000179550010000016891608164626 ATUALIZADA
2026-10-05 15:48:53 | INFO     | pipeline | [93/98] processando Mudas\PF-NFE-1764-VIVEIRO N SRA APARECIDA-05-02.pdf
2026-10-05 15:48:53 | INFO     | Mudas\PF-NFE-1764-VIVEIRO N SRA APARECIDA-05-02.pdf | inicio de extracao
2026-10-05 15:48:53 | INFO     | Mudas\PF-NFE-1764-VIVEIRO N SRA APARECIDA-05-02.pdf | origem=texto itens=406
2026-10-05 15:48:53 | INFO     | Mudas\PF-NFE-1764-VIVEIRO N SRA APARECIDA-05-02.pdf | chave=52240109081042000179550010000017641479755684 DV_valido=True
2026-10-05 15:48:53 | DEBUG    | campos: rotulo 'DADOS DO PRODUTO' nao encontrado
2026-10-05 15:48:53 | WARNING  | produtos: regiao de produtos invalida (e1=False e2=True ini_y=None fin_y=2820.740381876628)
2026-10-05 15:48:53 | INFO     | produtos: extracao por conteudo (fallback) = 7 item(ns)
2026-10-05 15:48:53 | WARNING  | Mudas\PF-NFE-1764-VIVEIRO N SRA APARECIDA-05-02.pdf | extracao PARCIAL -> campos nucleares ausentes: data_emissao
2026-10-05 15:48:53 | INFO     | Mudas\PF-NFE-1764-VIVEIRO N SRA APARECIDA-05-02.pdf | produtos=7 status=parcial
2026-10-05 15:48:53 | INFO     | pipeline | Mudas\PF-NFE-1764-VIVEIRO N SRA APARECIDA-05-02.pdf | chave 52240109081042000179550010000017641479755684 ATUALIZADA
2026-10-05 15:48:53 | INFO     | pipeline | [94/98] processando Mudas\PF-NFE-1862-VIVEIRO N SRA APARECIDA-11-03.pdf
2026-10-05 15:48:53 | INFO     | Mudas\PF-NFE-1862-VIVEIRO N SRA APARECIDA-11-03.pdf | inicio de extracao
2026-10-05 15:48:56 | INFO     | Mudas\PF-NFE-1862-VIVEIRO N SRA APARECIDA-11-03.pdf | origem=ocr itens=146
2026-10-05 15:48:56 | INFO     | Mudas\PF-NFE-1862-VIVEIRO N SRA APARECIDA-11-03.pdf | chave=52240309081042000179550010000018621702522140 DV_valido=True
2026-10-05 15:48:56 | INFO     | produtos: cabecalho detectado pelo criterio '4. CODIGO somente (fallback final)'
2026-10-05 15:48:56 | INFO     | produtos: colunas mapeadas (6): ['cfop', 'origem_cst', 'ncm', 'descricao', 'codigo', 'valor_total']
2026-10-05 15:48:56 | INFO     | produtos: 0 item(ns) extraido(s)
2026-10-05 15:48:56 | INFO     | produtos: total combinado (paginas) = 0
2026-10-05 15:48:56 | INFO     | produtos: extracao por conteudo (fallback) = 2 item(ns)
2026-10-05 15:48:56 | WARNING  | Mudas\PF-NFE-1862-VIVEIRO N SRA APARECIDA-11-03.pdf | extracao PARCIAL -> campos nucleares ausentes: data_emissao, emitente.razao_social
2026-10-05 15:48:56 | INFO     | Mudas\PF-NFE-1862-VIVEIRO N SRA APARECIDA-11-03.pdf | produtos=2 status=parcial
2026-10-05 15:48:56 | INFO     | pipeline | Mudas\PF-NFE-1862-VIVEIRO N SRA APARECIDA-11-03.pdf | chave 52240309081042000179550010000018621702522140 ATUALIZADA
2026-10-05 15:48:56 | INFO     | pipeline | [95/98] processando Sementes de Capim\PF-NF-21850-SEMENTE SÃO MATEUS.pdf
2026-10-05 15:48:56 | INFO     | Sementes de Capim\PF-NF-21850-SEMENTE SÃO MATEUS.pdf | inicio de extracao
2026-10-05 15:48:56 | INFO     | Sementes de Capim\PF-NF-21850-SEMENTE SÃO MATEUS.pdf | origem=texto itens=457
2026-10-05 15:48:56 | INFO     | Sementes de Capim\PF-NF-21850-SEMENTE SÃO MATEUS.pdf | chave=52231202563561000124550010000218501393202251 DV_valido=True
2026-10-05 15:48:56 | WARNING  | produtos: cabecalho da tabela NAO encontrado (regiao y=1639..3054 p1, itens=80)
2026-10-05 15:48:56 | INFO     | produtos: total combinado (paginas) = 0
2026-10-05 15:48:56 | INFO     | produtos: extracao por conteudo (fallback) = 3 item(ns)
2026-10-05 15:48:56 | WARNING  | Sementes de Capim\PF-NF-21850-SEMENTE SÃO MATEUS.pdf | extracao PARCIAL -> campos nucleares ausentes: data_emissao
2026-10-05 15:48:56 | INFO     | Sementes de Capim\PF-NF-21850-SEMENTE SÃO MATEUS.pdf | produtos=3 status=parcial
2026-10-05 15:48:56 | INFO     | pipeline | Sementes de Capim\PF-NF-21850-SEMENTE SÃO MATEUS.pdf | chave 52231202563561000124550010000218501393202251 ATUALIZADA
2026-10-05 15:48:56 | INFO     | pipeline | [96/98] processando Sementes de Capim\PF-NF-22172-SEMENTE SÃO MATEUS.pdf
2026-10-05 15:48:56 | INFO     | Sementes de Capim\PF-NF-22172-SEMENTE SÃO MATEUS.pdf | inicio de extracao
2026-10-05 15:48:56 | INFO     | Sementes de Capim\PF-NF-22172-SEMENTE SÃO MATEUS.pdf | origem=texto itens=455
2026-10-05 15:48:56 | INFO     | Sementes de Capim\PF-NF-22172-SEMENTE SÃO MATEUS.pdf | chave=52240102563561000124550010000221721224956959 DV_valido=True
2026-10-05 15:48:56 | WARNING  | produtos: cabecalho da tabela NAO encontrado (regiao y=1639..3054 p1, itens=80)
2026-10-05 15:48:56 | INFO     | produtos: total combinado (paginas) = 0
2026-10-05 15:48:56 | INFO     | produtos: extracao por conteudo (fallback) = 3 item(ns)
2026-10-05 15:48:56 | WARNING  | Sementes de Capim\PF-NF-22172-SEMENTE SÃO MATEUS.pdf | extracao PARCIAL -> campos nucleares ausentes: data_emissao
2026-10-05 15:48:56 | INFO     | Sementes de Capim\PF-NF-22172-SEMENTE SÃO MATEUS.pdf | produtos=3 status=parcial
2026-10-05 15:48:56 | INFO     | pipeline | Sementes de Capim\PF-NF-22172-SEMENTE SÃO MATEUS.pdf | chave 52240102563561000124550010000221721224956959 ATUALIZADA
2026-10-05 15:48:56 | INFO     | pipeline | [97/98] processando Sementes de Capim\PF-NF-22253-SEMENTE SÃO MATEUS.pdf
2026-10-05 15:48:56 | INFO     | Sementes de Capim\PF-NF-22253-SEMENTE SÃO MATEUS.pdf | inicio de extracao
2026-10-05 15:48:56 | INFO     | Sementes de Capim\PF-NF-22253-SEMENTE SÃO MATEUS.pdf | origem=texto itens=455
2026-10-05 15:48:56 | INFO     | Sementes de Capim\PF-NF-22253-SEMENTE SÃO MATEUS.pdf | chave=52240102563561000124550010000222531553229445 DV_valido=True
2026-10-05 15:48:56 | WARNING  | produtos: cabecalho da tabela NAO encontrado (regiao y=1639..3054 p1, itens=80)
2026-10-05 15:48:56 | INFO     | produtos: total combinado (paginas) = 0
2026-10-05 15:48:56 | INFO     | produtos: extracao por conteudo (fallback) = 3 item(ns)
2026-10-05 15:48:56 | WARNING  | Sementes de Capim\PF-NF-22253-SEMENTE SÃO MATEUS.pdf | extracao PARCIAL -> campos nucleares ausentes: data_emissao
2026-10-05 15:48:56 | INFO     | Sementes de Capim\PF-NF-22253-SEMENTE SÃO MATEUS.pdf | produtos=3 status=parcial
2026-10-05 15:48:56 | INFO     | pipeline | Sementes de Capim\PF-NF-22253-SEMENTE SÃO MATEUS.pdf | chave 52240102563561000124550010000222531553229445 ATUALIZADA
2026-10-05 15:48:56 | INFO     | pipeline | [98/98] processando Sementes de Capim\PF-NF-22576-SEMENTE SÃO MATEUS.pdf
2026-10-05 15:48:56 | INFO     | Sementes de Capim\PF-NF-22576-SEMENTE SÃO MATEUS.pdf | inicio de extracao
2026-10-05 15:48:56 | INFO     | Sementes de Capim\PF-NF-22576-SEMENTE SÃO MATEUS.pdf | origem=texto itens=466
2026-10-05 15:48:56 | INFO     | Sementes de Capim\PF-NF-22576-SEMENTE SÃO MATEUS.pdf | chave=52240202563561000124550010000225761282589771 DV_valido=True
2026-10-05 15:48:57 | WARNING  | produtos: cabecalho da tabela NAO encontrado (regiao y=1639..3054 p1, itens=80)
2026-10-05 15:48:57 | INFO     | produtos: total combinado (paginas) = 0
2026-10-05 15:48:57 | INFO     | produtos: extracao por conteudo (fallback) = 3 item(ns)
2026-10-05 15:48:57 | WARNING  | Sementes de Capim\PF-NF-22576-SEMENTE SÃO MATEUS.pdf | extracao PARCIAL -> campos nucleares ausentes: data_emissao
2026-10-05 15:48:57 | INFO     | Sementes de Capim\PF-NF-22576-SEMENTE SÃO MATEUS.pdf | produtos=3 status=parcial
2026-10-05 15:48:57 | INFO     | pipeline | Sementes de Capim\PF-NF-22576-SEMENTE SÃO MATEUS.pdf | chave 52240202563561000124550010000225761282589771 ATUALIZADA
