2026-09-23 10:21:07 | INFO     | ==== RASTREIO DA EXTRACAO (8 notas, reexecutado sobre o OCR persistido) ====
2026-09-23 10:21:07 | INFO     | ---- Processando nota: 8643.pdf (51220723704333000601550010000086431283821809) ----
2026-09-23 10:21:07 | INFO     | produtos: cabecalho detectado pelo criterio '1. CODIGO+CFOP+VLR UNIT'
2026-09-23 10:21:07 | INFO     | produtos: colunas mapeadas (14): ['aliquota', 'valor_icms', 'bc_icms', 'valor_ipi', 'valor_unitario', 'valor_total', 'desconto', 'unidade', 'quantidade', 'origem_cst', 'cfop', 'ncm', 'codigo', 'descricao']
2026-09-23 10:21:07 | DEBUG    | produtos: novo item -> {'codigo': 'P015', 'descricao': 'FosfatoMonoamonico11%N-52%P205-', 'ncm': '31054000', 'origem_cst': '6/20', 'cfop': '5102', 'unidade': 'TON', 'quantidade': '37,0000', 'valor_unitario': '5.821,0919', 'valor_total': '215.380.40', 'bc_icms': '12.664.37', 'valor_icms': '2.152,94', 'aliquota': '0.0017,000.'}
2026-09-23 10:21:07 | DEBUG    | produtos: linha de 'obs' vista; valores nao-descricao aproveitados -> {}
2026-09-23 10:21:07 | DEBUG    | produtos: linha descartada apos obs -> {'descricao': 'VIASOLO;'}
2026-09-23 10:21:07 | DEBUG    | produtos: linha descartada apos obs -> {'descricao': 'Lote:IMP197022-Qtde:37:'}
2026-09-23 10:21:07 | DEBUG    | produtos: linha descartada apos obs -> {'descricao': 'Lote(s):Reg.MAPA:PR0015695 000026.'}
2026-09-23 10:21:07 | DEBUG    | produtos: linha descartada apos obs -> {'codigo': 'DADOSADICIONAIS'}
2026-09-23 10:21:07 | INFO     | produtos: 1 item(ns) extraido(s)
2026-09-23 10:21:07 | INFO     | produtos: item 1 codigo='P015' descricao='FosfatoMonoamonico11%N-52%P205- Granulado' ncm='31054000' und='TON' qtde='37,0000' vlr_unit='5.821,0919' vlr_total='215.380.40'
2026-09-23 10:21:07 | INFO     | produtos: total combinado (paginas) = 1
2026-09-23 10:21:07 | INFO     | 8643.pdf | extracao COMPLETA
2026-09-23 10:21:07 | INFO     | 8643.pdf | total de produtos = 1
2026-09-23 10:21:07 | INFO     | ---- Processando nota: 8645.pdf (51220723704333000601550010000086451309928634) ----
2026-09-23 10:21:07 | INFO     | produtos: cabecalho detectado pelo criterio '3. CODIGO+DESCRICAO (sem CFOP no cab)'
2026-09-23 10:21:07 | INFO     | produtos: colunas mapeadas (11): ['codigo', 'aliquota', 'descricao', 'origem_cst', 'ncm', 'valor_unitario', 'desconto', 'valor_total', 'bc_icms', 'valor_icms', 'valor_ipi']
2026-09-23 10:21:07 | DEBUG    | produtos: novo item -> {'codigo': 'P015', 'descricao': 'Granulado FosfatoMonoamonico11%N-52%P205-', 'ncm': '31054000', 'origem_cst': '6/20 5102 TON', 'valor_unitario': '37,0000 5.821.0919', 'valor_total': '215.380.40', 'bc_icms': '12.664.37', 'valor_icms': '2.152.94', 'aliquota': '0.0017,000.00'}
2026-09-23 10:21:07 | DEBUG    | produtos: linha de 'obs' vista; valores nao-descricao aproveitados -> {}
2026-09-23 10:21:07 | DEBUG    | produtos: linha descartada apos obs -> {'descricao': 'VIASOLO.:'}
2026-09-23 10:21:07 | DEBUG    | produtos: linha descartada apos obs -> {'descricao': 'Lote:IMP197022-Qtde:37:'}
2026-09-23 10:21:07 | DEBUG    | produtos: linha descartada apos obs -> {'descricao': 'Lote(s):Reg.MAPA:PR0015695000026.'}
2026-09-23 10:21:07 | DEBUG    | produtos: linha descartada apos obs -> {'codigo': 'DADOSADICIONAIS'}
2026-09-23 10:21:07 | INFO     | produtos: 1 item(ns) extraido(s)
2026-09-23 10:21:07 | INFO     | produtos: item 1 codigo='P015' descricao='Granulado FosfatoMonoamonico11%N-52%P205-' ncm='31054000' und=None qtde=None vlr_unit='37,0000 5.821.0919' vlr_total='215.380.40'
2026-09-23 10:21:07 | INFO     | produtos: total combinado (paginas) = 1
2026-09-23 10:21:07 | WARNING  | 8645.pdf | extracao PARCIAL -> campos nucleares ausentes: valor_da_nota, destinatario.nome, destinatario.cnpj_cpf
2026-09-23 10:21:07 | INFO     | 8645.pdf | total de produtos = 1
2026-09-23 10:21:07 | INFO     | ---- Processando nota: 8646.pdf (51220723704333000601550010000086461530470545) ----
2026-09-23 10:21:07 | INFO     | produtos: cabecalho detectado pelo criterio '2. CODIGO+CFOP'
2026-09-23 10:21:07 | INFO     | produtos: colunas mapeadas (13): ['codigo', 'descricao', 'ncm', 'origem_cst', 'cfop', 'aliquota', 'unidade', 'quantidade', 'desconto', 'valor_total', 'bc_icms', 'valor_icms', 'valor_ipi']
2026-09-23 10:21:07 | DEBUG    | produtos: novo item -> {'codigo': 'P015', 'descricao': 'FosfatoMonoamonico11%N-52%P2O5-', 'ncm': '31054000', 'origem_cst': '6/20', 'cfop': '5102', 'unidade': 'TON', 'quantidade': '37.0000', 'desconto': '5.821,0919', 'valor_total': '215.380.40', 'aliquota': 'ICMSTIPI'}
2026-09-23 10:21:07 | DEBUG    | produtos: linha de 'obs' vista; valores nao-descricao aproveitados -> {}
2026-09-23 10:21:07 | DEBUG    | produtos: linha descartada apos obs -> {'descricao': 'VIASOLO.:'}
2026-09-23 10:21:07 | DEBUG    | produtos: linha descartada apos obs -> {'descricao': 'Lote:IMP197022-QIde:37:'}
2026-09-23 10:21:07 | DEBUG    | produtos: linha descartada apos obs -> {'descricao': 'Lote(s):Reg.MAPA:PR0015695000026.'}
2026-09-23 10:21:07 | DEBUG    | produtos: linha descartada apos obs -> {'codigo': 'DADOSADICIONAIS'}
2026-09-23 10:21:07 | INFO     | produtos: 1 item(ns) extraido(s)
2026-09-23 10:21:07 | INFO     | produtos: item 1 codigo='P015' descricao='FosfatoMonoamonico11%N-52%P2O5- Granulado' ncm='31054000' und='TON' qtde='37.0000' vlr_unit=None vlr_total='215.380.40'
2026-09-23 10:21:07 | INFO     | produtos: total combinado (paginas) = 1
2026-09-23 10:21:07 | WARNING  | 8646.pdf | extracao PARCIAL -> campos nucleares ausentes: valor_da_nota, destinatario.nome, destinatario.cnpj_cpf
2026-09-23 10:21:07 | INFO     | 8646.pdf | total de produtos = 1
2026-09-23 10:21:07 | INFO     | ---- Processando nota: 8647.pdf (15122072370433300060155001000008647196957361) ----
2026-09-23 10:21:07 | INFO     | produtos: cabecalho detectado pelo criterio '2. CODIGO+CFOP'
2026-09-23 10:21:07 | INFO     | produtos: colunas mapeadas (12): ['valor_ipi', 'valor_icms', 'bc_icms', 'valor_unitario', 'valor_total', 'desconto', 'quantidade', 'cfop', 'origem_cst', 'ncm', 'descricao', 'codigo']
2026-09-23 10:21:07 | DEBUG    | produtos: novo item -> {'codigo': 'P015', 'descricao': 'FosfatoMonoamonico11%N-52%P205-', 'ncm': '31054000', 'origem_cst': '6/20', 'cfop': '5102 TON', 'quantidade': '36.0000', 'valor_unitario': '5.821.0919', 'valor_total': '209.559,31', 'bc_icms': '12.322.09', 'valor_icms': '2.094,76', 'valor_ipi': '0.0017.00'}
2026-09-23 10:21:07 | DEBUG    | produtos: linha de 'obs' vista; valores nao-descricao aproveitados -> {}
2026-09-23 10:21:07 | DEBUG    | produtos: linha descartada apos obs -> {'descricao': 'VIASOLO;'}
2026-09-23 10:21:07 | DEBUG    | produtos: linha descartada apos obs -> {'descricao': 'Lote:IMP197022-Qtde:36:'}
2026-09-23 10:21:07 | DEBUG    | produtos: linha descartada apos obs -> {'descricao': 'Lote(s):Reg.MAPA:PR0015695000026.'}
2026-09-23 10:21:07 | DEBUG    | produtos: linha descartada apos obs -> {'codigo': 'DADOSADICIONAIS'}
2026-09-23 10:21:07 | INFO     | produtos: 1 item(ns) extraido(s)
2026-09-23 10:21:07 | INFO     | produtos: item 1 codigo='P015' descricao='FosfatoMonoamonico11%N-52%P205- Granulado' ncm='31054000' und=None qtde='36.0000' vlr_unit='5.821.0919' vlr_total='209.559,31'
2026-09-23 10:21:07 | INFO     | produtos: total combinado (paginas) = 1
2026-09-23 10:21:07 | WARNING  | 8647.pdf | extracao PARCIAL -> chave de acesso com digito verificador invalido (DV)
2026-09-23 10:21:07 | INFO     | 8647.pdf | total de produtos = 1
2026-09-23 10:21:07 | INFO     | ---- Processando nota: 8649.pdf (15122072370433300060155001000008649107682248) ----
2026-09-23 10:21:07 | INFO     | produtos: cabecalho detectado pelo criterio '3. CODIGO+DESCRICAO (sem CFOP no cab)'
2026-09-23 10:21:07 | INFO     | produtos: colunas mapeadas (14): ['codigo', 'descricao', 'ncm', 'origem_cst', 'cfop', 'unidade', 'quantidade', 'valor_unitario', 'desconto', 'valor_total', 'aliquota', 'bc_icms', 'valor_icms', 'valor_ipi']
2026-09-23 10:21:07 | DEBUG    | produtos: novo item -> {'codigo': 'PO15', 'descricao': 'FosfatoMonoamonico11%N-52%P205-', 'bc_icms': 'VTRIB'}
2026-09-23 10:21:07 | DEBUG    | produtos: linha de 'obs' vista; valores nao-descricao aproveitados -> {'valor_total': '215.380,40', 'bc_icms': '12.664,37', 'valor_icms': '2.152,94', 'aliquota': '0,0017,000,00'}
2026-09-23 10:21:07 | DEBUG    | produtos: linha descartada apos obs -> {'descricao': 'VIASOLO.'}
2026-09-23 10:21:07 | DEBUG    | produtos: linha descartada apos obs -> {'descricao': 'Lote:IMP197022-Qtde:37;'}
2026-09-23 10:21:07 | DEBUG    | produtos: linha descartada apos obs -> {'descricao': 'Lote(s):Reg.MAPA:PR0015695000026.'}
2026-09-23 10:21:07 | DEBUG    | produtos: linha descartada apos obs -> {'codigo': 'DADOSADICIONAIS'}
2026-09-23 10:21:07 | INFO     | produtos: 1 item(ns) extraido(s)
2026-09-23 10:21:07 | INFO     | produtos: item 1 codigo='PO15' descricao='FosfatoMonoamonico11%N-52%P205- Granulado' ncm='31054000' und='TON' qtde='37,0000' vlr_unit='5.821,0919' vlr_total='215.380,40'
2026-09-23 10:21:07 | INFO     | produtos: total combinado (paginas) = 1
2026-09-23 10:21:07 | WARNING  | 8649.pdf | extracao PARCIAL -> chave de acesso com digito verificador invalido (DV)
2026-09-23 10:21:07 | INFO     | 8649.pdf | total de produtos = 1
2026-09-23 10:21:07 | INFO     | ---- Processando nota: 8662.pdf (15220723704333000601550010000086621362784278) ----
2026-09-23 10:21:07 | INFO     | produtos: cabecalho detectado pelo criterio '1. CODIGO+CFOP+VLR UNIT'
2026-09-23 10:21:07 | INFO     | produtos: colunas mapeadas (11): ['codigo', 'descricao', 'valor_unitario', 'ncm', 'origem_cst', 'cfop', 'desconto', 'valor_total', 'valor_icms', 'valor_ipi', 'bc_icms']
2026-09-23 10:21:07 | DEBUG    | produtos: novo item -> {'codigo': 'P015', 'descricao': 'Granulado FosfatoMonoamonico11%N-52%P205-', 'ncm': '31054000', 'origem_cst': '6/20', 'cfop': '5102 TON', 'valor_unitario': '48,0000 5.907,0600', 'valor_total': '283.538.88', 'bc_icms': '16.672.09', 'valor_icms': '2.834,26', 'valor_ipi': '0.0017.000.0'}
2026-09-23 10:21:07 | DEBUG    | produtos: linha de 'obs' vista; valores nao-descricao aproveitados -> {}
2026-09-23 10:21:07 | DEBUG    | produtos: linha descartada apos obs -> {'descricao': 'Lote:IMP197022-Qtde:48;'}
2026-09-23 10:21:07 | DEBUG    | produtos: linha descartada apos obs -> {'descricao': 'Lote(s):Reg.MAPA:PR 0015695000026.'}
2026-09-23 10:21:07 | DEBUG    | produtos: linha descartada apos obs -> {'codigo': 'DADOSADICIONAIS'}
2026-09-23 10:21:07 | INFO     | produtos: 1 item(ns) extraido(s)
2026-09-23 10:21:07 | INFO     | produtos: item 1 codigo='P015' descricao='Granulado FosfatoMonoamonico11%N-52%P205-' ncm='31054000' und=None qtde=None vlr_unit='48,0000 5.907,0600' vlr_total='283.538.88'
2026-09-23 10:21:07 | INFO     | produtos: total combinado (paginas) = 1
2026-09-23 10:21:07 | WARNING  | 8662.pdf | extracao PARCIAL -> chave de acesso com digito verificador invalido (DV)
2026-09-23 10:21:07 | INFO     | 8662.pdf | total de produtos = 1
2026-09-23 10:21:07 | INFO     | ---- Processando nota: 8694.pdf (51220823704333000601550010000086941339615756) ----
2026-09-23 10:21:07 | INFO     | produtos: cabecalho detectado pelo criterio '1. CODIGO+CFOP+VLR UNIT'
2026-09-23 10:21:07 | INFO     | produtos: colunas mapeadas (13): ['ncm', 'bc_icms', 'valor_icms', 'codigo', 'origem_cst', 'cfop', 'unidade', 'valor_unitario', 'desconto', 'valor_total', 'valor_ipi', 'descricao', 'quantidade']
2026-09-23 10:21:07 | DEBUG    | produtos: novo item -> {'codigo': 'POIS', 'descricao': 'FosfatoMonoamonico11%N-52%P205-', 'ncm': '31054000', 'origem_cst': '6/20', 'cfop': '5102', 'unidade': 'TON', 'quantidade': '32,0000', 'valor_unitario': '5.907,0600', 'valor_total': '189.025.92', 'bc_icms': '11.114.72', 'valor_icms': '1.889.50', 'valor_ipi': '0,00|17.000.0'}
2026-09-23 10:21:07 | DEBUG    | produtos: linha de 'obs' vista; valores nao-descricao aproveitados -> {}
2026-09-23 10:21:07 | DEBUG    | produtos: linha descartada apos obs -> {'descricao': 'APLICACAOVIASOLO'}
2026-09-23 10:21:07 | DEBUG    | produtos: linha descartada apos obs -> {'descricao': 'Lotc:1MP197022-Q1dc:32.'}
2026-09-23 10:21:07 | DEBUG    | produtos: linha descartada apos obs -> {'descricao': 'Lolc(s):Reg.MAPA:PR0015695000026.'}
2026-09-23 10:21:07 | DEBUG    | produtos: linha descartada apos obs -> {'codigo': 'DADOSADICIONAIS'}
2026-09-23 10:21:07 | INFO     | produtos: 1 item(ns) extraido(s)
2026-09-23 10:21:07 | INFO     | produtos: item 1 codigo='POIS' descricao='FosfatoMonoamonico11%N-52%P205- Granulado' ncm='31054000' und='TON' qtde='32,0000' vlr_unit='5.907,0600' vlr_total='189.025.92'
2026-09-23 10:21:07 | INFO     | produtos: total combinado (paginas) = 1
2026-09-23 10:21:07 | INFO     | 8694.pdf | extracao COMPLETA
2026-09-23 10:21:07 | INFO     | 8694.pdf | total de produtos = 1
2026-09-23 10:21:07 | INFO     | ---- Processando nota: 8696.pdf (51220823704333000601550010000086961991321798) ----
2026-09-23 10:21:07 | INFO     | produtos: cabecalho detectado pelo criterio '1. CODIGO+CFOP+VLR UNIT'
2026-09-23 10:21:07 | INFO     | produtos: colunas mapeadas (13): ['aliquota', 'codigo', 'descricao', 'ncm', 'origem_cst', 'cfop', 'unidade', 'valor_unitario', 'desconto', 'valor_total', 'bc_icms', 'valor_icms', 'valor_ipi']
2026-09-23 10:21:07 | DEBUG    | produtos: novo item -> {'codigo': 'P015', 'descricao': 'Granulado FosfatoMonoamonico11%N-52%P205-', 'ncm': '31054000', 'origem_cst': '6/20', 'cfop': '5102', 'unidade': 'TON 36,0000', 'valor_unitario': '5.821,0925', 'valor_total': '209.559,33', 'bc_icms': '12.322,09', 'valor_icms': '2.094,76', 'aliquota': '0,0017,000,00'}
2026-09-23 10:21:07 | INFO     | produtos: 1 item(ns) extraido(s)
2026-09-23 10:21:07 | INFO     | produtos: item 1 codigo='P015 DADOSADICIONAIS' descricao='Granulado FosfatoMonoamonico11%N-52%P205- APLICACAOVIASOLO: Obs:FERT.MINERALSIMPLES, Lote:' ncm='31054000' und='TON 36,0000' qtde=None vlr_unit='5.821,0925' vlr_total='209.559,33'
2026-09-23 10:21:07 | INFO     | produtos: total combinado (paginas) = 1
2026-09-23 10:21:07 | WARNING  | 8696.pdf | extracao PARCIAL -> campos nucleares ausentes: valor_da_nota, destinatario.nome, destinatario.cnpj_cpf
2026-09-23 10:21:07 | INFO     | 8696.pdf | total de produtos = 1
2026-09-23 10:21:07 | INFO     | ==== RASTREIO CONCLUIDO (8 notas) ====
2026-09-23 11:55:01 | INFO     | ==== PIPELINE NF_reader | pasta=C:\Users\MatheusMartinelli\OneDrive - Agrorobotica Fotonica Em Certificacoes Agroambientais\VERRA_Farmer\OS_050_Sementes Tropical\03_ENVIO_DE_DOCUMENTOS\2022\03_NOTAS_FISCAIS\NF_FERTILIZANTE\MAP
2026-09-23 11:55:01 | INFO     | pipeline | PDFs=8 OCR=True incluir_ocr_csv=False dpi=300 apenas_adicionar=True
2026-09-23 11:55:01 | INFO     | pipeline | JSON existente: C:\Users\MatheusMartinelli\OneDrive - Agrorobotica Fotonica Em Certificacoes Agroambientais\VERRA_Farmer\OS_050_Sementes Tropical\03_ENVIO_DE_DOCUMENTOS\2022\03_NOTAS_FISCAIS\NF_FERTILIZANTE\MAP\notas_fiscais.json (chaves=8)
2026-09-23 11:55:02 | INFO     | pipeline | motor OCR inicializado
2026-09-23 11:55:02 | INFO     | pipeline | [1/8] processando 8643.pdf
2026-09-23 11:55:02 | INFO     | 8643.pdf | inicio de extracao
2026-09-23 11:55:48 | INFO     | 8643.pdf | origem=ocr itens=171
2026-09-23 11:55:48 | INFO     | 8643.pdf | chave=51220723704333000601550010000086431283821809 DV_valido=True
2026-09-23 11:55:48 | INFO     | produtos: cabecalho detectado pelo criterio '1. CODIGO+CFOP+VLR UNIT'
2026-09-23 11:55:48 | INFO     | produtos: colunas mapeadas (13): ['valor_icms', 'bc_icms', 'valor_ipi', 'valor_unitario', 'valor_total', 'desconto', 'unidade', 'quantidade', 'origem_cst', 'cfop', 'ncm', 'codigo', 'descricao']
2026-09-23 11:55:48 | DEBUG    | produtos: novo item -> {'codigo': 'P015', 'descricao': 'FosfatoMonoamonico11%N-52%P205-', 'ncm': '31054000', 'origem_cst': '6/20', 'cfop': '5102', 'unidade': 'TON', 'quantidade': '37,0000', 'valor_unitario': '5.821,0919', 'valor_total': '215.380.40', 'bc_icms': '12.664.37', 'valor_icms': '2.152,94', 'valor_ipi': '0.0017,000.'}
2026-09-23 11:55:48 | DEBUG    | produtos: linha de 'obs' vista; valores nao-descricao aproveitados -> {}
2026-09-23 11:55:48 | DEBUG    | produtos: linha descartada apos obs -> {'descricao': 'VIASOLO;'}
2026-09-23 11:55:48 | DEBUG    | produtos: linha descartada apos obs -> {'descricao': 'Lote:IMP197022-Qtde:37:'}
2026-09-23 11:55:48 | DEBUG    | produtos: linha descartada apos obs -> {'descricao': 'Lote(s):Reg.MAPA:PR0015695 000026.'}
2026-09-23 11:55:48 | DEBUG    | produtos: linha descartada apos obs -> {'codigo': 'DADOSADICIONAIS'}
2026-09-23 11:55:48 | INFO     | produtos: 1 item(ns) extraido(s)
2026-09-23 11:55:48 | INFO     | produtos: item 1 codigo='P015' descricao='FosfatoMonoamonico11%N-52%P205- Granulado' ncm='31054000' und='TON' qtde='37,0000' vlr_unit='5.821,0919' vlr_total='215.380.40'
2026-09-23 11:55:48 | INFO     | produtos: total combinado (paginas) = 1
2026-09-23 11:55:48 | INFO     | 8643.pdf | extracao COMPLETA
2026-09-23 11:55:48 | INFO     | 8643.pdf | produtos=1 status=completa
2026-09-23 11:55:48 | INFO     | pipeline | 8643.pdf | chave 51220723704333000601550010000086431283821809 ATUALIZADA
2026-09-23 11:55:48 | INFO     | pipeline | [2/8] processando 8645.pdf
2026-09-23 11:55:48 | INFO     | 8645.pdf | inicio de extracao
2026-09-23 11:56:33 | INFO     | 8645.pdf | origem=ocr itens=153
2026-09-23 11:56:33 | INFO     | 8645.pdf | chave=51220723704333000601550010000086451309928634 DV_valido=True
2026-09-23 11:56:33 | INFO     | produtos: cabecalho detectado pelo criterio '3. CODIGO+DESCRICAO (sem CFOP no cab)'
2026-09-23 11:56:33 | INFO     | produtos: colunas mapeadas (11): ['codigo', 'aliquota', 'descricao', 'origem_cst', 'ncm', 'valor_unitario', 'desconto', 'valor_total', 'bc_icms', 'valor_icms', 'valor_ipi']
2026-09-23 11:56:33 | DEBUG    | produtos: novo item -> {'codigo': 'P015', 'descricao': 'Granulado FosfatoMonoamonico11%N-52%P205-', 'ncm': '31054000', 'origem_cst': '6/20 5102 TON', 'valor_unitario': '37,0000 5.821.0919', 'valor_total': '215.380.40', 'bc_icms': '12.664.37', 'valor_icms': '2.152.94', 'aliquota': '0.0017,000.00'}
2026-09-23 11:56:33 | DEBUG    | produtos: linha de 'obs' vista; valores nao-descricao aproveitados -> {}
2026-09-23 11:56:33 | DEBUG    | produtos: linha descartada apos obs -> {'descricao': 'VIASOLO.:'}
2026-09-23 11:56:33 | DEBUG    | produtos: linha descartada apos obs -> {'descricao': 'Lote:IMP197022-Qtde:37:'}
2026-09-23 11:56:33 | DEBUG    | produtos: linha descartada apos obs -> {'descricao': 'Lote(s):Reg.MAPA:PR0015695000026.'}
2026-09-23 11:56:33 | DEBUG    | produtos: linha descartada apos obs -> {'codigo': 'DADOSADICIONAIS'}
2026-09-23 11:56:33 | INFO     | produtos: 1 item(ns) extraido(s)
2026-09-23 11:56:33 | INFO     | produtos: item 1 codigo='P015' descricao='Granulado FosfatoMonoamonico11%N-52%P205-' ncm='31054000' und=None qtde=None vlr_unit='37,0000 5.821.0919' vlr_total='215.380.40'
2026-09-23 11:56:33 | INFO     | produtos: total combinado (paginas) = 1
2026-09-23 11:56:33 | WARNING  | 8645.pdf | extracao PARCIAL -> campos nucleares ausentes: valor_da_nota, destinatario.nome, destinatario.cnpj_cpf
2026-09-23 11:56:33 | INFO     | 8645.pdf | produtos=1 status=parcial
2026-09-23 11:56:33 | INFO     | pipeline | 8645.pdf | chave 51220723704333000601550010000086451309928634 ATUALIZADA
2026-09-23 11:56:33 | INFO     | pipeline | [3/8] processando 8646.pdf
2026-09-23 11:56:33 | INFO     | 8646.pdf | inicio de extracao
2026-09-23 11:57:18 | INFO     | 8646.pdf | origem=ocr itens=156
2026-09-23 11:57:18 | INFO     | 8646.pdf | chave=51220723704333000601550010000086461530470545 DV_valido=True
2026-09-23 11:57:18 | INFO     | produtos: cabecalho detectado pelo criterio '2. CODIGO+CFOP'
2026-09-23 11:57:18 | INFO     | produtos: colunas mapeadas (13): ['codigo', 'descricao', 'ncm', 'origem_cst', 'cfop', 'aliquota', 'unidade', 'quantidade', 'desconto', 'valor_total', 'bc_icms', 'valor_icms', 'valor_ipi']
2026-09-23 11:57:18 | DEBUG    | produtos: novo item -> {'codigo': 'P015', 'descricao': 'FosfatoMonoamonico11%N-52%P2O5-', 'ncm': '31054000', 'origem_cst': '6/20', 'cfop': '5102', 'unidade': 'TON', 'quantidade': '37.0000', 'desconto': '5.821,0919', 'valor_total': '215.380.40', 'aliquota': 'ICMSTIPI'}
2026-09-23 11:57:18 | DEBUG    | produtos: linha de 'obs' vista; valores nao-descricao aproveitados -> {}
2026-09-23 11:57:18 | DEBUG    | produtos: linha descartada apos obs -> {'descricao': 'VIASOLO.:'}
2026-09-23 11:57:18 | DEBUG    | produtos: linha descartada apos obs -> {'descricao': 'Lote:IMP197022-QIde:37:'}
2026-09-23 11:57:18 | DEBUG    | produtos: linha descartada apos obs -> {'descricao': 'Lote(s):Reg.MAPA:PR0015695000026.'}
2026-09-23 11:57:18 | DEBUG    | produtos: linha descartada apos obs -> {'codigo': 'DADOSADICIONAIS'}
2026-09-23 11:57:18 | INFO     | produtos: 1 item(ns) extraido(s)
2026-09-23 11:57:18 | INFO     | produtos: item 1 codigo='P015' descricao='FosfatoMonoamonico11%N-52%P2O5- Granulado' ncm='31054000' und='TON' qtde='37.0000' vlr_unit=None vlr_total='215.380.40'
2026-09-23 11:57:18 | INFO     | produtos: total combinado (paginas) = 1
2026-09-23 11:57:18 | WARNING  | 8646.pdf | extracao PARCIAL -> campos nucleares ausentes: valor_da_nota, destinatario.nome, destinatario.cnpj_cpf
2026-09-23 11:57:18 | INFO     | 8646.pdf | produtos=1 status=parcial
2026-09-23 11:57:18 | INFO     | pipeline | 8646.pdf | chave 51220723704333000601550010000086461530470545 ATUALIZADA
2026-09-23 11:57:18 | INFO     | pipeline | [4/8] processando 8647.pdf
2026-09-23 11:57:18 | INFO     | 8647.pdf | inicio de extracao
2026-09-23 11:58:11 | INFO     | 8647.pdf | origem=ocr itens=171
2026-09-23 11:58:11 | INFO     | 8647.pdf | chave=15122072370433300060155001000008647196957361 DV_valido=False
2026-09-23 11:58:11 | INFO     | produtos: cabecalho detectado pelo criterio '2. CODIGO+CFOP'
2026-09-23 11:58:11 | INFO     | produtos: colunas mapeadas (12): ['valor_ipi', 'valor_icms', 'bc_icms', 'valor_unitario', 'valor_total', 'desconto', 'quantidade', 'cfop', 'origem_cst', 'ncm', 'descricao', 'codigo']
2026-09-23 11:58:11 | DEBUG    | produtos: novo item -> {'codigo': 'P015', 'descricao': 'FosfatoMonoamonico11%N-52%P205-', 'ncm': '31054000', 'origem_cst': '6/20', 'cfop': '5102 TON', 'quantidade': '36.0000', 'valor_unitario': '5.821.0919', 'valor_total': '209.559,31', 'bc_icms': '12.322.09', 'valor_icms': '2.094,76', 'valor_ipi': '0.0017.00'}
2026-09-23 11:58:11 | DEBUG    | produtos: linha de 'obs' vista; valores nao-descricao aproveitados -> {}
2026-09-23 11:58:11 | DEBUG    | produtos: linha descartada apos obs -> {'descricao': 'VIASOLO;'}
2026-09-23 11:58:11 | DEBUG    | produtos: linha descartada apos obs -> {'descricao': 'Lote:IMP197022-Qtde:36:'}
2026-09-23 11:58:11 | DEBUG    | produtos: linha descartada apos obs -> {'descricao': 'Lote(s):Reg.MAPA:PR0015695000026.'}
2026-09-23 11:58:11 | DEBUG    | produtos: linha descartada apos obs -> {'codigo': 'DADOSADICIONAIS'}
2026-09-23 11:58:11 | INFO     | produtos: 1 item(ns) extraido(s)
2026-09-23 11:58:11 | INFO     | produtos: item 1 codigo='P015' descricao='FosfatoMonoamonico11%N-52%P205- Granulado' ncm='31054000' und=None qtde='36.0000' vlr_unit='5.821.0919' vlr_total='209.559,31'
2026-09-23 11:58:11 | INFO     | produtos: total combinado (paginas) = 1
2026-09-23 11:58:11 | WARNING  | 8647.pdf | extracao PARCIAL -> chave de acesso com digito verificador invalido (DV)
2026-09-23 11:58:11 | INFO     | 8647.pdf | produtos=1 status=parcial
2026-09-23 11:58:11 | INFO     | pipeline | 8647.pdf | chave 15122072370433300060155001000008647196957361 ATUALIZADA
2026-09-23 11:58:11 | WARNING  | pipeline | 8647.pdf | extracao PARCIAL (chave de acesso com digito verificador invalido (DV))
2026-09-23 11:58:11 | INFO     | pipeline | [5/8] processando 8649.pdf
2026-09-23 11:58:11 | INFO     | 8649.pdf | inicio de extracao
2026-09-23 11:58:54 | INFO     | 8649.pdf | origem=ocr itens=165
2026-09-23 11:58:54 | INFO     | 8649.pdf | chave=15122072370433300060155001000008649107682248 DV_valido=False
2026-09-23 11:58:54 | INFO     | produtos: cabecalho detectado pelo criterio '3. CODIGO+DESCRICAO (sem CFOP no cab)'
2026-09-23 11:58:54 | INFO     | produtos: colunas mapeadas (14): ['codigo', 'descricao', 'ncm', 'origem_cst', 'cfop', 'unidade', 'quantidade', 'valor_unitario', 'desconto', 'valor_total', 'aliquota', 'bc_icms', 'valor_icms', 'valor_ipi']
2026-09-23 11:58:54 | DEBUG    | produtos: novo item -> {'codigo': 'PO15', 'descricao': 'FosfatoMonoamonico11%N-52%P205-', 'bc_icms': 'VTRIB'}
2026-09-23 11:58:54 | DEBUG    | produtos: linha de 'obs' vista; valores nao-descricao aproveitados -> {'valor_total': '215.380,40', 'bc_icms': '12.664,37', 'valor_icms': '2.152,94', 'aliquota': '0,0017,000,00'}
2026-09-23 11:58:54 | DEBUG    | produtos: linha descartada apos obs -> {'descricao': 'VIASOLO.'}
2026-09-23 11:58:54 | DEBUG    | produtos: linha descartada apos obs -> {'descricao': 'Lote:IMP197022-Qtde:37;'}
2026-09-23 11:58:54 | DEBUG    | produtos: linha descartada apos obs -> {'descricao': 'Lote(s):Reg.MAPA:PR0015695000026.'}
2026-09-23 11:58:54 | DEBUG    | produtos: linha descartada apos obs -> {'codigo': 'DADOSADICIONAIS'}
2026-09-23 11:58:54 | INFO     | produtos: 1 item(ns) extraido(s)
2026-09-23 11:58:54 | INFO     | produtos: item 1 codigo='PO15' descricao='FosfatoMonoamonico11%N-52%P205- Granulado' ncm='31054000' und='TON' qtde='37,0000' vlr_unit='5.821,0919' vlr_total='215.380,40'
2026-09-23 11:58:54 | INFO     | produtos: total combinado (paginas) = 1
2026-09-23 11:58:54 | WARNING  | 8649.pdf | extracao PARCIAL -> chave de acesso com digito verificador invalido (DV)
2026-09-23 11:58:54 | INFO     | 8649.pdf | produtos=1 status=parcial
2026-09-23 11:58:54 | INFO     | pipeline | 8649.pdf | chave 15122072370433300060155001000008649107682248 ATUALIZADA
2026-09-23 11:58:54 | WARNING  | pipeline | 8649.pdf | extracao PARCIAL (chave de acesso com digito verificador invalido (DV))
2026-09-23 11:58:54 | INFO     | pipeline | [6/8] processando 8662.pdf
2026-09-23 11:58:54 | INFO     | 8662.pdf | inicio de extracao
2026-09-23 11:59:37 | INFO     | 8662.pdf | origem=ocr itens=156
2026-09-23 11:59:37 | INFO     | 8662.pdf | chave=15220723704333000601550010000086621362784278 DV_valido=False
2026-09-23 11:59:37 | INFO     | produtos: cabecalho detectado pelo criterio '1. CODIGO+CFOP+VLR UNIT'
2026-09-23 11:59:37 | INFO     | produtos: colunas mapeadas (11): ['codigo', 'valor_unitario', 'descricao', 'origem_cst', 'cfop', 'desconto', 'valor_total', 'valor_icms', 'ncm', 'valor_ipi', 'bc_icms']
2026-09-23 11:59:37 | DEBUG    | produtos: novo item -> {'codigo': 'P015', 'descricao': 'FosfatoMonoamonico11%N-52%P205-', 'ncm': '31054000', 'origem_cst': '6/20', 'cfop': '5102 TON', 'valor_unitario': '48,0000 5.907,0600', 'valor_total': '283.538.88', 'bc_icms': '16.672.09', 'valor_icms': '2.834,26', 'valor_ipi': '0.0017.000.0'}
2026-09-23 11:59:37 | DEBUG    | produtos: linha de 'obs' vista; valores nao-descricao aproveitados -> {}
2026-09-23 11:59:37 | DEBUG    | produtos: linha descartada apos obs -> {'descricao': 'Lote:IMP197022-Qtde:48;'}
2026-09-23 11:59:37 | DEBUG    | produtos: linha descartada apos obs -> {'descricao': 'Lote(s):Reg.MAPA:PR 0015695000026.'}
2026-09-23 11:59:37 | DEBUG    | produtos: linha descartada apos obs -> {'codigo': 'DADOSADICIONAIS'}
2026-09-23 11:59:37 | INFO     | produtos: 1 item(ns) extraido(s)
2026-09-23 11:59:37 | INFO     | produtos: item 1 codigo='P015' descricao='FosfatoMonoamonico11%N-52%P205- Granulado' ncm='31054000' und=None qtde=None vlr_unit='48,0000 5.907,0600' vlr_total='283.538.88'
2026-09-23 11:59:37 | INFO     | produtos: total combinado (paginas) = 1
2026-09-23 11:59:37 | WARNING  | 8662.pdf | extracao PARCIAL -> chave de acesso com digito verificador invalido (DV)
2026-09-23 11:59:37 | INFO     | 8662.pdf | produtos=1 status=parcial
2026-09-23 11:59:37 | INFO     | pipeline | 8662.pdf | chave 15220723704333000601550010000086621362784278 ATUALIZADA
2026-09-23 11:59:37 | WARNING  | pipeline | 8662.pdf | extracao PARCIAL (chave de acesso com digito verificador invalido (DV))
2026-09-23 11:59:37 | INFO     | pipeline | [7/8] processando 8694.pdf
2026-09-23 11:59:37 | INFO     | 8694.pdf | inicio de extracao
2026-09-23 12:00:24 | INFO     | 8694.pdf | origem=ocr itens=170
2026-09-23 12:00:24 | INFO     | 8694.pdf | chave=51220823704333000601550010000086941339615756 DV_valido=True
2026-09-23 12:00:24 | INFO     | produtos: cabecalho detectado pelo criterio '1. CODIGO+CFOP+VLR UNIT'
2026-09-23 12:00:24 | INFO     | produtos: colunas mapeadas (13): ['ncm', 'bc_icms', 'valor_icms', 'cfop', 'valor_total', 'origem_cst', 'unidade', 'valor_unitario', 'desconto', 'valor_ipi', 'codigo', 'descricao', 'quantidade']
2026-09-23 12:00:24 | DEBUG    | produtos: novo item -> {'codigo': 'POIS', 'descricao': 'FosfatoMonoamonico11%N-52%P205-', 'ncm': '31054000', 'origem_cst': '6/20', 'cfop': '5102', 'unidade': 'TON', 'quantidade': '32,0000', 'valor_unitario': '5.907,0600', 'valor_total': '189.025.92', 'bc_icms': '11.114.72', 'valor_icms': '1.889.50', 'valor_ipi': '0,00|17.000.0'}
2026-09-23 12:00:24 | DEBUG    | produtos: linha de 'obs' vista; valores nao-descricao aproveitados -> {}
2026-09-23 12:00:24 | DEBUG    | produtos: linha descartada apos obs -> {'descricao': 'APLICACAOVIASOLO'}
2026-09-23 12:00:24 | DEBUG    | produtos: linha descartada apos obs -> {'descricao': 'Lotc:1MP197022-Q1dc:32.'}
2026-09-23 12:00:24 | DEBUG    | produtos: linha descartada apos obs -> {'descricao': 'Lolc(s):Reg.MAPA:PR0015695000026.'}
2026-09-23 12:00:24 | DEBUG    | produtos: linha descartada apos obs -> {'codigo': 'DADOSADICIONAIS'}
2026-09-23 12:00:24 | INFO     | produtos: 1 item(ns) extraido(s)
2026-09-23 12:00:24 | INFO     | produtos: item 1 codigo='POIS' descricao='FosfatoMonoamonico11%N-52%P205- Granulado' ncm='31054000' und='TON' qtde='32,0000' vlr_unit='5.907,0600' vlr_total='189.025.92'
2026-09-23 12:00:24 | INFO     | produtos: total combinado (paginas) = 1
2026-09-23 12:00:24 | INFO     | 8694.pdf | extracao COMPLETA
2026-09-23 12:00:24 | INFO     | 8694.pdf | produtos=1 status=completa
2026-09-23 12:00:24 | INFO     | pipeline | 8694.pdf | chave 51220823704333000601550010000086941339615756 ATUALIZADA
2026-09-23 12:00:24 | INFO     | pipeline | [8/8] processando 8696.pdf
2026-09-23 12:00:24 | INFO     | 8696.pdf | inicio de extracao
2026-09-23 12:01:01 | INFO     | 8696.pdf | origem=ocr itens=159
2026-09-23 12:01:01 | INFO     | 8696.pdf | chave=51220823704333000601550010000086961991321798 DV_valido=True
2026-09-23 12:01:01 | INFO     | produtos: cabecalho detectado pelo criterio '1. CODIGO+CFOP+VLR UNIT'
2026-09-23 12:01:01 | INFO     | produtos: colunas mapeadas (13): ['aliquota', 'codigo', 'descricao', 'ncm', 'origem_cst', 'cfop', 'unidade', 'valor_unitario', 'desconto', 'valor_total', 'bc_icms', 'valor_icms', 'valor_ipi']
2026-09-23 12:01:01 | DEBUG    | produtos: novo item -> {'codigo': 'P015', 'descricao': 'Granulado FosfatoMonoamonico11%N-52%P205-', 'ncm': '31054000', 'origem_cst': '6/20', 'cfop': '5102', 'unidade': 'TON 36,0000', 'valor_unitario': '5.821,0925', 'valor_total': '209.559,33', 'bc_icms': '12.322,09', 'valor_icms': '2.094,76', 'aliquota': '0,0017,000,00'}
2026-09-23 12:01:01 | INFO     | produtos: 1 item(ns) extraido(s)
2026-09-23 12:01:01 | INFO     | produtos: item 1 codigo='P015 DADOSADICIONAIS' descricao='Granulado FosfatoMonoamonico11%N-52%P205- APLICACAOVIASOLO: Obs:FERT.MINERALSIMPLES, Lote:' ncm='31054000' und='TON 36,0000' qtde=None vlr_unit='5.821,0925' vlr_total='209.559,33'
2026-09-23 12:01:01 | INFO     | produtos: total combinado (paginas) = 1
2026-09-23 12:01:01 | WARNING  | 8696.pdf | extracao PARCIAL -> campos nucleares ausentes: valor_da_nota, destinatario.nome, destinatario.cnpj_cpf
2026-09-23 12:01:01 | INFO     | 8696.pdf | produtos=1 status=parcial
2026-09-23 12:01:01 | INFO     | pipeline | 8696.pdf | chave 51220823704333000601550010000086961991321798 ATUALIZADA
2026-09-23 12:01:01 | INFO     | pipeline | RESULTADO: pdfs=8 inseridas=0 atualizadas=8 parciais=3 falhas=0 antes=8 depois=8 duracao=358.7s
2026-09-23 12:01:01 | INFO     | pipeline | JSON=C:\Users\MatheusMartinelli\OneDrive - Agrorobotica Fotonica Em Certificacoes Agroambientais\VERRA_Farmer\OS_050_Sementes Tropical\03_ENVIO_DE_DOCUMENTOS\2022\03_NOTAS_FISCAIS\NF_FERTILIZANTE\MAP\notas_fiscais.json CSV=C:\Users\MatheusMartinelli\OneDrive - Agrorobotica Fotonica Em Certificacoes Agroambientais\VERRA_Farmer\OS_050_Sementes Tropical\03_ENVIO_DE_DOCUMENTOS\2022\03_NOTAS_FISCAIS\NF_FERTILIZANTE\MAP\notas_fiscais.csv
2026-09-23 12:01:56 | INFO     | ==== PIPELINE NF_reader | pasta=C:\Users\MatheusMartinelli\OneDrive - Agrorobotica Fotonica Em Certificacoes Agroambientais\VERRA_Farmer\OS_050_Sementes Tropical\03_ENVIO_DE_DOCUMENTOS\2022
2026-09-23 12:01:56 | INFO     | pipeline | PDFs=226 OCR=True incluir_ocr_csv=False dpi=300 apenas_adicionar=True
2026-09-23 12:01:56 | INFO     | pipeline | JSON existente: C:\Users\MatheusMartinelli\OneDrive - Agrorobotica Fotonica Em Certificacoes Agroambientais\VERRA_Farmer\OS_050_Sementes Tropical\03_ENVIO_DE_DOCUMENTOS\2022\notas_fiscais.json (chaves=73)
2026-09-23 12:01:56 | INFO     | pipeline | motor OCR inicializado
2026-09-23 12:01:56 | INFO     | pipeline | [1/226] processando 01_DADOS_OPERACIONAIS\DEFENSIVOS\ALGODAO\Fungicida Campo 203.pdf
2026-09-23 12:01:56 | INFO     | 01_DADOS_OPERACIONAIS\DEFENSIVOS\ALGODAO\Fungicida Campo 203.pdf | inicio de extracao
2026-09-23 12:01:56 | INFO     | 01_DADOS_OPERACIONAIS\DEFENSIVOS\ALGODAO\Fungicida Campo 203.pdf | origem=texto itens=105
2026-09-23 12:01:56 | WARNING  | 01_DADOS_OPERACIONAIS\DEFENSIVOS\ALGODAO\Fungicida Campo 203.pdf | chave de acesso (44 digitos) NAO encontrada
2026-09-23 12:01:56 | ERROR    | pipeline | 01_DADOS_OPERACIONAIS\DEFENSIVOS\ALGODAO\Fungicida Campo 203.pdf | NAO processado -> nao foi encontrada a chave de acesso (44 digitos)
2026-09-23 12:01:56 | INFO     | pipeline | [2/226] processando 01_DADOS_OPERACIONAIS\DEFENSIVOS\ALGODAO\Fungicida Campo 204.pdf
2026-09-23 12:01:56 | INFO     | 01_DADOS_OPERACIONAIS\DEFENSIVOS\ALGODAO\Fungicida Campo 204.pdf | inicio de extracao
2026-09-23 12:01:56 | INFO     | 01_DADOS_OPERACIONAIS\DEFENSIVOS\ALGODAO\Fungicida Campo 204.pdf | origem=texto itens=105
2026-09-23 12:01:56 | WARNING  | 01_DADOS_OPERACIONAIS\DEFENSIVOS\ALGODAO\Fungicida Campo 204.pdf | chave de acesso (44 digitos) NAO encontrada
2026-09-23 12:01:56 | ERROR    | pipeline | 01_DADOS_OPERACIONAIS\DEFENSIVOS\ALGODAO\Fungicida Campo 204.pdf | NAO processado -> nao foi encontrada a chave de acesso (44 digitos)
2026-09-23 12:01:56 | INFO     | pipeline | [3/226] processando 01_DADOS_OPERACIONAIS\DEFENSIVOS\ALGODAO\Fungicida Campo 209.pdf
2026-09-23 12:01:56 | INFO     | 01_DADOS_OPERACIONAIS\DEFENSIVOS\ALGODAO\Fungicida Campo 209.pdf | inicio de extracao
2026-09-23 12:01:56 | INFO     | 01_DADOS_OPERACIONAIS\DEFENSIVOS\ALGODAO\Fungicida Campo 209.pdf | origem=texto itens=105
2026-09-23 12:01:56 | WARNING  | 01_DADOS_OPERACIONAIS\DEFENSIVOS\ALGODAO\Fungicida Campo 209.pdf | chave de acesso (44 digitos) NAO encontrada
2026-09-23 12:01:56 | ERROR    | pipeline | 01_DADOS_OPERACIONAIS\DEFENSIVOS\ALGODAO\Fungicida Campo 209.pdf | NAO processado -> nao foi encontrada a chave de acesso (44 digitos)
2026-09-23 12:01:56 | INFO     | pipeline | [4/226] processando 01_DADOS_OPERACIONAIS\DEFENSIVOS\ALGODAO\Fungicida Campo 210.pdf
2026-09-23 12:01:56 | INFO     | 01_DADOS_OPERACIONAIS\DEFENSIVOS\ALGODAO\Fungicida Campo 210.pdf | inicio de extracao
2026-09-23 12:01:56 | INFO     | 01_DADOS_OPERACIONAIS\DEFENSIVOS\ALGODAO\Fungicida Campo 210.pdf | origem=texto itens=105
2026-09-23 12:01:56 | WARNING  | 01_DADOS_OPERACIONAIS\DEFENSIVOS\ALGODAO\Fungicida Campo 210.pdf | chave de acesso (44 digitos) NAO encontrada
2026-09-23 12:01:56 | ERROR    | pipeline | 01_DADOS_OPERACIONAIS\DEFENSIVOS\ALGODAO\Fungicida Campo 210.pdf | NAO processado -> nao foi encontrada a chave de acesso (44 digitos)
2026-09-23 12:01:56 | INFO     | pipeline | [5/226] processando 01_DADOS_OPERACIONAIS\DEFENSIVOS\ALGODAO\Fungicida Campo 211.pdf
2026-09-23 12:01:56 | INFO     | 01_DADOS_OPERACIONAIS\DEFENSIVOS\ALGODAO\Fungicida Campo 211.pdf | inicio de extracao
2026-09-23 12:01:56 | INFO     | 01_DADOS_OPERACIONAIS\DEFENSIVOS\ALGODAO\Fungicida Campo 211.pdf | origem=texto itens=105
2026-09-23 12:01:56 | WARNING  | 01_DADOS_OPERACIONAIS\DEFENSIVOS\ALGODAO\Fungicida Campo 211.pdf | chave de acesso (44 digitos) NAO encontrada
2026-09-23 12:01:56 | ERROR    | pipeline | 01_DADOS_OPERACIONAIS\DEFENSIVOS\ALGODAO\Fungicida Campo 211.pdf | NAO processado -> nao foi encontrada a chave de acesso (44 digitos)
2026-09-23 12:01:56 | INFO     | pipeline | [6/226] processando 01_DADOS_OPERACIONAIS\DEFENSIVOS\ALGODAO\Fungicida Campo 301.pdf
2026-09-23 12:01:56 | INFO     | 01_DADOS_OPERACIONAIS\DEFENSIVOS\ALGODAO\Fungicida Campo 301.pdf | inicio de extracao
2026-09-23 12:01:56 | INFO     | 01_DADOS_OPERACIONAIS\DEFENSIVOS\ALGODAO\Fungicida Campo 301.pdf | origem=texto itens=104
2026-09-23 12:01:56 | WARNING  | 01_DADOS_OPERACIONAIS\DEFENSIVOS\ALGODAO\Fungicida Campo 301.pdf | chave de acesso (44 digitos) NAO encontrada
2026-09-23 12:01:56 | ERROR    | pipeline | 01_DADOS_OPERACIONAIS\DEFENSIVOS\ALGODAO\Fungicida Campo 301.pdf | NAO processado -> nao foi encontrada a chave de acesso (44 digitos)
2026-09-23 12:01:56 | INFO     | pipeline | [7/226] processando 01_DADOS_OPERACIONAIS\DEFENSIVOS\ALGODAO\Fungicida Campo 302.pdf
2026-09-23 12:01:56 | INFO     | 01_DADOS_OPERACIONAIS\DEFENSIVOS\ALGODAO\Fungicida Campo 302.pdf | inicio de extracao
2026-09-23 12:01:56 | INFO     | 01_DADOS_OPERACIONAIS\DEFENSIVOS\ALGODAO\Fungicida Campo 302.pdf | origem=texto itens=104
2026-09-23 12:01:56 | WARNING  | 01_DADOS_OPERACIONAIS\DEFENSIVOS\ALGODAO\Fungicida Campo 302.pdf | chave de acesso (44 digitos) NAO encontrada
2026-09-23 12:01:56 | ERROR    | pipeline | 01_DADOS_OPERACIONAIS\DEFENSIVOS\ALGODAO\Fungicida Campo 302.pdf | NAO processado -> nao foi encontrada a chave de acesso (44 digitos)
2026-09-23 12:01:56 | INFO     | pipeline | [8/226] processando 01_DADOS_OPERACIONAIS\DEFENSIVOS\ALGODAO\Fungicida Campo 305.pdf
2026-09-23 12:01:56 | INFO     | 01_DADOS_OPERACIONAIS\DEFENSIVOS\ALGODAO\Fungicida Campo 305.pdf | inicio de extracao
2026-09-23 12:01:56 | INFO     | 01_DADOS_OPERACIONAIS\DEFENSIVOS\ALGODAO\Fungicida Campo 305.pdf | origem=texto itens=104
2026-09-23 12:01:56 | WARNING  | 01_DADOS_OPERACIONAIS\DEFENSIVOS\ALGODAO\Fungicida Campo 305.pdf | chave de acesso (44 digitos) NAO encontrada
2026-09-23 12:01:56 | ERROR    | pipeline | 01_DADOS_OPERACIONAIS\DEFENSIVOS\ALGODAO\Fungicida Campo 305.pdf | NAO processado -> nao foi encontrada a chave de acesso (44 digitos)
2026-09-23 12:01:56 | INFO     | pipeline | [9/226] processando 01_DADOS_OPERACIONAIS\DEFENSIVOS\ALGODAO\Fungicida Campo Pivo 01.pdf
2026-09-23 12:01:56 | INFO     | 01_DADOS_OPERACIONAIS\DEFENSIVOS\ALGODAO\Fungicida Campo Pivo 01.pdf | inicio de extracao
2026-09-23 12:01:56 | INFO     | 01_DADOS_OPERACIONAIS\DEFENSIVOS\ALGODAO\Fungicida Campo Pivo 01.pdf | origem=texto itens=95
2026-09-23 12:01:56 | WARNING  | 01_DADOS_OPERACIONAIS\DEFENSIVOS\ALGODAO\Fungicida Campo Pivo 01.pdf | chave de acesso (44 digitos) NAO encontrada
2026-09-23 12:01:56 | ERROR    | pipeline | 01_DADOS_OPERACIONAIS\DEFENSIVOS\ALGODAO\Fungicida Campo Pivo 01.pdf | NAO processado -> nao foi encontrada a chave de acesso (44 digitos)
2026-09-23 12:01:56 | INFO     | pipeline | [10/226] processando 01_DADOS_OPERACIONAIS\DEFENSIVOS\ALGODAO\Fungicida Campo Pivo 02.pdf
2026-09-23 12:01:56 | INFO     | 01_DADOS_OPERACIONAIS\DEFENSIVOS\ALGODAO\Fungicida Campo Pivo 02.pdf | inicio de extracao
2026-09-23 12:01:56 | INFO     | 01_DADOS_OPERACIONAIS\DEFENSIVOS\ALGODAO\Fungicida Campo Pivo 02.pdf | origem=texto itens=96
2026-09-23 12:01:56 | WARNING  | 01_DADOS_OPERACIONAIS\DEFENSIVOS\ALGODAO\Fungicida Campo Pivo 02.pdf | chave de acesso (44 digitos) NAO encontrada
2026-09-23 12:01:56 | ERROR    | pipeline | 01_DADOS_OPERACIONAIS\DEFENSIVOS\ALGODAO\Fungicida Campo Pivo 02.pdf | NAO processado -> nao foi encontrada a chave de acesso (44 digitos)
2026-09-23 12:01:56 | INFO     | pipeline | [11/226] processando 01_DADOS_OPERACIONAIS\DEFENSIVOS\ALGODAO\Herbicida Campo 203.pdf
2026-09-23 12:01:56 | INFO     | 01_DADOS_OPERACIONAIS\DEFENSIVOS\ALGODAO\Herbicida Campo 203.pdf | inicio de extracao
2026-09-23 12:01:56 | INFO     | 01_DADOS_OPERACIONAIS\DEFENSIVOS\ALGODAO\Herbicida Campo 203.pdf | origem=texto itens=115
2026-09-23 12:01:56 | WARNING  | 01_DADOS_OPERACIONAIS\DEFENSIVOS\ALGODAO\Herbicida Campo 203.pdf | chave de acesso (44 digitos) NAO encontrada
2026-09-23 12:01:56 | ERROR    | pipeline | 01_DADOS_OPERACIONAIS\DEFENSIVOS\ALGODAO\Herbicida Campo 203.pdf | NAO processado -> nao foi encontrada a chave de acesso (44 digitos)
2026-09-23 12:01:56 | INFO     | pipeline | [12/226] processando 01_DADOS_OPERACIONAIS\DEFENSIVOS\ALGODAO\Herbicida Campo 204.pdf
2026-09-23 12:01:56 | INFO     | 01_DADOS_OPERACIONAIS\DEFENSIVOS\ALGODAO\Herbicida Campo 204.pdf | inicio de extracao
2026-09-23 12:01:56 | INFO     | 01_DADOS_OPERACIONAIS\DEFENSIVOS\ALGODAO\Herbicida Campo 204.pdf | origem=texto itens=115
2026-09-23 12:01:56 | WARNING  | 01_DADOS_OPERACIONAIS\DEFENSIVOS\ALGODAO\Herbicida Campo 204.pdf | chave de acesso (44 digitos) NAO encontrada
2026-09-23 12:01:56 | ERROR    | pipeline | 01_DADOS_OPERACIONAIS\DEFENSIVOS\ALGODAO\Herbicida Campo 204.pdf | NAO processado -> nao foi encontrada a chave de acesso (44 digitos)
2026-09-23 12:01:56 | INFO     | pipeline | [13/226] processando 01_DADOS_OPERACIONAIS\DEFENSIVOS\ALGODAO\Herbicida Campo 209.pdf
2026-09-23 12:01:56 | INFO     | 01_DADOS_OPERACIONAIS\DEFENSIVOS\ALGODAO\Herbicida Campo 209.pdf | inicio de extracao
2026-09-23 12:01:56 | INFO     | 01_DADOS_OPERACIONAIS\DEFENSIVOS\ALGODAO\Herbicida Campo 209.pdf | origem=texto itens=115
2026-09-23 12:01:56 | WARNING  | 01_DADOS_OPERACIONAIS\DEFENSIVOS\ALGODAO\Herbicida Campo 209.pdf | chave de acesso (44 digitos) NAO encontrada
2026-09-23 12:01:56 | ERROR    | pipeline | 01_DADOS_OPERACIONAIS\DEFENSIVOS\ALGODAO\Herbicida Campo 209.pdf | NAO processado -> nao foi encontrada a chave de acesso (44 digitos)
2026-09-23 12:01:56 | INFO     | pipeline | [14/226] processando 01_DADOS_OPERACIONAIS\DEFENSIVOS\ALGODAO\Herbicida Campo 210.pdf
2026-09-23 12:01:56 | INFO     | 01_DADOS_OPERACIONAIS\DEFENSIVOS\ALGODAO\Herbicida Campo 210.pdf | inicio de extracao
2026-09-23 12:01:56 | INFO     | 01_DADOS_OPERACIONAIS\DEFENSIVOS\ALGODAO\Herbicida Campo 210.pdf | origem=texto itens=115
2026-09-23 12:01:56 | WARNING  | 01_DADOS_OPERACIONAIS\DEFENSIVOS\ALGODAO\Herbicida Campo 210.pdf | chave de acesso (44 digitos) NAO encontrada
2026-09-23 12:01:56 | ERROR    | pipeline | 01_DADOS_OPERACIONAIS\DEFENSIVOS\ALGODAO\Herbicida Campo 210.pdf | NAO processado -> nao foi encontrada a chave de acesso (44 digitos)
2026-09-23 12:01:56 | INFO     | pipeline | [15/226] processando 01_DADOS_OPERACIONAIS\DEFENSIVOS\ALGODAO\Herbicida Campo 211.pdf
2026-09-23 12:01:56 | INFO     | 01_DADOS_OPERACIONAIS\DEFENSIVOS\ALGODAO\Herbicida Campo 211.pdf | inicio de extracao
2026-09-23 12:01:56 | INFO     | 01_DADOS_OPERACIONAIS\DEFENSIVOS\ALGODAO\Herbicida Campo 211.pdf | origem=texto itens=124
2026-09-23 12:01:56 | WARNING  | 01_DADOS_OPERACIONAIS\DEFENSIVOS\ALGODAO\Herbicida Campo 211.pdf | chave de acesso (44 digitos) NAO encontrada
2026-09-23 12:01:56 | ERROR    | pipeline | 01_DADOS_OPERACIONAIS\DEFENSIVOS\ALGODAO\Herbicida Campo 211.pdf | NAO processado -> nao foi encontrada a chave de acesso (44 digitos)
2026-09-23 12:01:56 | INFO     | pipeline | [16/226] processando 01_DADOS_OPERACIONAIS\DEFENSIVOS\ALGODAO\Herbicida Campo 301.pdf
2026-09-23 12:01:56 | INFO     | 01_DADOS_OPERACIONAIS\DEFENSIVOS\ALGODAO\Herbicida Campo 301.pdf | inicio de extracao
2026-09-23 12:01:56 | INFO     | 01_DADOS_OPERACIONAIS\DEFENSIVOS\ALGODAO\Herbicida Campo 301.pdf | origem=texto itens=117
2026-09-23 12:01:56 | WARNING  | 01_DADOS_OPERACIONAIS\DEFENSIVOS\ALGODAO\Herbicida Campo 301.pdf | chave de acesso (44 digitos) NAO encontrada
2026-09-23 12:01:56 | ERROR    | pipeline | 01_DADOS_OPERACIONAIS\DEFENSIVOS\ALGODAO\Herbicida Campo 301.pdf | NAO processado -> nao foi encontrada a chave de acesso (44 digitos)
2026-09-23 12:01:56 | INFO     | pipeline | [17/226] processando 01_DADOS_OPERACIONAIS\DEFENSIVOS\ALGODAO\Herbicida Campo 302.pdf
2026-09-23 12:01:56 | INFO     | 01_DADOS_OPERACIONAIS\DEFENSIVOS\ALGODAO\Herbicida Campo 302.pdf | inicio de extracao
2026-09-23 12:01:56 | INFO     | 01_DADOS_OPERACIONAIS\DEFENSIVOS\ALGODAO\Herbicida Campo 302.pdf | origem=texto itens=116
2026-09-23 12:01:56 | WARNING  | 01_DADOS_OPERACIONAIS\DEFENSIVOS\ALGODAO\Herbicida Campo 302.pdf | chave de acesso (44 digitos) NAO encontrada
2026-09-23 12:01:56 | ERROR    | pipeline | 01_DADOS_OPERACIONAIS\DEFENSIVOS\ALGODAO\Herbicida Campo 302.pdf | NAO processado -> nao foi encontrada a chave de acesso (44 digitos)
2026-09-23 12:01:56 | INFO     | pipeline | [18/226] processando 01_DADOS_OPERACIONAIS\DEFENSIVOS\ALGODAO\Herbicida Campo 305.pdf
2026-09-23 12:01:56 | INFO     | 01_DADOS_OPERACIONAIS\DEFENSIVOS\ALGODAO\Herbicida Campo 305.pdf | inicio de extracao
2026-09-23 12:01:56 | INFO     | 01_DADOS_OPERACIONAIS\DEFENSIVOS\ALGODAO\Herbicida Campo 305.pdf | origem=texto itens=116
2026-09-23 12:01:56 | WARNING  | 01_DADOS_OPERACIONAIS\DEFENSIVOS\ALGODAO\Herbicida Campo 305.pdf | chave de acesso (44 digitos) NAO encontrada
2026-09-23 12:01:56 | ERROR    | pipeline | 01_DADOS_OPERACIONAIS\DEFENSIVOS\ALGODAO\Herbicida Campo 305.pdf | NAO processado -> nao foi encontrada a chave de acesso (44 digitos)
2026-09-23 12:01:56 | INFO     | pipeline | [19/226] processando 01_DADOS_OPERACIONAIS\DEFENSIVOS\ALGODAO\Herbicida Campo Pivo 01.pdf
2026-09-23 12:01:56 | INFO     | 01_DADOS_OPERACIONAIS\DEFENSIVOS\ALGODAO\Herbicida Campo Pivo 01.pdf | inicio de extracao
2026-09-23 12:01:56 | INFO     | 01_DADOS_OPERACIONAIS\DEFENSIVOS\ALGODAO\Herbicida Campo Pivo 01.pdf | origem=texto itens=105
2026-09-23 12:01:56 | WARNING  | 01_DADOS_OPERACIONAIS\DEFENSIVOS\ALGODAO\Herbicida Campo Pivo 01.pdf | chave de acesso (44 digitos) NAO encontrada
2026-09-23 12:01:56 | ERROR    | pipeline | 01_DADOS_OPERACIONAIS\DEFENSIVOS\ALGODAO\Herbicida Campo Pivo 01.pdf | NAO processado -> nao foi encontrada a chave de acesso (44 digitos)
2026-09-23 12:01:56 | INFO     | pipeline | [20/226] processando 01_DADOS_OPERACIONAIS\DEFENSIVOS\ALGODAO\Herbicida Campo Pivo 02.pdf
2026-09-23 12:01:56 | INFO     | 01_DADOS_OPERACIONAIS\DEFENSIVOS\ALGODAO\Herbicida Campo Pivo 02.pdf | inicio de extracao
2026-09-23 12:01:56 | INFO     | 01_DADOS_OPERACIONAIS\DEFENSIVOS\ALGODAO\Herbicida Campo Pivo 02.pdf | origem=texto itens=106
2026-09-23 12:01:56 | WARNING  | 01_DADOS_OPERACIONAIS\DEFENSIVOS\ALGODAO\Herbicida Campo Pivo 02.pdf | chave de acesso (44 digitos) NAO encontrada
2026-09-23 12:01:56 | ERROR    | pipeline | 01_DADOS_OPERACIONAIS\DEFENSIVOS\ALGODAO\Herbicida Campo Pivo 02.pdf | NAO processado -> nao foi encontrada a chave de acesso (44 digitos)
2026-09-23 12:01:56 | INFO     | pipeline | [21/226] processando 01_DADOS_OPERACIONAIS\DEFENSIVOS\ALGODAO\Inseticida Campo 203.pdf
2026-09-23 12:01:56 | INFO     | 01_DADOS_OPERACIONAIS\DEFENSIVOS\ALGODAO\Inseticida Campo 203.pdf | inicio de extracao
2026-09-23 12:01:56 | INFO     | 01_DADOS_OPERACIONAIS\DEFENSIVOS\ALGODAO\Inseticida Campo 203.pdf | origem=texto itens=114
2026-09-23 12:01:56 | WARNING  | 01_DADOS_OPERACIONAIS\DEFENSIVOS\ALGODAO\Inseticida Campo 203.pdf | chave de acesso (44 digitos) NAO encontrada
2026-09-23 12:01:56 | ERROR    | pipeline | 01_DADOS_OPERACIONAIS\DEFENSIVOS\ALGODAO\Inseticida Campo 203.pdf | NAO processado -> nao foi encontrada a chave de acesso (44 digitos)
2026-09-23 12:01:56 | INFO     | pipeline | [22/226] processando 01_DADOS_OPERACIONAIS\DEFENSIVOS\ALGODAO\Inseticida Campo 204.pdf
2026-09-23 12:01:56 | INFO     | 01_DADOS_OPERACIONAIS\DEFENSIVOS\ALGODAO\Inseticida Campo 204.pdf | inicio de extracao
2026-09-23 12:01:56 | INFO     | 01_DADOS_OPERACIONAIS\DEFENSIVOS\ALGODAO\Inseticida Campo 204.pdf | origem=texto itens=114
2026-09-23 12:01:56 | WARNING  | 01_DADOS_OPERACIONAIS\DEFENSIVOS\ALGODAO\Inseticida Campo 204.pdf | chave de acesso (44 digitos) NAO encontrada
2026-09-23 12:01:56 | ERROR    | pipeline | 01_DADOS_OPERACIONAIS\DEFENSIVOS\ALGODAO\Inseticida Campo 204.pdf | NAO processado -> nao foi encontrada a chave de acesso (44 digitos)
2026-09-23 12:01:56 | INFO     | pipeline | [23/226] processando 01_DADOS_OPERACIONAIS\DEFENSIVOS\ALGODAO\Inseticida Campo 209.pdf
2026-09-23 12:01:56 | INFO     | 01_DADOS_OPERACIONAIS\DEFENSIVOS\ALGODAO\Inseticida Campo 209.pdf | inicio de extracao
2026-09-23 12:01:56 | INFO     | 01_DADOS_OPERACIONAIS\DEFENSIVOS\ALGODAO\Inseticida Campo 209.pdf | origem=texto itens=122
2026-09-23 12:01:56 | WARNING  | 01_DADOS_OPERACIONAIS\DEFENSIVOS\ALGODAO\Inseticida Campo 209.pdf | chave de acesso (44 digitos) NAO encontrada
2026-09-23 12:01:56 | ERROR    | pipeline | 01_DADOS_OPERACIONAIS\DEFENSIVOS\ALGODAO\Inseticida Campo 209.pdf | NAO processado -> nao foi encontrada a chave de acesso (44 digitos)
2026-09-23 12:01:56 | INFO     | pipeline | [24/226] processando 01_DADOS_OPERACIONAIS\DEFENSIVOS\ALGODAO\Inseticida Campo 210.pdf
2026-09-23 12:01:56 | INFO     | 01_DADOS_OPERACIONAIS\DEFENSIVOS\ALGODAO\Inseticida Campo 210.pdf | inicio de extracao
2026-09-23 12:01:56 | INFO     | 01_DADOS_OPERACIONAIS\DEFENSIVOS\ALGODAO\Inseticida Campo 210.pdf | origem=texto itens=122
2026-09-23 12:01:56 | WARNING  | 01_DADOS_OPERACIONAIS\DEFENSIVOS\ALGODAO\Inseticida Campo 210.pdf | chave de acesso (44 digitos) NAO encontrada
2026-09-23 12:01:56 | ERROR    | pipeline | 01_DADOS_OPERACIONAIS\DEFENSIVOS\ALGODAO\Inseticida Campo 210.pdf | NAO processado -> nao foi encontrada a chave de acesso (44 digitos)
2026-09-23 12:01:56 | INFO     | pipeline | [25/226] processando 01_DADOS_OPERACIONAIS\DEFENSIVOS\ALGODAO\Inseticida Campo 211.pdf
2026-09-23 12:01:56 | INFO     | 01_DADOS_OPERACIONAIS\DEFENSIVOS\ALGODAO\Inseticida Campo 211.pdf | inicio de extracao
2026-09-23 12:01:56 | INFO     | 01_DADOS_OPERACIONAIS\DEFENSIVOS\ALGODAO\Inseticida Campo 211.pdf | origem=texto itens=114
2026-09-23 12:01:56 | WARNING  | 01_DADOS_OPERACIONAIS\DEFENSIVOS\ALGODAO\Inseticida Campo 211.pdf | chave de acesso (44 digitos) NAO encontrada
2026-09-23 12:01:56 | ERROR    | pipeline | 01_DADOS_OPERACIONAIS\DEFENSIVOS\ALGODAO\Inseticida Campo 211.pdf | NAO processado -> nao foi encontrada a chave de acesso (44 digitos)
2026-09-23 12:01:56 | INFO     | pipeline | [26/226] processando 01_DADOS_OPERACIONAIS\DEFENSIVOS\ALGODAO\Inseticida Campo 301.pdf
2026-09-23 12:01:56 | INFO     | 01_DADOS_OPERACIONAIS\DEFENSIVOS\ALGODAO\Inseticida Campo 301.pdf | inicio de extracao
2026-09-23 12:01:56 | INFO     | 01_DADOS_OPERACIONAIS\DEFENSIVOS\ALGODAO\Inseticida Campo 301.pdf | origem=texto itens=122
2026-09-23 12:01:56 | WARNING  | 01_DADOS_OPERACIONAIS\DEFENSIVOS\ALGODAO\Inseticida Campo 301.pdf | chave de acesso (44 digitos) NAO encontrada
2026-09-23 12:01:56 | ERROR    | pipeline | 01_DADOS_OPERACIONAIS\DEFENSIVOS\ALGODAO\Inseticida Campo 301.pdf | NAO processado -> nao foi encontrada a chave de acesso (44 digitos)
2026-09-23 12:01:56 | INFO     | pipeline | [27/226] processando 01_DADOS_OPERACIONAIS\DEFENSIVOS\ALGODAO\Inseticida Campo 302.pdf
2026-09-23 12:01:56 | INFO     | 01_DADOS_OPERACIONAIS\DEFENSIVOS\ALGODAO\Inseticida Campo 302.pdf | inicio de extracao
2026-09-23 12:01:56 | INFO     | 01_DADOS_OPERACIONAIS\DEFENSIVOS\ALGODAO\Inseticida Campo 302.pdf | origem=texto itens=113
2026-09-23 12:01:56 | WARNING  | 01_DADOS_OPERACIONAIS\DEFENSIVOS\ALGODAO\Inseticida Campo 302.pdf | chave de acesso (44 digitos) NAO encontrada
2026-09-23 12:01:56 | ERROR    | pipeline | 01_DADOS_OPERACIONAIS\DEFENSIVOS\ALGODAO\Inseticida Campo 302.pdf | NAO processado -> nao foi encontrada a chave de acesso (44 digitos)
2026-09-23 12:01:56 | INFO     | pipeline | [28/226] processando 01_DADOS_OPERACIONAIS\DEFENSIVOS\ALGODAO\Inseticida Campo 305.pdf
2026-09-23 12:01:56 | INFO     | 01_DADOS_OPERACIONAIS\DEFENSIVOS\ALGODAO\Inseticida Campo 305.pdf | inicio de extracao
2026-09-23 12:01:56 | INFO     | 01_DADOS_OPERACIONAIS\DEFENSIVOS\ALGODAO\Inseticida Campo 305.pdf | origem=texto itens=113
2026-09-23 12:01:56 | WARNING  | 01_DADOS_OPERACIONAIS\DEFENSIVOS\ALGODAO\Inseticida Campo 305.pdf | chave de acesso (44 digitos) NAO encontrada
2026-09-23 12:01:56 | ERROR    | pipeline | 01_DADOS_OPERACIONAIS\DEFENSIVOS\ALGODAO\Inseticida Campo 305.pdf | NAO processado -> nao foi encontrada a chave de acesso (44 digitos)
2026-09-23 12:01:56 | INFO     | pipeline | [29/226] processando 01_DADOS_OPERACIONAIS\DEFENSIVOS\ALGODAO\Inseticida Campo Pivo 01.pdf
2026-09-23 12:01:56 | INFO     | 01_DADOS_OPERACIONAIS\DEFENSIVOS\ALGODAO\Inseticida Campo Pivo 01.pdf | inicio de extracao
2026-09-23 12:01:56 | INFO     | 01_DADOS_OPERACIONAIS\DEFENSIVOS\ALGODAO\Inseticida Campo Pivo 01.pdf | origem=texto itens=140
2026-09-23 12:01:56 | WARNING  | 01_DADOS_OPERACIONAIS\DEFENSIVOS\ALGODAO\Inseticida Campo Pivo 01.pdf | chave de acesso (44 digitos) NAO encontrada
2026-09-23 12:01:56 | ERROR    | pipeline | 01_DADOS_OPERACIONAIS\DEFENSIVOS\ALGODAO\Inseticida Campo Pivo 01.pdf | NAO processado -> nao foi encontrada a chave de acesso (44 digitos)
2026-09-23 12:01:56 | INFO     | pipeline | [30/226] processando 01_DADOS_OPERACIONAIS\DEFENSIVOS\ALGODAO\Inseticida Campo Pivo 02.pdf
2026-09-23 12:01:56 | INFO     | 01_DADOS_OPERACIONAIS\DEFENSIVOS\ALGODAO\Inseticida Campo Pivo 02.pdf | inicio de extracao
2026-09-23 12:01:56 | INFO     | 01_DADOS_OPERACIONAIS\DEFENSIVOS\ALGODAO\Inseticida Campo Pivo 02.pdf | origem=texto itens=160
2026-09-23 12:01:56 | WARNING  | 01_DADOS_OPERACIONAIS\DEFENSIVOS\ALGODAO\Inseticida Campo Pivo 02.pdf | chave de acesso (44 digitos) NAO encontrada
2026-09-23 12:01:56 | ERROR    | pipeline | 01_DADOS_OPERACIONAIS\DEFENSIVOS\ALGODAO\Inseticida Campo Pivo 02.pdf | NAO processado -> nao foi encontrada a chave de acesso (44 digitos)
2026-09-23 12:01:56 | INFO     | pipeline | [31/226] processando 01_DADOS_OPERACIONAIS\DEFENSIVOS\MILHO\Fungicida Campo 102.pdf
2026-09-23 12:01:56 | INFO     | 01_DADOS_OPERACIONAIS\DEFENSIVOS\MILHO\Fungicida Campo 102.pdf | inicio de extracao
2026-09-23 12:01:56 | INFO     | 01_DADOS_OPERACIONAIS\DEFENSIVOS\MILHO\Fungicida Campo 102.pdf | origem=texto itens=96
2026-09-23 12:01:56 | WARNING  | 01_DADOS_OPERACIONAIS\DEFENSIVOS\MILHO\Fungicida Campo 102.pdf | chave de acesso (44 digitos) NAO encontrada
2026-09-23 12:01:56 | ERROR    | pipeline | 01_DADOS_OPERACIONAIS\DEFENSIVOS\MILHO\Fungicida Campo 102.pdf | NAO processado -> nao foi encontrada a chave de acesso (44 digitos)
2026-09-23 12:01:56 | INFO     | pipeline | [32/226] processando 01_DADOS_OPERACIONAIS\DEFENSIVOS\MILHO\Fungicida Campo 103.pdf
2026-09-23 12:01:56 | INFO     | 01_DADOS_OPERACIONAIS\DEFENSIVOS\MILHO\Fungicida Campo 103.pdf | inicio de extracao
2026-09-23 12:01:56 | INFO     | 01_DADOS_OPERACIONAIS\DEFENSIVOS\MILHO\Fungicida Campo 103.pdf | origem=texto itens=96
2026-09-23 12:01:56 | WARNING  | 01_DADOS_OPERACIONAIS\DEFENSIVOS\MILHO\Fungicida Campo 103.pdf | chave de acesso (44 digitos) NAO encontrada
2026-09-23 12:01:56 | ERROR    | pipeline | 01_DADOS_OPERACIONAIS\DEFENSIVOS\MILHO\Fungicida Campo 103.pdf | NAO processado -> nao foi encontrada a chave de acesso (44 digitos)
2026-09-23 12:01:56 | INFO     | pipeline | [33/226] processando 01_DADOS_OPERACIONAIS\DEFENSIVOS\MILHO\Fungicida Campo 104.pdf
2026-09-23 12:01:56 | INFO     | 01_DADOS_OPERACIONAIS\DEFENSIVOS\MILHO\Fungicida Campo 104.pdf | inicio de extracao
2026-09-23 12:01:56 | INFO     | 01_DADOS_OPERACIONAIS\DEFENSIVOS\MILHO\Fungicida Campo 104.pdf | origem=texto itens=96
2026-09-23 12:01:56 | WARNING  | 01_DADOS_OPERACIONAIS\DEFENSIVOS\MILHO\Fungicida Campo 104.pdf | chave de acesso (44 digitos) NAO encontrada
2026-09-23 12:01:56 | ERROR    | pipeline | 01_DADOS_OPERACIONAIS\DEFENSIVOS\MILHO\Fungicida Campo 104.pdf | NAO processado -> nao foi encontrada a chave de acesso (44 digitos)
2026-09-23 12:01:56 | INFO     | pipeline | [34/226] processando 01_DADOS_OPERACIONAIS\DEFENSIVOS\MILHO\Fungicida Campo 105.pdf
2026-09-23 12:01:56 | INFO     | 01_DADOS_OPERACIONAIS\DEFENSIVOS\MILHO\Fungicida Campo 105.pdf | inicio de extracao
2026-09-23 12:01:56 | INFO     | 01_DADOS_OPERACIONAIS\DEFENSIVOS\MILHO\Fungicida Campo 105.pdf | origem=texto itens=96
2026-09-23 12:01:56 | WARNING  | 01_DADOS_OPERACIONAIS\DEFENSIVOS\MILHO\Fungicida Campo 105.pdf | chave de acesso (44 digitos) NAO encontrada
2026-09-23 12:01:56 | ERROR    | pipeline | 01_DADOS_OPERACIONAIS\DEFENSIVOS\MILHO\Fungicida Campo 105.pdf | NAO processado -> nao foi encontrada a chave de acesso (44 digitos)
2026-09-23 12:01:56 | INFO     | pipeline | [35/226] processando 01_DADOS_OPERACIONAIS\DEFENSIVOS\MILHO\Fungicida Campo 106.pdf
2026-09-23 12:01:56 | INFO     | 01_DADOS_OPERACIONAIS\DEFENSIVOS\MILHO\Fungicida Campo 106.pdf | inicio de extracao
2026-09-23 12:01:56 | INFO     | 01_DADOS_OPERACIONAIS\DEFENSIVOS\MILHO\Fungicida Campo 106.pdf | origem=texto itens=105
2026-09-23 12:01:56 | WARNING  | 01_DADOS_OPERACIONAIS\DEFENSIVOS\MILHO\Fungicida Campo 106.pdf | chave de acesso (44 digitos) NAO encontrada
2026-09-23 12:01:56 | ERROR    | pipeline | 01_DADOS_OPERACIONAIS\DEFENSIVOS\MILHO\Fungicida Campo 106.pdf | NAO processado -> nao foi encontrada a chave de acesso (44 digitos)
2026-09-23 12:01:56 | INFO     | pipeline | [36/226] processando 01_DADOS_OPERACIONAIS\DEFENSIVOS\MILHO\Fungicida Campo 107.pdf
2026-09-23 12:01:56 | INFO     | 01_DADOS_OPERACIONAIS\DEFENSIVOS\MILHO\Fungicida Campo 107.pdf | inicio de extracao
2026-09-23 12:01:56 | INFO     | 01_DADOS_OPERACIONAIS\DEFENSIVOS\MILHO\Fungicida Campo 107.pdf | origem=texto itens=96
2026-09-23 12:01:56 | WARNING  | 01_DADOS_OPERACIONAIS\DEFENSIVOS\MILHO\Fungicida Campo 107.pdf | chave de acesso (44 digitos) NAO encontrada
2026-09-23 12:01:56 | ERROR    | pipeline | 01_DADOS_OPERACIONAIS\DEFENSIVOS\MILHO\Fungicida Campo 107.pdf | NAO processado -> nao foi encontrada a chave de acesso (44 digitos)
2026-09-23 12:01:56 | INFO     | pipeline | [37/226] processando 01_DADOS_OPERACIONAIS\DEFENSIVOS\MILHO\Fungicida Campo 108.pdf
2026-09-23 12:01:56 | INFO     | 01_DADOS_OPERACIONAIS\DEFENSIVOS\MILHO\Fungicida Campo 108.pdf | inicio de extracao
2026-09-23 12:01:56 | INFO     | 01_DADOS_OPERACIONAIS\DEFENSIVOS\MILHO\Fungicida Campo 108.pdf | origem=texto itens=96
2026-09-23 12:01:56 | WARNING  | 01_DADOS_OPERACIONAIS\DEFENSIVOS\MILHO\Fungicida Campo 108.pdf | chave de acesso (44 digitos) NAO encontrada
2026-09-23 12:01:56 | ERROR    | pipeline | 01_DADOS_OPERACIONAIS\DEFENSIVOS\MILHO\Fungicida Campo 108.pdf | NAO processado -> nao foi encontrada a chave de acesso (44 digitos)
2026-09-23 12:01:56 | INFO     | pipeline | [38/226] processando 01_DADOS_OPERACIONAIS\DEFENSIVOS\MILHO\Fungicida Campo 109.pdf
2026-09-23 12:01:56 | INFO     | 01_DADOS_OPERACIONAIS\DEFENSIVOS\MILHO\Fungicida Campo 109.pdf | inicio de extracao
2026-09-23 12:01:56 | INFO     | 01_DADOS_OPERACIONAIS\DEFENSIVOS\MILHO\Fungicida Campo 109.pdf | origem=texto itens=107
2026-09-23 12:01:56 | WARNING  | 01_DADOS_OPERACIONAIS\DEFENSIVOS\MILHO\Fungicida Campo 109.pdf | chave de acesso (44 digitos) NAO encontrada
2026-09-23 12:01:56 | ERROR    | pipeline | 01_DADOS_OPERACIONAIS\DEFENSIVOS\MILHO\Fungicida Campo 109.pdf | NAO processado -> nao foi encontrada a chave de acesso (44 digitos)
2026-09-23 12:01:56 | INFO     | pipeline | [39/226] processando 01_DADOS_OPERACIONAIS\DEFENSIVOS\MILHO\Fungicida Campo 110.pdf
2026-09-23 12:01:56 | INFO     | 01_DADOS_OPERACIONAIS\DEFENSIVOS\MILHO\Fungicida Campo 110.pdf | inicio de extracao
2026-09-23 12:01:56 | INFO     | 01_DADOS_OPERACIONAIS\DEFENSIVOS\MILHO\Fungicida Campo 110.pdf | origem=texto itens=96
2026-09-23 12:01:56 | WARNING  | 01_DADOS_OPERACIONAIS\DEFENSIVOS\MILHO\Fungicida Campo 110.pdf | chave de acesso (44 digitos) NAO encontrada
2026-09-23 12:01:56 | ERROR    | pipeline | 01_DADOS_OPERACIONAIS\DEFENSIVOS\MILHO\Fungicida Campo 110.pdf | NAO processado -> nao foi encontrada a chave de acesso (44 digitos)
2026-09-23 12:01:56 | INFO     | pipeline | [40/226] processando 01_DADOS_OPERACIONAIS\DEFENSIVOS\MILHO\Fungicida Campo 201.pdf
2026-09-23 12:01:56 | INFO     | 01_DADOS_OPERACIONAIS\DEFENSIVOS\MILHO\Fungicida Campo 201.pdf | inicio de extracao
2026-09-23 12:01:56 | INFO     | 01_DADOS_OPERACIONAIS\DEFENSIVOS\MILHO\Fungicida Campo 201.pdf | origem=texto itens=96
2026-09-23 12:01:56 | WARNING  | 01_DADOS_OPERACIONAIS\DEFENSIVOS\MILHO\Fungicida Campo 201.pdf | chave de acesso (44 digitos) NAO encontrada
2026-09-23 12:01:56 | ERROR    | pipeline | 01_DADOS_OPERACIONAIS\DEFENSIVOS\MILHO\Fungicida Campo 201.pdf | NAO processado -> nao foi encontrada a chave de acesso (44 digitos)
2026-09-23 12:01:56 | INFO     | pipeline | [41/226] processando 01_DADOS_OPERACIONAIS\DEFENSIVOS\MILHO\Fungicida Campo 202.pdf
2026-09-23 12:01:56 | INFO     | 01_DADOS_OPERACIONAIS\DEFENSIVOS\MILHO\Fungicida Campo 202.pdf | inicio de extracao
2026-09-23 12:01:56 | INFO     | 01_DADOS_OPERACIONAIS\DEFENSIVOS\MILHO\Fungicida Campo 202.pdf | origem=texto itens=96
2026-09-23 12:01:56 | WARNING  | 01_DADOS_OPERACIONAIS\DEFENSIVOS\MILHO\Fungicida Campo 202.pdf | chave de acesso (44 digitos) NAO encontrada
2026-09-23 12:01:56 | ERROR    | pipeline | 01_DADOS_OPERACIONAIS\DEFENSIVOS\MILHO\Fungicida Campo 202.pdf | NAO processado -> nao foi encontrada a chave de acesso (44 digitos)
2026-09-23 12:01:56 | INFO     | pipeline | [42/226] processando 01_DADOS_OPERACIONAIS\DEFENSIVOS\MILHO\Fungicida Campo 205.pdf
2026-09-23 12:01:56 | INFO     | 01_DADOS_OPERACIONAIS\DEFENSIVOS\MILHO\Fungicida Campo 205.pdf | inicio de extracao
2026-09-23 12:01:56 | INFO     | 01_DADOS_OPERACIONAIS\DEFENSIVOS\MILHO\Fungicida Campo 205.pdf | origem=texto itens=96
2026-09-23 12:01:56 | WARNING  | 01_DADOS_OPERACIONAIS\DEFENSIVOS\MILHO\Fungicida Campo 205.pdf | chave de acesso (44 digitos) NAO encontrada
2026-09-23 12:01:56 | ERROR    | pipeline | 01_DADOS_OPERACIONAIS\DEFENSIVOS\MILHO\Fungicida Campo 205.pdf | NAO processado -> nao foi encontrada a chave de acesso (44 digitos)
2026-09-23 12:01:56 | INFO     | pipeline | [43/226] processando 01_DADOS_OPERACIONAIS\DEFENSIVOS\MILHO\Fungicida Campo 206.pdf
2026-09-23 12:01:56 | INFO     | 01_DADOS_OPERACIONAIS\DEFENSIVOS\MILHO\Fungicida Campo 206.pdf | inicio de extracao
2026-09-23 12:01:56 | INFO     | 01_DADOS_OPERACIONAIS\DEFENSIVOS\MILHO\Fungicida Campo 206.pdf | origem=texto itens=96
2026-09-23 12:01:56 | WARNING  | 01_DADOS_OPERACIONAIS\DEFENSIVOS\MILHO\Fungicida Campo 206.pdf | chave de acesso (44 digitos) NAO encontrada
2026-09-23 12:01:56 | ERROR    | pipeline | 01_DADOS_OPERACIONAIS\DEFENSIVOS\MILHO\Fungicida Campo 206.pdf | NAO processado -> nao foi encontrada a chave de acesso (44 digitos)
2026-09-23 12:01:56 | INFO     | pipeline | [44/226] processando 01_DADOS_OPERACIONAIS\DEFENSIVOS\MILHO\Fungicida Campo 207.pdf
2026-09-23 12:01:56 | INFO     | 01_DADOS_OPERACIONAIS\DEFENSIVOS\MILHO\Fungicida Campo 207.pdf | inicio de extracao
2026-09-23 12:01:56 | INFO     | 01_DADOS_OPERACIONAIS\DEFENSIVOS\MILHO\Fungicida Campo 207.pdf | origem=texto itens=96
2026-09-23 12:01:56 | WARNING  | 01_DADOS_OPERACIONAIS\DEFENSIVOS\MILHO\Fungicida Campo 207.pdf | chave de acesso (44 digitos) NAO encontrada
2026-09-23 12:01:56 | ERROR    | pipeline | 01_DADOS_OPERACIONAIS\DEFENSIVOS\MILHO\Fungicida Campo 207.pdf | NAO processado -> nao foi encontrada a chave de acesso (44 digitos)
2026-09-23 12:01:56 | INFO     | pipeline | [45/226] processando 01_DADOS_OPERACIONAIS\DEFENSIVOS\MILHO\Fungicida Campo 208.pdf
2026-09-23 12:01:56 | INFO     | 01_DADOS_OPERACIONAIS\DEFENSIVOS\MILHO\Fungicida Campo 208.pdf | inicio de extracao
2026-09-23 12:01:56 | INFO     | 01_DADOS_OPERACIONAIS\DEFENSIVOS\MILHO\Fungicida Campo 208.pdf | origem=texto itens=96
2026-09-23 12:01:56 | WARNING  | 01_DADOS_OPERACIONAIS\DEFENSIVOS\MILHO\Fungicida Campo 208.pdf | chave de acesso (44 digitos) NAO encontrada
2026-09-23 12:01:56 | ERROR    | pipeline | 01_DADOS_OPERACIONAIS\DEFENSIVOS\MILHO\Fungicida Campo 208.pdf | NAO processado -> nao foi encontrada a chave de acesso (44 digitos)
2026-09-23 12:01:56 | INFO     | pipeline | [46/226] processando 01_DADOS_OPERACIONAIS\DEFENSIVOS\MILHO\Fungicida Campo 212.pdf
2026-09-23 12:01:56 | INFO     | 01_DADOS_OPERACIONAIS\DEFENSIVOS\MILHO\Fungicida Campo 212.pdf | inicio de extracao
2026-09-23 12:01:56 | INFO     | 01_DADOS_OPERACIONAIS\DEFENSIVOS\MILHO\Fungicida Campo 212.pdf | origem=texto itens=96
2026-09-23 12:01:56 | WARNING  | 01_DADOS_OPERACIONAIS\DEFENSIVOS\MILHO\Fungicida Campo 212.pdf | chave de acesso (44 digitos) NAO encontrada
2026-09-23 12:01:56 | ERROR    | pipeline | 01_DADOS_OPERACIONAIS\DEFENSIVOS\MILHO\Fungicida Campo 212.pdf | NAO processado -> nao foi encontrada a chave de acesso (44 digitos)
2026-09-23 12:01:56 | INFO     | pipeline | [47/226] processando 01_DADOS_OPERACIONAIS\DEFENSIVOS\MILHO\Fungicida Campo 501.pdf
2026-09-23 12:01:56 | INFO     | 01_DADOS_OPERACIONAIS\DEFENSIVOS\MILHO\Fungicida Campo 501.pdf | inicio de extracao
2026-09-23 12:01:56 | INFO     | 01_DADOS_OPERACIONAIS\DEFENSIVOS\MILHO\Fungicida Campo 501.pdf | origem=texto itens=96
2026-09-23 12:01:56 | WARNING  | 01_DADOS_OPERACIONAIS\DEFENSIVOS\MILHO\Fungicida Campo 501.pdf | chave de acesso (44 digitos) NAO encontrada
2026-09-23 12:01:56 | ERROR    | pipeline | 01_DADOS_OPERACIONAIS\DEFENSIVOS\MILHO\Fungicida Campo 501.pdf | NAO processado -> nao foi encontrada a chave de acesso (44 digitos)
2026-09-23 12:01:56 | INFO     | pipeline | [48/226] processando 01_DADOS_OPERACIONAIS\DEFENSIVOS\MILHO\Fungicida Campo 502.pdf
2026-09-23 12:01:56 | INFO     | 01_DADOS_OPERACIONAIS\DEFENSIVOS\MILHO\Fungicida Campo 502.pdf | inicio de extracao
2026-09-23 12:01:56 | INFO     | 01_DADOS_OPERACIONAIS\DEFENSIVOS\MILHO\Fungicida Campo 502.pdf | origem=texto itens=96
2026-09-23 12:01:56 | WARNING  | 01_DADOS_OPERACIONAIS\DEFENSIVOS\MILHO\Fungicida Campo 502.pdf | chave de acesso (44 digitos) NAO encontrada
2026-09-23 12:01:56 | ERROR    | pipeline | 01_DADOS_OPERACIONAIS\DEFENSIVOS\MILHO\Fungicida Campo 502.pdf | NAO processado -> nao foi encontrada a chave de acesso (44 digitos)
2026-09-23 12:01:56 | INFO     | pipeline | [49/226] processando 01_DADOS_OPERACIONAIS\DEFENSIVOS\MILHO\Fungicida Campo 503.pdf
2026-09-23 12:01:56 | INFO     | 01_DADOS_OPERACIONAIS\DEFENSIVOS\MILHO\Fungicida Campo 503.pdf | inicio de extracao
2026-09-23 12:01:56 | INFO     | 01_DADOS_OPERACIONAIS\DEFENSIVOS\MILHO\Fungicida Campo 503.pdf | origem=texto itens=96
2026-09-23 12:01:56 | WARNING  | 01_DADOS_OPERACIONAIS\DEFENSIVOS\MILHO\Fungicida Campo 503.pdf | chave de acesso (44 digitos) NAO encontrada
2026-09-23 12:01:56 | ERROR    | pipeline | 01_DADOS_OPERACIONAIS\DEFENSIVOS\MILHO\Fungicida Campo 503.pdf | NAO processado -> nao foi encontrada a chave de acesso (44 digitos)
2026-09-23 12:01:56 | INFO     | pipeline | [50/226] processando 01_DADOS_OPERACIONAIS\DEFENSIVOS\MILHO\Fungicida Campo 504.pdf
2026-09-23 12:01:56 | INFO     | 01_DADOS_OPERACIONAIS\DEFENSIVOS\MILHO\Fungicida Campo 504.pdf | inicio de extracao
2026-09-23 12:01:56 | INFO     | 01_DADOS_OPERACIONAIS\DEFENSIVOS\MILHO\Fungicida Campo 504.pdf | origem=texto itens=104
2026-09-23 12:01:56 | WARNING  | 01_DADOS_OPERACIONAIS\DEFENSIVOS\MILHO\Fungicida Campo 504.pdf | chave de acesso (44 digitos) NAO encontrada
2026-09-23 12:01:56 | ERROR    | pipeline | 01_DADOS_OPERACIONAIS\DEFENSIVOS\MILHO\Fungicida Campo 504.pdf | NAO processado -> nao foi encontrada a chave de acesso (44 digitos)
2026-09-23 12:01:56 | INFO     | pipeline | [51/226] processando 01_DADOS_OPERACIONAIS\DEFENSIVOS\MILHO\Fungicida Campo 506.pdf
2026-09-23 12:01:56 | INFO     | 01_DADOS_OPERACIONAIS\DEFENSIVOS\MILHO\Fungicida Campo 506.pdf | inicio de extracao
2026-09-23 12:01:56 | INFO     | 01_DADOS_OPERACIONAIS\DEFENSIVOS\MILHO\Fungicida Campo 506.pdf | origem=texto itens=96
2026-09-23 12:01:56 | WARNING  | 01_DADOS_OPERACIONAIS\DEFENSIVOS\MILHO\Fungicida Campo 506.pdf | chave de acesso (44 digitos) NAO encontrada
2026-09-23 12:01:56 | ERROR    | pipeline | 01_DADOS_OPERACIONAIS\DEFENSIVOS\MILHO\Fungicida Campo 506.pdf | NAO processado -> nao foi encontrada a chave de acesso (44 digitos)
2026-09-23 12:01:56 | INFO     | pipeline | [52/226] processando 01_DADOS_OPERACIONAIS\DEFENSIVOS\MILHO\Fungicida Campo 507.pdf
2026-09-23 12:01:56 | INFO     | 01_DADOS_OPERACIONAIS\DEFENSIVOS\MILHO\Fungicida Campo 507.pdf | inicio de extracao
2026-09-23 12:01:56 | INFO     | 01_DADOS_OPERACIONAIS\DEFENSIVOS\MILHO\Fungicida Campo 507.pdf | origem=texto itens=104
2026-09-23 12:01:56 | WARNING  | 01_DADOS_OPERACIONAIS\DEFENSIVOS\MILHO\Fungicida Campo 507.pdf | chave de acesso (44 digitos) NAO encontrada
2026-09-23 12:01:56 | ERROR    | pipeline | 01_DADOS_OPERACIONAIS\DEFENSIVOS\MILHO\Fungicida Campo 507.pdf | NAO processado -> nao foi encontrada a chave de acesso (44 digitos)
2026-09-23 12:01:56 | INFO     | pipeline | [53/226] processando 01_DADOS_OPERACIONAIS\DEFENSIVOS\MILHO\Fungicida Campo 508.pdf
2026-09-23 12:01:56 | INFO     | 01_DADOS_OPERACIONAIS\DEFENSIVOS\MILHO\Fungicida Campo 508.pdf | inicio de extracao
2026-09-23 12:01:56 | INFO     | 01_DADOS_OPERACIONAIS\DEFENSIVOS\MILHO\Fungicida Campo 508.pdf | origem=texto itens=96
2026-09-23 12:01:56 | WARNING  | 01_DADOS_OPERACIONAIS\DEFENSIVOS\MILHO\Fungicida Campo 508.pdf | chave de acesso (44 digitos) NAO encontrada
2026-09-23 12:01:56 | ERROR    | pipeline | 01_DADOS_OPERACIONAIS\DEFENSIVOS\MILHO\Fungicida Campo 508.pdf | NAO processado -> nao foi encontrada a chave de acesso (44 digitos)
2026-09-23 12:01:56 | INFO     | pipeline | [54/226] processando 01_DADOS_OPERACIONAIS\DEFENSIVOS\MILHO\Fungicidas Campo 301.pdf
2026-09-23 12:01:56 | INFO     | 01_DADOS_OPERACIONAIS\DEFENSIVOS\MILHO\Fungicidas Campo 301.pdf | inicio de extracao
2026-09-23 12:01:56 | INFO     | 01_DADOS_OPERACIONAIS\DEFENSIVOS\MILHO\Fungicidas Campo 301.pdf | origem=texto itens=95
2026-09-23 12:01:56 | WARNING  | 01_DADOS_OPERACIONAIS\DEFENSIVOS\MILHO\Fungicidas Campo 301.pdf | chave de acesso (44 digitos) NAO encontrada
2026-09-23 12:01:56 | ERROR    | pipeline | 01_DADOS_OPERACIONAIS\DEFENSIVOS\MILHO\Fungicidas Campo 301.pdf | NAO processado -> nao foi encontrada a chave de acesso (44 digitos)
2026-09-23 12:01:56 | INFO     | pipeline | [55/226] processando 01_DADOS_OPERACIONAIS\DEFENSIVOS\MILHO\Fungicidas Campo 303.pdf
2026-09-23 12:01:56 | INFO     | 01_DADOS_OPERACIONAIS\DEFENSIVOS\MILHO\Fungicidas Campo 303.pdf | inicio de extracao
2026-09-23 12:01:56 | INFO     | 01_DADOS_OPERACIONAIS\DEFENSIVOS\MILHO\Fungicidas Campo 303.pdf | origem=texto itens=95
2026-09-23 12:01:56 | WARNING  | 01_DADOS_OPERACIONAIS\DEFENSIVOS\MILHO\Fungicidas Campo 303.pdf | chave de acesso (44 digitos) NAO encontrada
2026-09-23 12:01:56 | ERROR    | pipeline | 01_DADOS_OPERACIONAIS\DEFENSIVOS\MILHO\Fungicidas Campo 303.pdf | NAO processado -> nao foi encontrada a chave de acesso (44 digitos)
2026-09-23 12:01:56 | INFO     | pipeline | [56/226] processando 01_DADOS_OPERACIONAIS\DEFENSIVOS\MILHO\Fungicidas Campo 304.pdf
2026-09-23 12:01:56 | INFO     | 01_DADOS_OPERACIONAIS\DEFENSIVOS\MILHO\Fungicidas Campo 304.pdf | inicio de extracao
2026-09-23 12:01:56 | INFO     | 01_DADOS_OPERACIONAIS\DEFENSIVOS\MILHO\Fungicidas Campo 304.pdf | origem=texto itens=95
2026-09-23 12:01:56 | WARNING  | 01_DADOS_OPERACIONAIS\DEFENSIVOS\MILHO\Fungicidas Campo 304.pdf | chave de acesso (44 digitos) NAO encontrada
2026-09-23 12:01:56 | ERROR    | pipeline | 01_DADOS_OPERACIONAIS\DEFENSIVOS\MILHO\Fungicidas Campo 304.pdf | NAO processado -> nao foi encontrada a chave de acesso (44 digitos)
2026-09-23 12:01:56 | INFO     | pipeline | [57/226] processando 01_DADOS_OPERACIONAIS\DEFENSIVOS\MILHO\Fungicidas Campo 306.pdf
2026-09-23 12:01:56 | INFO     | 01_DADOS_OPERACIONAIS\DEFENSIVOS\MILHO\Fungicidas Campo 306.pdf | inicio de extracao
2026-09-23 12:01:56 | INFO     | 01_DADOS_OPERACIONAIS\DEFENSIVOS\MILHO\Fungicidas Campo 306.pdf | origem=texto itens=87
2026-09-23 12:01:56 | WARNING  | 01_DADOS_OPERACIONAIS\DEFENSIVOS\MILHO\Fungicidas Campo 306.pdf | chave de acesso (44 digitos) NAO encontrada
2026-09-23 12:01:56 | ERROR    | pipeline | 01_DADOS_OPERACIONAIS\DEFENSIVOS\MILHO\Fungicidas Campo 306.pdf | NAO processado -> nao foi encontrada a chave de acesso (44 digitos)
2026-09-23 12:01:56 | INFO     | pipeline | [58/226] processando 01_DADOS_OPERACIONAIS\DEFENSIVOS\MILHO\Herbicida Campo 102.pdf
2026-09-23 12:01:56 | INFO     | 01_DADOS_OPERACIONAIS\DEFENSIVOS\MILHO\Herbicida Campo 102.pdf | inicio de extracao
2026-09-23 12:01:56 | INFO     | 01_DADOS_OPERACIONAIS\DEFENSIVOS\MILHO\Herbicida Campo 102.pdf | origem=texto itens=108
2026-09-23 12:01:56 | WARNING  | 01_DADOS_OPERACIONAIS\DEFENSIVOS\MILHO\Herbicida Campo 102.pdf | chave de acesso (44 digitos) NAO encontrada
2026-09-23 12:01:56 | ERROR    | pipeline | 01_DADOS_OPERACIONAIS\DEFENSIVOS\MILHO\Herbicida Campo 102.pdf | NAO processado -> nao foi encontrada a chave de acesso (44 digitos)
2026-09-23 12:01:56 | INFO     | pipeline | [59/226] processando 01_DADOS_OPERACIONAIS\DEFENSIVOS\MILHO\Herbicida Campo 103.pdf
2026-09-23 12:01:56 | INFO     | 01_DADOS_OPERACIONAIS\DEFENSIVOS\MILHO\Herbicida Campo 103.pdf | inicio de extracao
2026-09-23 12:01:56 | INFO     | 01_DADOS_OPERACIONAIS\DEFENSIVOS\MILHO\Herbicida Campo 103.pdf | origem=texto itens=117
2026-09-23 12:01:56 | WARNING  | 01_DADOS_OPERACIONAIS\DEFENSIVOS\MILHO\Herbicida Campo 103.pdf | chave de acesso (44 digitos) NAO encontrada
2026-09-23 12:01:56 | ERROR    | pipeline | 01_DADOS_OPERACIONAIS\DEFENSIVOS\MILHO\Herbicida Campo 103.pdf | NAO processado -> nao foi encontrada a chave de acesso (44 digitos)
2026-09-23 12:01:56 | INFO     | pipeline | [60/226] processando 01_DADOS_OPERACIONAIS\DEFENSIVOS\MILHO\Herbicida Campo 104.pdf
2026-09-23 12:01:56 | INFO     | 01_DADOS_OPERACIONAIS\DEFENSIVOS\MILHO\Herbicida Campo 104.pdf | inicio de extracao
2026-09-23 12:01:56 | INFO     | 01_DADOS_OPERACIONAIS\DEFENSIVOS\MILHO\Herbicida Campo 104.pdf | origem=texto itens=117
2026-09-23 12:01:56 | WARNING  | 01_DADOS_OPERACIONAIS\DEFENSIVOS\MILHO\Herbicida Campo 104.pdf | chave de acesso (44 digitos) NAO encontrada
2026-09-23 12:01:56 | ERROR    | pipeline | 01_DADOS_OPERACIONAIS\DEFENSIVOS\MILHO\Herbicida Campo 104.pdf | NAO processado -> nao foi encontrada a chave de acesso (44 digitos)
2026-09-23 12:01:56 | INFO     | pipeline | [61/226] processando 01_DADOS_OPERACIONAIS\DEFENSIVOS\MILHO\Herbicida Campo 105.pdf
2026-09-23 12:01:56 | INFO     | 01_DADOS_OPERACIONAIS\DEFENSIVOS\MILHO\Herbicida Campo 105.pdf | inicio de extracao
2026-09-23 12:01:56 | INFO     | 01_DADOS_OPERACIONAIS\DEFENSIVOS\MILHO\Herbicida Campo 105.pdf | origem=texto itens=117
2026-09-23 12:01:56 | WARNING  | 01_DADOS_OPERACIONAIS\DEFENSIVOS\MILHO\Herbicida Campo 105.pdf | chave de acesso (44 digitos) NAO encontrada
2026-09-23 12:01:56 | ERROR    | pipeline | 01_DADOS_OPERACIONAIS\DEFENSIVOS\MILHO\Herbicida Campo 105.pdf | NAO processado -> nao foi encontrada a chave de acesso (44 digitos)
2026-09-23 12:01:56 | INFO     | pipeline | [62/226] processando 01_DADOS_OPERACIONAIS\DEFENSIVOS\MILHO\Herbicida Campo 106.pdf
2026-09-23 12:01:56 | INFO     | 01_DADOS_OPERACIONAIS\DEFENSIVOS\MILHO\Herbicida Campo 106.pdf | inicio de extracao
2026-09-23 12:01:56 | INFO     | 01_DADOS_OPERACIONAIS\DEFENSIVOS\MILHO\Herbicida Campo 106.pdf | origem=texto itens=117
2026-09-23 12:01:56 | WARNING  | 01_DADOS_OPERACIONAIS\DEFENSIVOS\MILHO\Herbicida Campo 106.pdf | chave de acesso (44 digitos) NAO encontrada
2026-09-23 12:01:56 | ERROR    | pipeline | 01_DADOS_OPERACIONAIS\DEFENSIVOS\MILHO\Herbicida Campo 106.pdf | NAO processado -> nao foi encontrada a chave de acesso (44 digitos)
2026-09-23 12:01:56 | INFO     | pipeline | [63/226] processando 01_DADOS_OPERACIONAIS\DEFENSIVOS\MILHO\Herbicida Campo 107.pdf
2026-09-23 12:01:56 | INFO     | 01_DADOS_OPERACIONAIS\DEFENSIVOS\MILHO\Herbicida Campo 107.pdf | inicio de extracao
2026-09-23 12:01:56 | INFO     | 01_DADOS_OPERACIONAIS\DEFENSIVOS\MILHO\Herbicida Campo 107.pdf | origem=texto itens=108
2026-09-23 12:01:56 | WARNING  | 01_DADOS_OPERACIONAIS\DEFENSIVOS\MILHO\Herbicida Campo 107.pdf | chave de acesso (44 digitos) NAO encontrada
2026-09-23 12:01:56 | ERROR    | pipeline | 01_DADOS_OPERACIONAIS\DEFENSIVOS\MILHO\Herbicida Campo 107.pdf | NAO processado -> nao foi encontrada a chave de acesso (44 digitos)
2026-09-23 12:01:56 | INFO     | pipeline | [64/226] processando 01_DADOS_OPERACIONAIS\DEFENSIVOS\MILHO\Herbicida Campo 108.pdf
2026-09-23 12:01:56 | INFO     | 01_DADOS_OPERACIONAIS\DEFENSIVOS\MILHO\Herbicida Campo 108.pdf | inicio de extracao
2026-09-23 12:01:56 | INFO     | 01_DADOS_OPERACIONAIS\DEFENSIVOS\MILHO\Herbicida Campo 108.pdf | origem=texto itens=108
2026-09-23 12:01:56 | WARNING  | 01_DADOS_OPERACIONAIS\DEFENSIVOS\MILHO\Herbicida Campo 108.pdf | chave de acesso (44 digitos) NAO encontrada
2026-09-23 12:01:56 | ERROR    | pipeline | 01_DADOS_OPERACIONAIS\DEFENSIVOS\MILHO\Herbicida Campo 108.pdf | NAO processado -> nao foi encontrada a chave de acesso (44 digitos)
2026-09-23 12:01:56 | INFO     | pipeline | [65/226] processando 01_DADOS_OPERACIONAIS\DEFENSIVOS\MILHO\Herbicida Campo 109.pdf
2026-09-23 12:01:56 | INFO     | 01_DADOS_OPERACIONAIS\DEFENSIVOS\MILHO\Herbicida Campo 109.pdf | inicio de extracao
2026-09-23 12:01:56 | INFO     | 01_DADOS_OPERACIONAIS\DEFENSIVOS\MILHO\Herbicida Campo 109.pdf | origem=texto itens=97
2026-09-23 12:01:56 | WARNING  | 01_DADOS_OPERACIONAIS\DEFENSIVOS\MILHO\Herbicida Campo 109.pdf | chave de acesso (44 digitos) NAO encontrada
2026-09-23 12:01:56 | ERROR    | pipeline | 01_DADOS_OPERACIONAIS\DEFENSIVOS\MILHO\Herbicida Campo 109.pdf | NAO processado -> nao foi encontrada a chave de acesso (44 digitos)
2026-09-23 12:01:56 | INFO     | pipeline | [66/226] processando 01_DADOS_OPERACIONAIS\DEFENSIVOS\MILHO\Herbicida Campo 110.pdf
2026-09-23 12:01:56 | INFO     | 01_DADOS_OPERACIONAIS\DEFENSIVOS\MILHO\Herbicida Campo 110.pdf | inicio de extracao
2026-09-23 12:01:56 | INFO     | 01_DADOS_OPERACIONAIS\DEFENSIVOS\MILHO\Herbicida Campo 110.pdf | origem=texto itens=106
2026-09-23 12:01:56 | WARNING  | 01_DADOS_OPERACIONAIS\DEFENSIVOS\MILHO\Herbicida Campo 110.pdf | chave de acesso (44 digitos) NAO encontrada
2026-09-23 12:01:56 | ERROR    | pipeline | 01_DADOS_OPERACIONAIS\DEFENSIVOS\MILHO\Herbicida Campo 110.pdf | NAO processado -> nao foi encontrada a chave de acesso (44 digitos)
2026-09-23 12:01:56 | INFO     | pipeline | [67/226] processando 01_DADOS_OPERACIONAIS\DEFENSIVOS\MILHO\Herbicida Campo 201.pdf
2026-09-23 12:01:56 | INFO     | 01_DADOS_OPERACIONAIS\DEFENSIVOS\MILHO\Herbicida Campo 201.pdf | inicio de extracao
2026-09-23 12:01:56 | INFO     | 01_DADOS_OPERACIONAIS\DEFENSIVOS\MILHO\Herbicida Campo 201.pdf | origem=texto itens=89
2026-09-23 12:01:56 | WARNING  | 01_DADOS_OPERACIONAIS\DEFENSIVOS\MILHO\Herbicida Campo 201.pdf | chave de acesso (44 digitos) NAO encontrada
2026-09-23 12:01:56 | ERROR    | pipeline | 01_DADOS_OPERACIONAIS\DEFENSIVOS\MILHO\Herbicida Campo 201.pdf | NAO processado -> nao foi encontrada a chave de acesso (44 digitos)
2026-09-23 12:01:56 | INFO     | pipeline | [68/226] processando 01_DADOS_OPERACIONAIS\DEFENSIVOS\MILHO\Herbicida Campo 202.pdf
2026-09-23 12:01:56 | INFO     | 01_DADOS_OPERACIONAIS\DEFENSIVOS\MILHO\Herbicida Campo 202.pdf | inicio de extracao
2026-09-23 12:01:56 | INFO     | 01_DADOS_OPERACIONAIS\DEFENSIVOS\MILHO\Herbicida Campo 202.pdf | origem=texto itens=89
2026-09-23 12:01:56 | WARNING  | 01_DADOS_OPERACIONAIS\DEFENSIVOS\MILHO\Herbicida Campo 202.pdf | chave de acesso (44 digitos) NAO encontrada
2026-09-23 12:01:56 | ERROR    | pipeline | 01_DADOS_OPERACIONAIS\DEFENSIVOS\MILHO\Herbicida Campo 202.pdf | NAO processado -> nao foi encontrada a chave de acesso (44 digitos)
2026-09-23 12:01:56 | INFO     | pipeline | [69/226] processando 01_DADOS_OPERACIONAIS\DEFENSIVOS\MILHO\Herbicida Campo 205.pdf
2026-09-23 12:01:56 | INFO     | 01_DADOS_OPERACIONAIS\DEFENSIVOS\MILHO\Herbicida Campo 205.pdf | inicio de extracao
2026-09-23 12:01:56 | INFO     | 01_DADOS_OPERACIONAIS\DEFENSIVOS\MILHO\Herbicida Campo 205.pdf | origem=texto itens=107
2026-09-23 12:01:56 | WARNING  | 01_DADOS_OPERACIONAIS\DEFENSIVOS\MILHO\Herbicida Campo 205.pdf | chave de acesso (44 digitos) NAO encontrada
2026-09-23 12:01:56 | ERROR    | pipeline | 01_DADOS_OPERACIONAIS\DEFENSIVOS\MILHO\Herbicida Campo 205.pdf | NAO processado -> nao foi encontrada a chave de acesso (44 digitos)
2026-09-23 12:01:56 | INFO     | pipeline | [70/226] processando 01_DADOS_OPERACIONAIS\DEFENSIVOS\MILHO\Herbicida Campo 206.pdf
2026-09-23 12:01:56 | INFO     | 01_DADOS_OPERACIONAIS\DEFENSIVOS\MILHO\Herbicida Campo 206.pdf | inicio de extracao
2026-09-23 12:01:56 | INFO     | 01_DADOS_OPERACIONAIS\DEFENSIVOS\MILHO\Herbicida Campo 206.pdf | origem=texto itens=107
2026-09-23 12:01:56 | WARNING  | 01_DADOS_OPERACIONAIS\DEFENSIVOS\MILHO\Herbicida Campo 206.pdf | chave de acesso (44 digitos) NAO encontrada
2026-09-23 12:01:56 | ERROR    | pipeline | 01_DADOS_OPERACIONAIS\DEFENSIVOS\MILHO\Herbicida Campo 206.pdf | NAO processado -> nao foi encontrada a chave de acesso (44 digitos)
2026-09-23 12:01:56 | INFO     | pipeline | [71/226] processando 01_DADOS_OPERACIONAIS\DEFENSIVOS\MILHO\Herbicida Campo 207.pdf
2026-09-23 12:01:56 | INFO     | 01_DADOS_OPERACIONAIS\DEFENSIVOS\MILHO\Herbicida Campo 207.pdf | inicio de extracao
2026-09-23 12:01:56 | INFO     | 01_DADOS_OPERACIONAIS\DEFENSIVOS\MILHO\Herbicida Campo 207.pdf | origem=texto itens=117
2026-09-23 12:01:56 | WARNING  | 01_DADOS_OPERACIONAIS\DEFENSIVOS\MILHO\Herbicida Campo 207.pdf | chave de acesso (44 digitos) NAO encontrada
2026-09-23 12:01:56 | ERROR    | pipeline | 01_DADOS_OPERACIONAIS\DEFENSIVOS\MILHO\Herbicida Campo 207.pdf | NAO processado -> nao foi encontrada a chave de acesso (44 digitos)
2026-09-23 12:01:56 | INFO     | pipeline | [72/226] processando 01_DADOS_OPERACIONAIS\DEFENSIVOS\MILHO\Herbicida Campo 208.pdf
2026-09-23 12:01:56 | INFO     | 01_DADOS_OPERACIONAIS\DEFENSIVOS\MILHO\Herbicida Campo 208.pdf | inicio de extracao
2026-09-23 12:01:56 | INFO     | 01_DADOS_OPERACIONAIS\DEFENSIVOS\MILHO\Herbicida Campo 208.pdf | origem=texto itens=107
2026-09-23 12:01:56 | WARNING  | 01_DADOS_OPERACIONAIS\DEFENSIVOS\MILHO\Herbicida Campo 208.pdf | chave de acesso (44 digitos) NAO encontrada
2026-09-23 12:01:56 | ERROR    | pipeline | 01_DADOS_OPERACIONAIS\DEFENSIVOS\MILHO\Herbicida Campo 208.pdf | NAO processado -> nao foi encontrada a chave de acesso (44 digitos)
2026-09-23 12:01:56 | INFO     | pipeline | [73/226] processando 01_DADOS_OPERACIONAIS\DEFENSIVOS\MILHO\Herbicida Campo 212.pdf
2026-09-23 12:01:56 | INFO     | 01_DADOS_OPERACIONAIS\DEFENSIVOS\MILHO\Herbicida Campo 212.pdf | inicio de extracao
2026-09-23 12:01:56 | INFO     | 01_DADOS_OPERACIONAIS\DEFENSIVOS\MILHO\Herbicida Campo 212.pdf | origem=texto itens=117
2026-09-23 12:01:56 | WARNING  | 01_DADOS_OPERACIONAIS\DEFENSIVOS\MILHO\Herbicida Campo 212.pdf | chave de acesso (44 digitos) NAO encontrada
2026-09-23 12:01:56 | ERROR    | pipeline | 01_DADOS_OPERACIONAIS\DEFENSIVOS\MILHO\Herbicida Campo 212.pdf | NAO processado -> nao foi encontrada a chave de acesso (44 digitos)
2026-09-23 12:01:56 | INFO     | pipeline | [74/226] processando 01_DADOS_OPERACIONAIS\DEFENSIVOS\MILHO\Herbicida Campo 301.pdf
2026-09-23 12:01:56 | INFO     | 01_DADOS_OPERACIONAIS\DEFENSIVOS\MILHO\Herbicida Campo 301.pdf | inicio de extracao
2026-09-23 12:01:56 | INFO     | 01_DADOS_OPERACIONAIS\DEFENSIVOS\MILHO\Herbicida Campo 301.pdf | origem=texto itens=97
2026-09-23 12:01:56 | WARNING  | 01_DADOS_OPERACIONAIS\DEFENSIVOS\MILHO\Herbicida Campo 301.pdf | chave de acesso (44 digitos) NAO encontrada
2026-09-23 12:01:56 | ERROR    | pipeline | 01_DADOS_OPERACIONAIS\DEFENSIVOS\MILHO\Herbicida Campo 301.pdf | NAO processado -> nao foi encontrada a chave de acesso (44 digitos)
2026-09-23 12:01:56 | INFO     | pipeline | [75/226] processando 01_DADOS_OPERACIONAIS\DEFENSIVOS\MILHO\Herbicida Campo 303.pdf
2026-09-23 12:01:56 | INFO     | 01_DADOS_OPERACIONAIS\DEFENSIVOS\MILHO\Herbicida Campo 303.pdf | inicio de extracao
2026-09-23 12:01:56 | INFO     | 01_DADOS_OPERACIONAIS\DEFENSIVOS\MILHO\Herbicida Campo 303.pdf | origem=texto itens=107
2026-09-23 12:01:56 | WARNING  | 01_DADOS_OPERACIONAIS\DEFENSIVOS\MILHO\Herbicida Campo 303.pdf | chave de acesso (44 digitos) NAO encontrada
2026-09-23 12:01:56 | ERROR    | pipeline | 01_DADOS_OPERACIONAIS\DEFENSIVOS\MILHO\Herbicida Campo 303.pdf | NAO processado -> nao foi encontrada a chave de acesso (44 digitos)
2026-09-23 12:01:56 | INFO     | pipeline | [76/226] processando 01_DADOS_OPERACIONAIS\DEFENSIVOS\MILHO\Herbicida Campo 304.pdf
2026-09-23 12:01:56 | INFO     | 01_DADOS_OPERACIONAIS\DEFENSIVOS\MILHO\Herbicida Campo 304.pdf | inicio de extracao
2026-09-23 12:01:56 | INFO     | 01_DADOS_OPERACIONAIS\DEFENSIVOS\MILHO\Herbicida Campo 304.pdf | origem=texto itens=107
2026-09-23 12:01:56 | WARNING  | 01_DADOS_OPERACIONAIS\DEFENSIVOS\MILHO\Herbicida Campo 304.pdf | chave de acesso (44 digitos) NAO encontrada
2026-09-23 12:01:56 | ERROR    | pipeline | 01_DADOS_OPERACIONAIS\DEFENSIVOS\MILHO\Herbicida Campo 304.pdf | NAO processado -> nao foi encontrada a chave de acesso (44 digitos)
2026-09-23 12:01:56 | INFO     | pipeline | [77/226] processando 01_DADOS_OPERACIONAIS\DEFENSIVOS\MILHO\Herbicida Campo 306.pdf
2026-09-23 12:01:56 | INFO     | 01_DADOS_OPERACIONAIS\DEFENSIVOS\MILHO\Herbicida Campo 306.pdf | inicio de extracao
2026-09-23 12:01:56 | INFO     | 01_DADOS_OPERACIONAIS\DEFENSIVOS\MILHO\Herbicida Campo 306.pdf | origem=texto itens=106
2026-09-23 12:01:56 | WARNING  | 01_DADOS_OPERACIONAIS\DEFENSIVOS\MILHO\Herbicida Campo 306.pdf | chave de acesso (44 digitos) NAO encontrada
2026-09-23 12:01:56 | ERROR    | pipeline | 01_DADOS_OPERACIONAIS\DEFENSIVOS\MILHO\Herbicida Campo 306.pdf | NAO processado -> nao foi encontrada a chave de acesso (44 digitos)
2026-09-23 12:01:56 | INFO     | pipeline | [78/226] processando 01_DADOS_OPERACIONAIS\DEFENSIVOS\MILHO\Herbicida Campo 501.pdf
2026-09-23 12:01:56 | INFO     | 01_DADOS_OPERACIONAIS\DEFENSIVOS\MILHO\Herbicida Campo 501.pdf | inicio de extracao
2026-09-23 12:01:56 | INFO     | 01_DADOS_OPERACIONAIS\DEFENSIVOS\MILHO\Herbicida Campo 501.pdf | origem=texto itens=123
2026-09-23 12:01:56 | WARNING  | 01_DADOS_OPERACIONAIS\DEFENSIVOS\MILHO\Herbicida Campo 501.pdf | chave de acesso (44 digitos) NAO encontrada
2026-09-23 12:01:56 | ERROR    | pipeline | 01_DADOS_OPERACIONAIS\DEFENSIVOS\MILHO\Herbicida Campo 501.pdf | NAO processado -> nao foi encontrada a chave de acesso (44 digitos)
2026-09-23 12:01:56 | INFO     | pipeline | [79/226] processando 01_DADOS_OPERACIONAIS\DEFENSIVOS\MILHO\Herbicida Campo 502.pdf
2026-09-23 12:01:56 | INFO     | 01_DADOS_OPERACIONAIS\DEFENSIVOS\MILHO\Herbicida Campo 502.pdf | inicio de extracao
2026-09-23 12:01:56 | INFO     | 01_DADOS_OPERACIONAIS\DEFENSIVOS\MILHO\Herbicida Campo 502.pdf | origem=texto itens=115
2026-09-23 12:01:56 | WARNING  | 01_DADOS_OPERACIONAIS\DEFENSIVOS\MILHO\Herbicida Campo 502.pdf | chave de acesso (44 digitos) NAO encontrada
2026-09-23 12:01:56 | ERROR    | pipeline | 01_DADOS_OPERACIONAIS\DEFENSIVOS\MILHO\Herbicida Campo 502.pdf | NAO processado -> nao foi encontrada a chave de acesso (44 digitos)
2026-09-23 12:01:56 | INFO     | pipeline | [80/226] processando 01_DADOS_OPERACIONAIS\DEFENSIVOS\MILHO\Herbicida Campo 503.pdf
2026-09-23 12:01:56 | INFO     | 01_DADOS_OPERACIONAIS\DEFENSIVOS\MILHO\Herbicida Campo 503.pdf | inicio de extracao
2026-09-23 12:01:56 | INFO     | 01_DADOS_OPERACIONAIS\DEFENSIVOS\MILHO\Herbicida Campo 503.pdf | origem=texto itens=105
2026-09-23 12:01:56 | WARNING  | 01_DADOS_OPERACIONAIS\DEFENSIVOS\MILHO\Herbicida Campo 503.pdf | chave de acesso (44 digitos) NAO encontrada
2026-09-23 12:01:56 | ERROR    | pipeline | 01_DADOS_OPERACIONAIS\DEFENSIVOS\MILHO\Herbicida Campo 503.pdf | NAO processado -> nao foi encontrada a chave de acesso (44 digitos)
2026-09-23 12:01:56 | INFO     | pipeline | [81/226] processando 01_DADOS_OPERACIONAIS\DEFENSIVOS\MILHO\Herbicida Campo 504.pdf
2026-09-23 12:01:56 | INFO     | 01_DADOS_OPERACIONAIS\DEFENSIVOS\MILHO\Herbicida Campo 504.pdf | inicio de extracao
2026-09-23 12:01:56 | INFO     | 01_DADOS_OPERACIONAIS\DEFENSIVOS\MILHO\Herbicida Campo 504.pdf | origem=texto itens=123
2026-09-23 12:01:56 | WARNING  | 01_DADOS_OPERACIONAIS\DEFENSIVOS\MILHO\Herbicida Campo 504.pdf | chave de acesso (44 digitos) NAO encontrada
2026-09-23 12:01:56 | ERROR    | pipeline | 01_DADOS_OPERACIONAIS\DEFENSIVOS\MILHO\Herbicida Campo 504.pdf | NAO processado -> nao foi encontrada a chave de acesso (44 digitos)
2026-09-23 12:01:56 | INFO     | pipeline | [82/226] processando 01_DADOS_OPERACIONAIS\DEFENSIVOS\MILHO\Herbicida Campo 506.pdf
2026-09-23 12:01:56 | INFO     | 01_DADOS_OPERACIONAIS\DEFENSIVOS\MILHO\Herbicida Campo 506.pdf | inicio de extracao
2026-09-23 12:01:56 | INFO     | 01_DADOS_OPERACIONAIS\DEFENSIVOS\MILHO\Herbicida Campo 506.pdf | origem=texto itens=98
2026-09-23 12:01:56 | WARNING  | 01_DADOS_OPERACIONAIS\DEFENSIVOS\MILHO\Herbicida Campo 506.pdf | chave de acesso (44 digitos) NAO encontrada
2026-09-23 12:01:56 | ERROR    | pipeline | 01_DADOS_OPERACIONAIS\DEFENSIVOS\MILHO\Herbicida Campo 506.pdf | NAO processado -> nao foi encontrada a chave de acesso (44 digitos)
2026-09-23 12:01:56 | INFO     | pipeline | [83/226] processando 01_DADOS_OPERACIONAIS\DEFENSIVOS\MILHO\Herbicida Campo 507.pdf
2026-09-23 12:01:56 | INFO     | 01_DADOS_OPERACIONAIS\DEFENSIVOS\MILHO\Herbicida Campo 507.pdf | inicio de extracao
2026-09-23 12:01:56 | INFO     | 01_DADOS_OPERACIONAIS\DEFENSIVOS\MILHO\Herbicida Campo 507.pdf | origem=texto itens=124
2026-09-23 12:01:56 | WARNING  | 01_DADOS_OPERACIONAIS\DEFENSIVOS\MILHO\Herbicida Campo 507.pdf | chave de acesso (44 digitos) NAO encontrada
2026-09-23 12:01:56 | ERROR    | pipeline | 01_DADOS_OPERACIONAIS\DEFENSIVOS\MILHO\Herbicida Campo 507.pdf | NAO processado -> nao foi encontrada a chave de acesso (44 digitos)
2026-09-23 12:01:56 | INFO     | pipeline | [84/226] processando 01_DADOS_OPERACIONAIS\DEFENSIVOS\MILHO\Herbicida Campo 508.pdf
2026-09-23 12:01:56 | INFO     | 01_DADOS_OPERACIONAIS\DEFENSIVOS\MILHO\Herbicida Campo 508.pdf | inicio de extracao
2026-09-23 12:01:56 | INFO     | 01_DADOS_OPERACIONAIS\DEFENSIVOS\MILHO\Herbicida Campo 508.pdf | origem=texto itens=115
2026-09-23 12:01:56 | WARNING  | 01_DADOS_OPERACIONAIS\DEFENSIVOS\MILHO\Herbicida Campo 508.pdf | chave de acesso (44 digitos) NAO encontrada
2026-09-23 12:01:56 | ERROR    | pipeline | 01_DADOS_OPERACIONAIS\DEFENSIVOS\MILHO\Herbicida Campo 508.pdf | NAO processado -> nao foi encontrada a chave de acesso (44 digitos)
2026-09-23 12:01:56 | INFO     | pipeline | [85/226] processando 01_DADOS_OPERACIONAIS\DEFENSIVOS\MILHO\Inseticida Campo 102.pdf
2026-09-23 12:01:56 | INFO     | 01_DADOS_OPERACIONAIS\DEFENSIVOS\MILHO\Inseticida Campo 102.pdf | inicio de extracao
2026-09-23 12:01:56 | INFO     | 01_DADOS_OPERACIONAIS\DEFENSIVOS\MILHO\Inseticida Campo 102.pdf | origem=texto itens=96
2026-09-23 12:01:56 | WARNING  | 01_DADOS_OPERACIONAIS\DEFENSIVOS\MILHO\Inseticida Campo 102.pdf | chave de acesso (44 digitos) NAO encontrada
2026-09-23 12:01:56 | ERROR    | pipeline | 01_DADOS_OPERACIONAIS\DEFENSIVOS\MILHO\Inseticida Campo 102.pdf | NAO processado -> nao foi encontrada a chave de acesso (44 digitos)
2026-09-23 12:01:56 | INFO     | pipeline | [86/226] processando 01_DADOS_OPERACIONAIS\DEFENSIVOS\MILHO\Inseticida Campo 103.pdf
2026-09-23 12:01:56 | INFO     | 01_DADOS_OPERACIONAIS\DEFENSIVOS\MILHO\Inseticida Campo 103.pdf | inicio de extracao
2026-09-23 12:01:56 | INFO     | 01_DADOS_OPERACIONAIS\DEFENSIVOS\MILHO\Inseticida Campo 103.pdf | origem=texto itens=120
2026-09-23 12:01:56 | WARNING  | 01_DADOS_OPERACIONAIS\DEFENSIVOS\MILHO\Inseticida Campo 103.pdf | chave de acesso (44 digitos) NAO encontrada
2026-09-23 12:01:56 | ERROR    | pipeline | 01_DADOS_OPERACIONAIS\DEFENSIVOS\MILHO\Inseticida Campo 103.pdf | NAO processado -> nao foi encontrada a chave de acesso (44 digitos)
2026-09-23 12:01:56 | INFO     | pipeline | [87/226] processando 01_DADOS_OPERACIONAIS\DEFENSIVOS\MILHO\Inseticida Campo 104.pdf
2026-09-23 12:01:56 | INFO     | 01_DADOS_OPERACIONAIS\DEFENSIVOS\MILHO\Inseticida Campo 104.pdf | inicio de extracao
2026-09-23 12:01:56 | INFO     | 01_DADOS_OPERACIONAIS\DEFENSIVOS\MILHO\Inseticida Campo 104.pdf | origem=texto itens=114
2026-09-23 12:01:56 | WARNING  | 01_DADOS_OPERACIONAIS\DEFENSIVOS\MILHO\Inseticida Campo 104.pdf | chave de acesso (44 digitos) NAO encontrada
2026-09-23 12:01:56 | ERROR    | pipeline | 01_DADOS_OPERACIONAIS\DEFENSIVOS\MILHO\Inseticida Campo 104.pdf | NAO processado -> nao foi encontrada a chave de acesso (44 digitos)
2026-09-23 12:01:56 | INFO     | pipeline | [88/226] processando 01_DADOS_OPERACIONAIS\DEFENSIVOS\MILHO\Inseticida Campo 105.pdf
2026-09-23 12:01:56 | INFO     | 01_DADOS_OPERACIONAIS\DEFENSIVOS\MILHO\Inseticida Campo 105.pdf | inicio de extracao
2026-09-23 12:01:56 | INFO     | 01_DADOS_OPERACIONAIS\DEFENSIVOS\MILHO\Inseticida Campo 105.pdf | origem=texto itens=95
2026-09-23 12:01:56 | WARNING  | 01_DADOS_OPERACIONAIS\DEFENSIVOS\MILHO\Inseticida Campo 105.pdf | chave de acesso (44 digitos) NAO encontrada
2026-09-23 12:01:56 | ERROR    | pipeline | 01_DADOS_OPERACIONAIS\DEFENSIVOS\MILHO\Inseticida Campo 105.pdf | NAO processado -> nao foi encontrada a chave de acesso (44 digitos)
2026-09-23 12:01:56 | INFO     | pipeline | [89/226] processando 01_DADOS_OPERACIONAIS\DEFENSIVOS\MILHO\Inseticida Campo 106.pdf
2026-09-23 12:01:56 | INFO     | 01_DADOS_OPERACIONAIS\DEFENSIVOS\MILHO\Inseticida Campo 106.pdf | inicio de extracao
2026-09-23 12:01:56 | INFO     | 01_DADOS_OPERACIONAIS\DEFENSIVOS\MILHO\Inseticida Campo 106.pdf | origem=texto itens=112
2026-09-23 12:01:56 | WARNING  | 01_DADOS_OPERACIONAIS\DEFENSIVOS\MILHO\Inseticida Campo 106.pdf | chave de acesso (44 digitos) NAO encontrada
2026-09-23 12:01:56 | ERROR    | pipeline | 01_DADOS_OPERACIONAIS\DEFENSIVOS\MILHO\Inseticida Campo 106.pdf | NAO processado -> nao foi encontrada a chave de acesso (44 digitos)
2026-09-23 12:01:56 | INFO     | pipeline | [90/226] processando 01_DADOS_OPERACIONAIS\DEFENSIVOS\MILHO\Inseticida Campo 107.pdf
2026-09-23 12:01:56 | INFO     | 01_DADOS_OPERACIONAIS\DEFENSIVOS\MILHO\Inseticida Campo 107.pdf | inicio de extracao
2026-09-23 12:01:56 | INFO     | 01_DADOS_OPERACIONAIS\DEFENSIVOS\MILHO\Inseticida Campo 107.pdf | origem=texto itens=104
2026-09-23 12:01:56 | WARNING  | 01_DADOS_OPERACIONAIS\DEFENSIVOS\MILHO\Inseticida Campo 107.pdf | chave de acesso (44 digitos) NAO encontrada
2026-09-23 12:01:56 | ERROR    | pipeline | 01_DADOS_OPERACIONAIS\DEFENSIVOS\MILHO\Inseticida Campo 107.pdf | NAO processado -> nao foi encontrada a chave de acesso (44 digitos)
2026-09-23 12:01:56 | INFO     | pipeline | [91/226] processando 01_DADOS_OPERACIONAIS\DEFENSIVOS\MILHO\Inseticida Campo 108.pdf
2026-09-23 12:01:56 | INFO     | 01_DADOS_OPERACIONAIS\DEFENSIVOS\MILHO\Inseticida Campo 108.pdf | inicio de extracao
2026-09-23 12:01:56 | INFO     | 01_DADOS_OPERACIONAIS\DEFENSIVOS\MILHO\Inseticida Campo 108.pdf | origem=texto itens=113
2026-09-23 12:01:56 | WARNING  | 01_DADOS_OPERACIONAIS\DEFENSIVOS\MILHO\Inseticida Campo 108.pdf | chave de acesso (44 digitos) NAO encontrada
2026-09-23 12:01:56 | ERROR    | pipeline | 01_DADOS_OPERACIONAIS\DEFENSIVOS\MILHO\Inseticida Campo 108.pdf | NAO processado -> nao foi encontrada a chave de acesso (44 digitos)
2026-09-23 12:01:56 | INFO     | pipeline | [92/226] processando 01_DADOS_OPERACIONAIS\DEFENSIVOS\MILHO\Inseticida Campo 109.pdf
2026-09-23 12:01:56 | INFO     | 01_DADOS_OPERACIONAIS\DEFENSIVOS\MILHO\Inseticida Campo 109.pdf | inicio de extracao
2026-09-23 12:01:56 | INFO     | 01_DADOS_OPERACIONAIS\DEFENSIVOS\MILHO\Inseticida Campo 109.pdf | origem=texto itens=96
2026-09-23 12:01:56 | WARNING  | 01_DADOS_OPERACIONAIS\DEFENSIVOS\MILHO\Inseticida Campo 109.pdf | chave de acesso (44 digitos) NAO encontrada
2026-09-23 12:01:56 | ERROR    | pipeline | 01_DADOS_OPERACIONAIS\DEFENSIVOS\MILHO\Inseticida Campo 109.pdf | NAO processado -> nao foi encontrada a chave de acesso (44 digitos)
2026-09-23 12:01:56 | INFO     | pipeline | [93/226] processando 01_DADOS_OPERACIONAIS\DEFENSIVOS\MILHO\Inseticida Campo 110.pdf
2026-09-23 12:01:56 | INFO     | 01_DADOS_OPERACIONAIS\DEFENSIVOS\MILHO\Inseticida Campo 110.pdf | inicio de extracao
2026-09-23 12:01:56 | INFO     | 01_DADOS_OPERACIONAIS\DEFENSIVOS\MILHO\Inseticida Campo 110.pdf | origem=texto itens=103
2026-09-23 12:01:56 | WARNING  | 01_DADOS_OPERACIONAIS\DEFENSIVOS\MILHO\Inseticida Campo 110.pdf | chave de acesso (44 digitos) NAO encontrada
2026-09-23 12:01:56 | ERROR    | pipeline | 01_DADOS_OPERACIONAIS\DEFENSIVOS\MILHO\Inseticida Campo 110.pdf | NAO processado -> nao foi encontrada a chave de acesso (44 digitos)
2026-09-23 12:01:56 | INFO     | pipeline | [94/226] processando 01_DADOS_OPERACIONAIS\DEFENSIVOS\MILHO\Inseticida Campo 201.pdf
2026-09-23 12:01:56 | INFO     | 01_DADOS_OPERACIONAIS\DEFENSIVOS\MILHO\Inseticida Campo 201.pdf | inicio de extracao
2026-09-23 12:01:56 | INFO     | 01_DADOS_OPERACIONAIS\DEFENSIVOS\MILHO\Inseticida Campo 201.pdf | origem=texto itens=129
2026-09-23 12:01:56 | WARNING  | 01_DADOS_OPERACIONAIS\DEFENSIVOS\MILHO\Inseticida Campo 201.pdf | chave de acesso (44 digitos) NAO encontrada
2026-09-23 12:01:56 | ERROR    | pipeline | 01_DADOS_OPERACIONAIS\DEFENSIVOS\MILHO\Inseticida Campo 201.pdf | NAO processado -> nao foi encontrada a chave de acesso (44 digitos)
2026-09-23 12:01:56 | INFO     | pipeline | [95/226] processando 01_DADOS_OPERACIONAIS\DEFENSIVOS\MILHO\Inseticida Campo 202.pdf
2026-09-23 12:01:56 | INFO     | 01_DADOS_OPERACIONAIS\DEFENSIVOS\MILHO\Inseticida Campo 202.pdf | inicio de extracao
2026-09-23 12:01:56 | INFO     | 01_DADOS_OPERACIONAIS\DEFENSIVOS\MILHO\Inseticida Campo 202.pdf | origem=texto itens=129
2026-09-23 12:01:56 | WARNING  | 01_DADOS_OPERACIONAIS\DEFENSIVOS\MILHO\Inseticida Campo 202.pdf | chave de acesso (44 digitos) NAO encontrada
2026-09-23 12:01:56 | ERROR    | pipeline | 01_DADOS_OPERACIONAIS\DEFENSIVOS\MILHO\Inseticida Campo 202.pdf | NAO processado -> nao foi encontrada a chave de acesso (44 digitos)
2026-09-23 12:01:56 | INFO     | pipeline | [96/226] processando 01_DADOS_OPERACIONAIS\DEFENSIVOS\MILHO\Inseticida Campo 205.pdf
2026-09-23 12:01:56 | INFO     | 01_DADOS_OPERACIONAIS\DEFENSIVOS\MILHO\Inseticida Campo 205.pdf | inicio de extracao
2026-09-23 12:01:56 | INFO     | 01_DADOS_OPERACIONAIS\DEFENSIVOS\MILHO\Inseticida Campo 205.pdf | origem=texto itens=121
2026-09-23 12:01:56 | WARNING  | 01_DADOS_OPERACIONAIS\DEFENSIVOS\MILHO\Inseticida Campo 205.pdf | chave de acesso (44 digitos) NAO encontrada
2026-09-23 12:01:56 | ERROR    | pipeline | 01_DADOS_OPERACIONAIS\DEFENSIVOS\MILHO\Inseticida Campo 205.pdf | NAO processado -> nao foi encontrada a chave de acesso (44 digitos)
2026-09-23 12:01:56 | INFO     | pipeline | [97/226] processando 01_DADOS_OPERACIONAIS\DEFENSIVOS\MILHO\Inseticida Campo 206.pdf
2026-09-23 12:01:56 | INFO     | 01_DADOS_OPERACIONAIS\DEFENSIVOS\MILHO\Inseticida Campo 206.pdf | inicio de extracao
2026-09-23 12:01:56 | INFO     | 01_DADOS_OPERACIONAIS\DEFENSIVOS\MILHO\Inseticida Campo 206.pdf | origem=texto itens=121
2026-09-23 12:01:56 | WARNING  | 01_DADOS_OPERACIONAIS\DEFENSIVOS\MILHO\Inseticida Campo 206.pdf | chave de acesso (44 digitos) NAO encontrada
2026-09-23 12:01:56 | ERROR    | pipeline | 01_DADOS_OPERACIONAIS\DEFENSIVOS\MILHO\Inseticida Campo 206.pdf | NAO processado -> nao foi encontrada a chave de acesso (44 digitos)
2026-09-23 12:01:56 | INFO     | pipeline | [98/226] processando 01_DADOS_OPERACIONAIS\DEFENSIVOS\MILHO\Inseticida Campo 207.pdf
2026-09-23 12:01:56 | INFO     | 01_DADOS_OPERACIONAIS\DEFENSIVOS\MILHO\Inseticida Campo 207.pdf | inicio de extracao
2026-09-23 12:01:56 | INFO     | 01_DADOS_OPERACIONAIS\DEFENSIVOS\MILHO\Inseticida Campo 207.pdf | origem=texto itens=113
2026-09-23 12:01:56 | WARNING  | 01_DADOS_OPERACIONAIS\DEFENSIVOS\MILHO\Inseticida Campo 207.pdf | chave de acesso (44 digitos) NAO encontrada
2026-09-23 12:01:56 | ERROR    | pipeline | 01_DADOS_OPERACIONAIS\DEFENSIVOS\MILHO\Inseticida Campo 207.pdf | NAO processado -> nao foi encontrada a chave de acesso (44 digitos)
2026-09-23 12:01:56 | INFO     | pipeline | [99/226] processando 01_DADOS_OPERACIONAIS\DEFENSIVOS\MILHO\Inseticida Campo 208.pdf
2026-09-23 12:01:56 | INFO     | 01_DADOS_OPERACIONAIS\DEFENSIVOS\MILHO\Inseticida Campo 208.pdf | inicio de extracao
2026-09-23 12:01:56 | INFO     | 01_DADOS_OPERACIONAIS\DEFENSIVOS\MILHO\Inseticida Campo 208.pdf | origem=texto itens=113
2026-09-23 12:01:56 | WARNING  | 01_DADOS_OPERACIONAIS\DEFENSIVOS\MILHO\Inseticida Campo 208.pdf | chave de acesso (44 digitos) NAO encontrada
2026-09-23 12:01:56 | ERROR    | pipeline | 01_DADOS_OPERACIONAIS\DEFENSIVOS\MILHO\Inseticida Campo 208.pdf | NAO processado -> nao foi encontrada a chave de acesso (44 digitos)
2026-09-23 12:01:56 | INFO     | pipeline | [100/226] processando 01_DADOS_OPERACIONAIS\DEFENSIVOS\MILHO\Inseticida Campo 212.pdf
2026-09-23 12:01:56 | INFO     | 01_DADOS_OPERACIONAIS\DEFENSIVOS\MILHO\Inseticida Campo 212.pdf | inicio de extracao
2026-09-23 12:01:56 | INFO     | 01_DADOS_OPERACIONAIS\DEFENSIVOS\MILHO\Inseticida Campo 212.pdf | origem=texto itens=113
2026-09-23 12:01:56 | WARNING  | 01_DADOS_OPERACIONAIS\DEFENSIVOS\MILHO\Inseticida Campo 212.pdf | chave de acesso (44 digitos) NAO encontrada
2026-09-23 12:01:56 | ERROR    | pipeline | 01_DADOS_OPERACIONAIS\DEFENSIVOS\MILHO\Inseticida Campo 212.pdf | NAO processado -> nao foi encontrada a chave de acesso (44 digitos)
2026-09-23 12:01:56 | INFO     | pipeline | [101/226] processando 01_DADOS_OPERACIONAIS\DEFENSIVOS\MILHO\Inseticida Campo 301.pdf
2026-09-23 12:01:56 | INFO     | 01_DADOS_OPERACIONAIS\DEFENSIVOS\MILHO\Inseticida Campo 301.pdf | inicio de extracao
2026-09-23 12:01:56 | INFO     | 01_DADOS_OPERACIONAIS\DEFENSIVOS\MILHO\Inseticida Campo 301.pdf | origem=texto itens=137
2026-09-23 12:01:56 | WARNING  | 01_DADOS_OPERACIONAIS\DEFENSIVOS\MILHO\Inseticida Campo 301.pdf | chave de acesso (44 digitos) NAO encontrada
2026-09-23 12:01:56 | ERROR    | pipeline | 01_DADOS_OPERACIONAIS\DEFENSIVOS\MILHO\Inseticida Campo 301.pdf | NAO processado -> nao foi encontrada a chave de acesso (44 digitos)
2026-09-23 12:01:56 | INFO     | pipeline | [102/226] processando 01_DADOS_OPERACIONAIS\DEFENSIVOS\MILHO\Inseticida Campo 303.pdf
2026-09-23 12:01:56 | INFO     | 01_DADOS_OPERACIONAIS\DEFENSIVOS\MILHO\Inseticida Campo 303.pdf | inicio de extracao
2026-09-23 12:01:56 | INFO     | 01_DADOS_OPERACIONAIS\DEFENSIVOS\MILHO\Inseticida Campo 303.pdf | origem=texto itens=145
2026-09-23 12:01:56 | WARNING  | 01_DADOS_OPERACIONAIS\DEFENSIVOS\MILHO\Inseticida Campo 303.pdf | chave de acesso (44 digitos) NAO encontrada
2026-09-23 12:01:56 | ERROR    | pipeline | 01_DADOS_OPERACIONAIS\DEFENSIVOS\MILHO\Inseticida Campo 303.pdf | NAO processado -> nao foi encontrada a chave de acesso (44 digitos)
2026-09-23 12:01:56 | INFO     | pipeline | [103/226] processando 01_DADOS_OPERACIONAIS\DEFENSIVOS\MILHO\Inseticida Campo 304.pdf
2026-09-23 12:01:56 | INFO     | 01_DADOS_OPERACIONAIS\DEFENSIVOS\MILHO\Inseticida Campo 304.pdf | inicio de extracao
2026-09-23 12:01:56 | INFO     | 01_DADOS_OPERACIONAIS\DEFENSIVOS\MILHO\Inseticida Campo 304.pdf | origem=texto itens=137
2026-09-23 12:01:56 | WARNING  | 01_DADOS_OPERACIONAIS\DEFENSIVOS\MILHO\Inseticida Campo 304.pdf | chave de acesso (44 digitos) NAO encontrada
2026-09-23 12:01:56 | ERROR    | pipeline | 01_DADOS_OPERACIONAIS\DEFENSIVOS\MILHO\Inseticida Campo 304.pdf | NAO processado -> nao foi encontrada a chave de acesso (44 digitos)
2026-09-23 12:01:56 | INFO     | pipeline | [104/226] processando 01_DADOS_OPERACIONAIS\DEFENSIVOS\MILHO\Inseticida Campo 306.pdf
2026-09-23 12:01:56 | INFO     | 01_DADOS_OPERACIONAIS\DEFENSIVOS\MILHO\Inseticida Campo 306.pdf | inicio de extracao
2026-09-23 12:01:56 | INFO     | 01_DADOS_OPERACIONAIS\DEFENSIVOS\MILHO\Inseticida Campo 306.pdf | origem=texto itens=104
2026-09-23 12:01:56 | WARNING  | 01_DADOS_OPERACIONAIS\DEFENSIVOS\MILHO\Inseticida Campo 306.pdf | chave de acesso (44 digitos) NAO encontrada
2026-09-23 12:01:56 | ERROR    | pipeline | 01_DADOS_OPERACIONAIS\DEFENSIVOS\MILHO\Inseticida Campo 306.pdf | NAO processado -> nao foi encontrada a chave de acesso (44 digitos)
2026-09-23 12:01:56 | INFO     | pipeline | [105/226] processando 01_DADOS_OPERACIONAIS\DEFENSIVOS\MILHO\Inseticida Campo 501.pdf
2026-09-23 12:01:56 | INFO     | 01_DADOS_OPERACIONAIS\DEFENSIVOS\MILHO\Inseticida Campo 501.pdf | inicio de extracao
2026-09-23 12:01:56 | INFO     | 01_DADOS_OPERACIONAIS\DEFENSIVOS\MILHO\Inseticida Campo 501.pdf | origem=texto itens=112
2026-09-23 12:01:56 | WARNING  | 01_DADOS_OPERACIONAIS\DEFENSIVOS\MILHO\Inseticida Campo 501.pdf | chave de acesso (44 digitos) NAO encontrada
2026-09-23 12:01:56 | ERROR    | pipeline | 01_DADOS_OPERACIONAIS\DEFENSIVOS\MILHO\Inseticida Campo 501.pdf | NAO processado -> nao foi encontrada a chave de acesso (44 digitos)
2026-09-23 12:01:56 | INFO     | pipeline | [106/226] processando 01_DADOS_OPERACIONAIS\DEFENSIVOS\MILHO\Inseticida Campo 502.pdf
2026-09-23 12:01:56 | INFO     | 01_DADOS_OPERACIONAIS\DEFENSIVOS\MILHO\Inseticida Campo 502.pdf | inicio de extracao
2026-09-23 12:01:56 | INFO     | 01_DADOS_OPERACIONAIS\DEFENSIVOS\MILHO\Inseticida Campo 502.pdf | origem=texto itens=128
2026-09-23 12:01:56 | WARNING  | 01_DADOS_OPERACIONAIS\DEFENSIVOS\MILHO\Inseticida Campo 502.pdf | chave de acesso (44 digitos) NAO encontrada
2026-09-23 12:01:56 | ERROR    | pipeline | 01_DADOS_OPERACIONAIS\DEFENSIVOS\MILHO\Inseticida Campo 502.pdf | NAO processado -> nao foi encontrada a chave de acesso (44 digitos)
2026-09-23 12:01:56 | INFO     | pipeline | [107/226] processando 01_DADOS_OPERACIONAIS\DEFENSIVOS\MILHO\Inseticida Campo 503.pdf
2026-09-23 12:01:56 | INFO     | 01_DADOS_OPERACIONAIS\DEFENSIVOS\MILHO\Inseticida Campo 503.pdf | inicio de extracao
2026-09-23 12:01:56 | INFO     | 01_DADOS_OPERACIONAIS\DEFENSIVOS\MILHO\Inseticida Campo 503.pdf | origem=texto itens=94
2026-09-23 12:01:56 | WARNING  | 01_DADOS_OPERACIONAIS\DEFENSIVOS\MILHO\Inseticida Campo 503.pdf | chave de acesso (44 digitos) NAO encontrada
2026-09-23 12:01:56 | ERROR    | pipeline | 01_DADOS_OPERACIONAIS\DEFENSIVOS\MILHO\Inseticida Campo 503.pdf | NAO processado -> nao foi encontrada a chave de acesso (44 digitos)
2026-09-23 12:01:56 | INFO     | pipeline | [108/226] processando 01_DADOS_OPERACIONAIS\DEFENSIVOS\MILHO\Inseticida Campo 504.pdf
2026-09-23 12:01:56 | INFO     | 01_DADOS_OPERACIONAIS\DEFENSIVOS\MILHO\Inseticida Campo 504.pdf | inicio de extracao
2026-09-23 12:01:56 | INFO     | 01_DADOS_OPERACIONAIS\DEFENSIVOS\MILHO\Inseticida Campo 504.pdf | origem=texto itens=128
2026-09-23 12:01:56 | WARNING  | 01_DADOS_OPERACIONAIS\DEFENSIVOS\MILHO\Inseticida Campo 504.pdf | chave de acesso (44 digitos) NAO encontrada
2026-09-23 12:01:56 | ERROR    | pipeline | 01_DADOS_OPERACIONAIS\DEFENSIVOS\MILHO\Inseticida Campo 504.pdf | NAO processado -> nao foi encontrada a chave de acesso (44 digitos)
2026-09-23 12:01:56 | INFO     | pipeline | [109/226] processando 01_DADOS_OPERACIONAIS\DEFENSIVOS\MILHO\Inseticida Campo 506.pdf
2026-09-23 12:01:56 | INFO     | 01_DADOS_OPERACIONAIS\DEFENSIVOS\MILHO\Inseticida Campo 506.pdf | inicio de extracao
2026-09-23 12:01:56 | INFO     | 01_DADOS_OPERACIONAIS\DEFENSIVOS\MILHO\Inseticida Campo 506.pdf | origem=texto itens=120
2026-09-23 12:01:56 | WARNING  | 01_DADOS_OPERACIONAIS\DEFENSIVOS\MILHO\Inseticida Campo 506.pdf | chave de acesso (44 digitos) NAO encontrada
2026-09-23 12:01:56 | ERROR    | pipeline | 01_DADOS_OPERACIONAIS\DEFENSIVOS\MILHO\Inseticida Campo 506.pdf | NAO processado -> nao foi encontrada a chave de acesso (44 digitos)
2026-09-23 12:01:56 | INFO     | pipeline | [110/226] processando 01_DADOS_OPERACIONAIS\DEFENSIVOS\MILHO\Inseticida Campo 507.pdf
2026-09-23 12:01:56 | INFO     | 01_DADOS_OPERACIONAIS\DEFENSIVOS\MILHO\Inseticida Campo 507.pdf | inicio de extracao
2026-09-23 12:01:56 | INFO     | 01_DADOS_OPERACIONAIS\DEFENSIVOS\MILHO\Inseticida Campo 507.pdf | origem=texto itens=112
2026-09-23 12:01:56 | WARNING  | 01_DADOS_OPERACIONAIS\DEFENSIVOS\MILHO\Inseticida Campo 507.pdf | chave de acesso (44 digitos) NAO encontrada
2026-09-23 12:01:56 | ERROR    | pipeline | 01_DADOS_OPERACIONAIS\DEFENSIVOS\MILHO\Inseticida Campo 507.pdf | NAO processado -> nao foi encontrada a chave de acesso (44 digitos)
2026-09-23 12:01:56 | INFO     | pipeline | [111/226] processando 01_DADOS_OPERACIONAIS\DEFENSIVOS\MILHO\Inseticida Campo 508.pdf
2026-09-23 12:01:56 | INFO     | 01_DADOS_OPERACIONAIS\DEFENSIVOS\MILHO\Inseticida Campo 508.pdf | inicio de extracao
2026-09-23 12:01:56 | INFO     | 01_DADOS_OPERACIONAIS\DEFENSIVOS\MILHO\Inseticida Campo 508.pdf | origem=texto itens=129
2026-09-23 12:01:56 | WARNING  | 01_DADOS_OPERACIONAIS\DEFENSIVOS\MILHO\Inseticida Campo 508.pdf | chave de acesso (44 digitos) NAO encontrada
2026-09-23 12:01:56 | ERROR    | pipeline | 01_DADOS_OPERACIONAIS\DEFENSIVOS\MILHO\Inseticida Campo 508.pdf | NAO processado -> nao foi encontrada a chave de acesso (44 digitos)
2026-09-23 12:01:56 | INFO     | pipeline | [112/226] processando 01_DADOS_OPERACIONAIS\FERTILIZANTES\ALGODAO\Fertilizantes Campo 204.pdf
2026-09-23 12:01:56 | INFO     | 01_DADOS_OPERACIONAIS\FERTILIZANTES\ALGODAO\Fertilizantes Campo 204.pdf | inicio de extracao
2026-09-23 12:01:56 | INFO     | 01_DADOS_OPERACIONAIS\FERTILIZANTES\ALGODAO\Fertilizantes Campo 204.pdf | origem=texto itens=134
2026-09-23 12:01:56 | WARNING  | 01_DADOS_OPERACIONAIS\FERTILIZANTES\ALGODAO\Fertilizantes Campo 204.pdf | chave de acesso (44 digitos) NAO encontrada
2026-09-23 12:01:56 | ERROR    | pipeline | 01_DADOS_OPERACIONAIS\FERTILIZANTES\ALGODAO\Fertilizantes Campo 204.pdf | NAO processado -> nao foi encontrada a chave de acesso (44 digitos)
2026-09-23 12:01:56 | INFO     | pipeline | [113/226] processando 01_DADOS_OPERACIONAIS\FERTILIZANTES\ALGODAO\Fertilizantes Campo 209.pdf
2026-09-23 12:01:56 | INFO     | 01_DADOS_OPERACIONAIS\FERTILIZANTES\ALGODAO\Fertilizantes Campo 209.pdf | inicio de extracao
2026-09-23 12:01:56 | INFO     | 01_DADOS_OPERACIONAIS\FERTILIZANTES\ALGODAO\Fertilizantes Campo 209.pdf | origem=texto itens=134
2026-09-23 12:01:56 | WARNING  | 01_DADOS_OPERACIONAIS\FERTILIZANTES\ALGODAO\Fertilizantes Campo 209.pdf | chave de acesso (44 digitos) NAO encontrada
2026-09-23 12:01:56 | ERROR    | pipeline | 01_DADOS_OPERACIONAIS\FERTILIZANTES\ALGODAO\Fertilizantes Campo 209.pdf | NAO processado -> nao foi encontrada a chave de acesso (44 digitos)
2026-09-23 12:01:56 | INFO     | pipeline | [114/226] processando 01_DADOS_OPERACIONAIS\FERTILIZANTES\ALGODAO\Fertilizantes Campo 210.pdf
2026-09-23 12:01:56 | INFO     | 01_DADOS_OPERACIONAIS\FERTILIZANTES\ALGODAO\Fertilizantes Campo 210.pdf | inicio de extracao
2026-09-23 12:01:56 | INFO     | 01_DADOS_OPERACIONAIS\FERTILIZANTES\ALGODAO\Fertilizantes Campo 210.pdf | origem=texto itens=134
2026-09-23 12:01:56 | WARNING  | 01_DADOS_OPERACIONAIS\FERTILIZANTES\ALGODAO\Fertilizantes Campo 210.pdf | chave de acesso (44 digitos) NAO encontrada
2026-09-23 12:01:56 | ERROR    | pipeline | 01_DADOS_OPERACIONAIS\FERTILIZANTES\ALGODAO\Fertilizantes Campo 210.pdf | NAO processado -> nao foi encontrada a chave de acesso (44 digitos)
2026-09-23 12:01:56 | INFO     | pipeline | [115/226] processando 01_DADOS_OPERACIONAIS\FERTILIZANTES\ALGODAO\Fertilizantes Campo 211.pdf
2026-09-23 12:01:56 | INFO     | 01_DADOS_OPERACIONAIS\FERTILIZANTES\ALGODAO\Fertilizantes Campo 211.pdf | inicio de extracao
2026-09-23 12:01:56 | INFO     | 01_DADOS_OPERACIONAIS\FERTILIZANTES\ALGODAO\Fertilizantes Campo 211.pdf | origem=texto itens=143
2026-09-23 12:01:56 | WARNING  | 01_DADOS_OPERACIONAIS\FERTILIZANTES\ALGODAO\Fertilizantes Campo 211.pdf | chave de acesso (44 digitos) NAO encontrada
2026-09-23 12:01:56 | ERROR    | pipeline | 01_DADOS_OPERACIONAIS\FERTILIZANTES\ALGODAO\Fertilizantes Campo 211.pdf | NAO processado -> nao foi encontrada a chave de acesso (44 digitos)
2026-09-23 12:01:56 | INFO     | pipeline | [116/226] processando 01_DADOS_OPERACIONAIS\FERTILIZANTES\ALGODAO\Fertilizantes Campo 301.pdf
2026-09-23 12:01:56 | INFO     | 01_DADOS_OPERACIONAIS\FERTILIZANTES\ALGODAO\Fertilizantes Campo 301.pdf | inicio de extracao
2026-09-23 12:01:56 | INFO     | 01_DADOS_OPERACIONAIS\FERTILIZANTES\ALGODAO\Fertilizantes Campo 301.pdf | origem=texto itens=135
2026-09-23 12:01:56 | WARNING  | 01_DADOS_OPERACIONAIS\FERTILIZANTES\ALGODAO\Fertilizantes Campo 301.pdf | chave de acesso (44 digitos) NAO encontrada
2026-09-23 12:01:56 | ERROR    | pipeline | 01_DADOS_OPERACIONAIS\FERTILIZANTES\ALGODAO\Fertilizantes Campo 301.pdf | NAO processado -> nao foi encontrada a chave de acesso (44 digitos)
2026-09-23 12:01:56 | INFO     | pipeline | [117/226] processando 01_DADOS_OPERACIONAIS\FERTILIZANTES\ALGODAO\Fertilizantes Campo 302.pdf
2026-09-23 12:01:56 | INFO     | 01_DADOS_OPERACIONAIS\FERTILIZANTES\ALGODAO\Fertilizantes Campo 302.pdf | inicio de extracao
2026-09-23 12:01:56 | INFO     | 01_DADOS_OPERACIONAIS\FERTILIZANTES\ALGODAO\Fertilizantes Campo 302.pdf | origem=texto itens=135
2026-09-23 12:01:56 | WARNING  | 01_DADOS_OPERACIONAIS\FERTILIZANTES\ALGODAO\Fertilizantes Campo 302.pdf | chave de acesso (44 digitos) NAO encontrada
2026-09-23 12:01:56 | ERROR    | pipeline | 01_DADOS_OPERACIONAIS\FERTILIZANTES\ALGODAO\Fertilizantes Campo 302.pdf | NAO processado -> nao foi encontrada a chave de acesso (44 digitos)
2026-09-23 12:01:56 | INFO     | pipeline | [118/226] processando 01_DADOS_OPERACIONAIS\FERTILIZANTES\ALGODAO\Fertilizantes Campo 305.pdf
2026-09-23 12:01:56 | INFO     | 01_DADOS_OPERACIONAIS\FERTILIZANTES\ALGODAO\Fertilizantes Campo 305.pdf | inicio de extracao
2026-09-23 12:01:56 | INFO     | 01_DADOS_OPERACIONAIS\FERTILIZANTES\ALGODAO\Fertilizantes Campo 305.pdf | origem=texto itens=145
2026-09-23 12:01:56 | WARNING  | 01_DADOS_OPERACIONAIS\FERTILIZANTES\ALGODAO\Fertilizantes Campo 305.pdf | chave de acesso (44 digitos) NAO encontrada
2026-09-23 12:01:56 | ERROR    | pipeline | 01_DADOS_OPERACIONAIS\FERTILIZANTES\ALGODAO\Fertilizantes Campo 305.pdf | NAO processado -> nao foi encontrada a chave de acesso (44 digitos)
2026-09-23 12:01:56 | INFO     | pipeline | [119/226] processando 01_DADOS_OPERACIONAIS\FERTILIZANTES\ALGODAO\Fertilizantes Campo Pivo 01.pdf
2026-09-23 12:01:56 | INFO     | 01_DADOS_OPERACIONAIS\FERTILIZANTES\ALGODAO\Fertilizantes Campo Pivo 01.pdf | inicio de extracao
2026-09-23 12:01:56 | INFO     | 01_DADOS_OPERACIONAIS\FERTILIZANTES\ALGODAO\Fertilizantes Campo Pivo 01.pdf | origem=texto itens=165
2026-09-23 12:01:56 | WARNING  | 01_DADOS_OPERACIONAIS\FERTILIZANTES\ALGODAO\Fertilizantes Campo Pivo 01.pdf | chave de acesso (44 digitos) NAO encontrada
2026-09-23 12:01:56 | ERROR    | pipeline | 01_DADOS_OPERACIONAIS\FERTILIZANTES\ALGODAO\Fertilizantes Campo Pivo 01.pdf | NAO processado -> nao foi encontrada a chave de acesso (44 digitos)
2026-09-23 12:01:56 | INFO     | pipeline | [120/226] processando 01_DADOS_OPERACIONAIS\FERTILIZANTES\ALGODAO\Fertilizantes Campo Pivo 02.pdf
2026-09-23 12:01:56 | INFO     | 01_DADOS_OPERACIONAIS\FERTILIZANTES\ALGODAO\Fertilizantes Campo Pivo 02.pdf | inicio de extracao
2026-09-23 12:01:57 | INFO     | 01_DADOS_OPERACIONAIS\FERTILIZANTES\ALGODAO\Fertilizantes Campo Pivo 02.pdf | origem=texto itens=164
2026-09-23 12:01:57 | WARNING  | 01_DADOS_OPERACIONAIS\FERTILIZANTES\ALGODAO\Fertilizantes Campo Pivo 02.pdf | chave de acesso (44 digitos) NAO encontrada
2026-09-23 12:01:57 | ERROR    | pipeline | 01_DADOS_OPERACIONAIS\FERTILIZANTES\ALGODAO\Fertilizantes Campo Pivo 02.pdf | NAO processado -> nao foi encontrada a chave de acesso (44 digitos)
2026-09-23 12:01:57 | INFO     | pipeline | [121/226] processando 01_DADOS_OPERACIONAIS\FERTILIZANTES\MILHO\Fertilizantes Campo 102.pdf
2026-09-23 12:01:57 | INFO     | 01_DADOS_OPERACIONAIS\FERTILIZANTES\MILHO\Fertilizantes Campo 102.pdf | inicio de extracao
2026-09-23 12:01:57 | INFO     | 01_DADOS_OPERACIONAIS\FERTILIZANTES\MILHO\Fertilizantes Campo 102.pdf | origem=texto itens=104
2026-09-23 12:01:57 | WARNING  | 01_DADOS_OPERACIONAIS\FERTILIZANTES\MILHO\Fertilizantes Campo 102.pdf | chave de acesso (44 digitos) NAO encontrada
2026-09-23 12:01:57 | ERROR    | pipeline | 01_DADOS_OPERACIONAIS\FERTILIZANTES\MILHO\Fertilizantes Campo 102.pdf | NAO processado -> nao foi encontrada a chave de acesso (44 digitos)
2026-09-23 12:01:57 | INFO     | pipeline | [122/226] processando 01_DADOS_OPERACIONAIS\FERTILIZANTES\MILHO\Fertilizantes Campo 103.pdf
2026-09-23 12:01:57 | INFO     | 01_DADOS_OPERACIONAIS\FERTILIZANTES\MILHO\Fertilizantes Campo 103.pdf | inicio de extracao
2026-09-23 12:01:57 | INFO     | 01_DADOS_OPERACIONAIS\FERTILIZANTES\MILHO\Fertilizantes Campo 103.pdf | origem=texto itens=119
2026-09-23 12:01:57 | WARNING  | 01_DADOS_OPERACIONAIS\FERTILIZANTES\MILHO\Fertilizantes Campo 103.pdf | chave de acesso (44 digitos) NAO encontrada
2026-09-23 12:01:57 | ERROR    | pipeline | 01_DADOS_OPERACIONAIS\FERTILIZANTES\MILHO\Fertilizantes Campo 103.pdf | NAO processado -> nao foi encontrada a chave de acesso (44 digitos)
2026-09-23 12:01:57 | INFO     | pipeline | [123/226] processando 01_DADOS_OPERACIONAIS\FERTILIZANTES\MILHO\Fertilizantes Campo 104.pdf
2026-09-23 12:01:57 | INFO     | 01_DADOS_OPERACIONAIS\FERTILIZANTES\MILHO\Fertilizantes Campo 104.pdf | inicio de extracao
2026-09-23 12:01:57 | INFO     | 01_DADOS_OPERACIONAIS\FERTILIZANTES\MILHO\Fertilizantes Campo 104.pdf | origem=texto itens=109
2026-09-23 12:01:57 | WARNING  | 01_DADOS_OPERACIONAIS\FERTILIZANTES\MILHO\Fertilizantes Campo 104.pdf | chave de acesso (44 digitos) NAO encontrada
2026-09-23 12:01:57 | ERROR    | pipeline | 01_DADOS_OPERACIONAIS\FERTILIZANTES\MILHO\Fertilizantes Campo 104.pdf | NAO processado -> nao foi encontrada a chave de acesso (44 digitos)
2026-09-23 12:01:57 | INFO     | pipeline | [124/226] processando 01_DADOS_OPERACIONAIS\FERTILIZANTES\MILHO\Fertilizantes Campo 105.pdf
2026-09-23 12:01:57 | INFO     | 01_DADOS_OPERACIONAIS\FERTILIZANTES\MILHO\Fertilizantes Campo 105.pdf | inicio de extracao
2026-09-23 12:01:57 | INFO     | 01_DADOS_OPERACIONAIS\FERTILIZANTES\MILHO\Fertilizantes Campo 105.pdf | origem=texto itens=109
2026-09-23 12:01:57 | WARNING  | 01_DADOS_OPERACIONAIS\FERTILIZANTES\MILHO\Fertilizantes Campo 105.pdf | chave de acesso (44 digitos) NAO encontrada
2026-09-23 12:01:57 | ERROR    | pipeline | 01_DADOS_OPERACIONAIS\FERTILIZANTES\MILHO\Fertilizantes Campo 105.pdf | NAO processado -> nao foi encontrada a chave de acesso (44 digitos)
2026-09-23 12:01:57 | INFO     | pipeline | [125/226] processando 01_DADOS_OPERACIONAIS\FERTILIZANTES\MILHO\Fertilizantes Campo 106.pdf
2026-09-23 12:01:57 | INFO     | 01_DADOS_OPERACIONAIS\FERTILIZANTES\MILHO\Fertilizantes Campo 106.pdf | inicio de extracao
2026-09-23 12:01:57 | INFO     | 01_DADOS_OPERACIONAIS\FERTILIZANTES\MILHO\Fertilizantes Campo 106.pdf | origem=texto itens=109
2026-09-23 12:01:57 | WARNING  | 01_DADOS_OPERACIONAIS\FERTILIZANTES\MILHO\Fertilizantes Campo 106.pdf | chave de acesso (44 digitos) NAO encontrada
2026-09-23 12:01:57 | ERROR    | pipeline | 01_DADOS_OPERACIONAIS\FERTILIZANTES\MILHO\Fertilizantes Campo 106.pdf | NAO processado -> nao foi encontrada a chave de acesso (44 digitos)
2026-09-23 12:01:57 | INFO     | pipeline | [126/226] processando 01_DADOS_OPERACIONAIS\FERTILIZANTES\MILHO\Fertilizantes Campo 107.pdf
2026-09-23 12:01:57 | INFO     | 01_DADOS_OPERACIONAIS\FERTILIZANTES\MILHO\Fertilizantes Campo 107.pdf | inicio de extracao
2026-09-23 12:01:57 | INFO     | 01_DADOS_OPERACIONAIS\FERTILIZANTES\MILHO\Fertilizantes Campo 107.pdf | origem=texto itens=109
2026-09-23 12:01:57 | WARNING  | 01_DADOS_OPERACIONAIS\FERTILIZANTES\MILHO\Fertilizantes Campo 107.pdf | chave de acesso (44 digitos) NAO encontrada
2026-09-23 12:01:57 | ERROR    | pipeline | 01_DADOS_OPERACIONAIS\FERTILIZANTES\MILHO\Fertilizantes Campo 107.pdf | NAO processado -> nao foi encontrada a chave de acesso (44 digitos)
2026-09-23 12:01:57 | INFO     | pipeline | [127/226] processando 01_DADOS_OPERACIONAIS\FERTILIZANTES\MILHO\Fertilizantes Campo 108.pdf
2026-09-23 12:01:57 | INFO     | 01_DADOS_OPERACIONAIS\FERTILIZANTES\MILHO\Fertilizantes Campo 108.pdf | inicio de extracao
2026-09-23 12:01:57 | INFO     | 01_DADOS_OPERACIONAIS\FERTILIZANTES\MILHO\Fertilizantes Campo 108.pdf | origem=texto itens=99
2026-09-23 12:01:57 | WARNING  | 01_DADOS_OPERACIONAIS\FERTILIZANTES\MILHO\Fertilizantes Campo 108.pdf | chave de acesso (44 digitos) NAO encontrada
2026-09-23 12:01:57 | ERROR    | pipeline | 01_DADOS_OPERACIONAIS\FERTILIZANTES\MILHO\Fertilizantes Campo 108.pdf | NAO processado -> nao foi encontrada a chave de acesso (44 digitos)
2026-09-23 12:01:57 | INFO     | pipeline | [128/226] processando 01_DADOS_OPERACIONAIS\FERTILIZANTES\MILHO\Fertilizantes Campo 109.pdf
2026-09-23 12:01:57 | INFO     | 01_DADOS_OPERACIONAIS\FERTILIZANTES\MILHO\Fertilizantes Campo 109.pdf | inicio de extracao
2026-09-23 12:01:57 | INFO     | 01_DADOS_OPERACIONAIS\FERTILIZANTES\MILHO\Fertilizantes Campo 109.pdf | origem=texto itens=99
2026-09-23 12:01:57 | WARNING  | 01_DADOS_OPERACIONAIS\FERTILIZANTES\MILHO\Fertilizantes Campo 109.pdf | chave de acesso (44 digitos) NAO encontrada
2026-09-23 12:01:57 | ERROR    | pipeline | 01_DADOS_OPERACIONAIS\FERTILIZANTES\MILHO\Fertilizantes Campo 109.pdf | NAO processado -> nao foi encontrada a chave de acesso (44 digitos)
2026-09-23 12:01:57 | INFO     | pipeline | [129/226] processando 01_DADOS_OPERACIONAIS\FERTILIZANTES\MILHO\Fertilizantes Campo 110.pdf
2026-09-23 12:01:57 | INFO     | 01_DADOS_OPERACIONAIS\FERTILIZANTES\MILHO\Fertilizantes Campo 110.pdf | inicio de extracao
2026-09-23 12:01:57 | INFO     | 01_DADOS_OPERACIONAIS\FERTILIZANTES\MILHO\Fertilizantes Campo 110.pdf | origem=texto itens=109
2026-09-23 12:01:57 | WARNING  | 01_DADOS_OPERACIONAIS\FERTILIZANTES\MILHO\Fertilizantes Campo 110.pdf | chave de acesso (44 digitos) NAO encontrada
2026-09-23 12:01:57 | ERROR    | pipeline | 01_DADOS_OPERACIONAIS\FERTILIZANTES\MILHO\Fertilizantes Campo 110.pdf | NAO processado -> nao foi encontrada a chave de acesso (44 digitos)
2026-09-23 12:01:57 | INFO     | pipeline | [130/226] processando 01_DADOS_OPERACIONAIS\FERTILIZANTES\MILHO\Fertilizantes Campo 201.pdf
2026-09-23 12:01:57 | INFO     | 01_DADOS_OPERACIONAIS\FERTILIZANTES\MILHO\Fertilizantes Campo 201.pdf | inicio de extracao
2026-09-23 12:01:57 | INFO     | 01_DADOS_OPERACIONAIS\FERTILIZANTES\MILHO\Fertilizantes Campo 201.pdf | origem=texto itens=112
2026-09-23 12:01:57 | WARNING  | 01_DADOS_OPERACIONAIS\FERTILIZANTES\MILHO\Fertilizantes Campo 201.pdf | chave de acesso (44 digitos) NAO encontrada
2026-09-23 12:01:57 | ERROR    | pipeline | 01_DADOS_OPERACIONAIS\FERTILIZANTES\MILHO\Fertilizantes Campo 201.pdf | NAO processado -> nao foi encontrada a chave de acesso (44 digitos)
2026-09-23 12:01:57 | INFO     | pipeline | [131/226] processando 01_DADOS_OPERACIONAIS\FERTILIZANTES\MILHO\Fertilizantes Campo 202.pdf
2026-09-23 12:01:57 | INFO     | 01_DADOS_OPERACIONAIS\FERTILIZANTES\MILHO\Fertilizantes Campo 202.pdf | inicio de extracao
2026-09-23 12:01:57 | INFO     | 01_DADOS_OPERACIONAIS\FERTILIZANTES\MILHO\Fertilizantes Campo 202.pdf | origem=texto itens=117
2026-09-23 12:01:57 | WARNING  | 01_DADOS_OPERACIONAIS\FERTILIZANTES\MILHO\Fertilizantes Campo 202.pdf | chave de acesso (44 digitos) NAO encontrada
2026-09-23 12:01:57 | ERROR    | pipeline | 01_DADOS_OPERACIONAIS\FERTILIZANTES\MILHO\Fertilizantes Campo 202.pdf | NAO processado -> nao foi encontrada a chave de acesso (44 digitos)
2026-09-23 12:01:57 | INFO     | pipeline | [132/226] processando 01_DADOS_OPERACIONAIS\FERTILIZANTES\MILHO\Fertilizantes Campo 205.pdf
2026-09-23 12:01:57 | INFO     | 01_DADOS_OPERACIONAIS\FERTILIZANTES\MILHO\Fertilizantes Campo 205.pdf | inicio de extracao
2026-09-23 12:01:57 | INFO     | 01_DADOS_OPERACIONAIS\FERTILIZANTES\MILHO\Fertilizantes Campo 205.pdf | origem=texto itens=117
2026-09-23 12:01:57 | WARNING  | 01_DADOS_OPERACIONAIS\FERTILIZANTES\MILHO\Fertilizantes Campo 205.pdf | chave de acesso (44 digitos) NAO encontrada
2026-09-23 12:01:57 | ERROR    | pipeline | 01_DADOS_OPERACIONAIS\FERTILIZANTES\MILHO\Fertilizantes Campo 205.pdf | NAO processado -> nao foi encontrada a chave de acesso (44 digitos)
2026-09-23 12:01:57 | INFO     | pipeline | [133/226] processando 01_DADOS_OPERACIONAIS\FERTILIZANTES\MILHO\Fertilizantes Campo 206.pdf
2026-09-23 12:01:57 | INFO     | 01_DADOS_OPERACIONAIS\FERTILIZANTES\MILHO\Fertilizantes Campo 206.pdf | inicio de extracao
2026-09-23 12:01:57 | INFO     | 01_DADOS_OPERACIONAIS\FERTILIZANTES\MILHO\Fertilizantes Campo 206.pdf | origem=texto itens=117
2026-09-23 12:01:57 | WARNING  | 01_DADOS_OPERACIONAIS\FERTILIZANTES\MILHO\Fertilizantes Campo 206.pdf | chave de acesso (44 digitos) NAO encontrada
2026-09-23 12:01:57 | ERROR    | pipeline | 01_DADOS_OPERACIONAIS\FERTILIZANTES\MILHO\Fertilizantes Campo 206.pdf | NAO processado -> nao foi encontrada a chave de acesso (44 digitos)
2026-09-23 12:01:57 | INFO     | pipeline | [134/226] processando 01_DADOS_OPERACIONAIS\FERTILIZANTES\MILHO\Fertilizantes Campo 207.pdf
2026-09-23 12:01:57 | INFO     | 01_DADOS_OPERACIONAIS\FERTILIZANTES\MILHO\Fertilizantes Campo 207.pdf | inicio de extracao
2026-09-23 12:01:57 | INFO     | 01_DADOS_OPERACIONAIS\FERTILIZANTES\MILHO\Fertilizantes Campo 207.pdf | origem=texto itens=117
2026-09-23 12:01:57 | WARNING  | 01_DADOS_OPERACIONAIS\FERTILIZANTES\MILHO\Fertilizantes Campo 207.pdf | chave de acesso (44 digitos) NAO encontrada
2026-09-23 12:01:57 | ERROR    | pipeline | 01_DADOS_OPERACIONAIS\FERTILIZANTES\MILHO\Fertilizantes Campo 207.pdf | NAO processado -> nao foi encontrada a chave de acesso (44 digitos)
2026-09-23 12:01:57 | INFO     | pipeline | [135/226] processando 01_DADOS_OPERACIONAIS\FERTILIZANTES\MILHO\Fertilizantes Campo 208.pdf
2026-09-23 12:01:57 | INFO     | 01_DADOS_OPERACIONAIS\FERTILIZANTES\MILHO\Fertilizantes Campo 208.pdf | inicio de extracao
2026-09-23 12:01:57 | INFO     | 01_DADOS_OPERACIONAIS\FERTILIZANTES\MILHO\Fertilizantes Campo 208.pdf | origem=texto itens=117
2026-09-23 12:01:57 | WARNING  | 01_DADOS_OPERACIONAIS\FERTILIZANTES\MILHO\Fertilizantes Campo 208.pdf | chave de acesso (44 digitos) NAO encontrada
2026-09-23 12:01:57 | ERROR    | pipeline | 01_DADOS_OPERACIONAIS\FERTILIZANTES\MILHO\Fertilizantes Campo 208.pdf | NAO processado -> nao foi encontrada a chave de acesso (44 digitos)
2026-09-23 12:01:57 | INFO     | pipeline | [136/226] processando 01_DADOS_OPERACIONAIS\FERTILIZANTES\MILHO\Fertilizantes Campo 212.pdf
2026-09-23 12:01:57 | INFO     | 01_DADOS_OPERACIONAIS\FERTILIZANTES\MILHO\Fertilizantes Campo 212.pdf | inicio de extracao
2026-09-23 12:01:57 | INFO     | 01_DADOS_OPERACIONAIS\FERTILIZANTES\MILHO\Fertilizantes Campo 212.pdf | origem=texto itens=126
2026-09-23 12:01:57 | WARNING  | 01_DADOS_OPERACIONAIS\FERTILIZANTES\MILHO\Fertilizantes Campo 212.pdf | chave de acesso (44 digitos) NAO encontrada
2026-09-23 12:01:57 | ERROR    | pipeline | 01_DADOS_OPERACIONAIS\FERTILIZANTES\MILHO\Fertilizantes Campo 212.pdf | NAO processado -> nao foi encontrada a chave de acesso (44 digitos)
2026-09-23 12:01:57 | INFO     | pipeline | [137/226] processando 01_DADOS_OPERACIONAIS\FERTILIZANTES\MILHO\Fertilizantes Campo 301.pdf
2026-09-23 12:01:57 | INFO     | 01_DADOS_OPERACIONAIS\FERTILIZANTES\MILHO\Fertilizantes Campo 301.pdf | inicio de extracao
2026-09-23 12:01:57 | INFO     | 01_DADOS_OPERACIONAIS\FERTILIZANTES\MILHO\Fertilizantes Campo 301.pdf | origem=texto itens=126
2026-09-23 12:01:57 | WARNING  | 01_DADOS_OPERACIONAIS\FERTILIZANTES\MILHO\Fertilizantes Campo 301.pdf | chave de acesso (44 digitos) NAO encontrada
2026-09-23 12:01:57 | ERROR    | pipeline | 01_DADOS_OPERACIONAIS\FERTILIZANTES\MILHO\Fertilizantes Campo 301.pdf | NAO processado -> nao foi encontrada a chave de acesso (44 digitos)
2026-09-23 12:01:57 | INFO     | pipeline | [138/226] processando 01_DADOS_OPERACIONAIS\FERTILIZANTES\MILHO\Fertilizantes Campo 303.pdf
2026-09-23 12:01:57 | INFO     | 01_DADOS_OPERACIONAIS\FERTILIZANTES\MILHO\Fertilizantes Campo 303.pdf | inicio de extracao
2026-09-23 12:01:57 | INFO     | 01_DADOS_OPERACIONAIS\FERTILIZANTES\MILHO\Fertilizantes Campo 303.pdf | origem=texto itens=126
2026-09-23 12:01:57 | WARNING  | 01_DADOS_OPERACIONAIS\FERTILIZANTES\MILHO\Fertilizantes Campo 303.pdf | chave de acesso (44 digitos) NAO encontrada
2026-09-23 12:01:57 | ERROR    | pipeline | 01_DADOS_OPERACIONAIS\FERTILIZANTES\MILHO\Fertilizantes Campo 303.pdf | NAO processado -> nao foi encontrada a chave de acesso (44 digitos)
2026-09-23 12:01:57 | INFO     | pipeline | [139/226] processando 01_DADOS_OPERACIONAIS\FERTILIZANTES\MILHO\Fertilizantes Campo 304.pdf
2026-09-23 12:01:57 | INFO     | 01_DADOS_OPERACIONAIS\FERTILIZANTES\MILHO\Fertilizantes Campo 304.pdf | inicio de extracao
2026-09-23 12:01:57 | INFO     | 01_DADOS_OPERACIONAIS\FERTILIZANTES\MILHO\Fertilizantes Campo 304.pdf | origem=texto itens=126
2026-09-23 12:01:57 | WARNING  | 01_DADOS_OPERACIONAIS\FERTILIZANTES\MILHO\Fertilizantes Campo 304.pdf | chave de acesso (44 digitos) NAO encontrada
2026-09-23 12:01:57 | ERROR    | pipeline | 01_DADOS_OPERACIONAIS\FERTILIZANTES\MILHO\Fertilizantes Campo 304.pdf | NAO processado -> nao foi encontrada a chave de acesso (44 digitos)
2026-09-23 12:01:57 | INFO     | pipeline | [140/226] processando 01_DADOS_OPERACIONAIS\FERTILIZANTES\MILHO\Fertilizantes Campo 306.pdf
2026-09-23 12:01:57 | INFO     | 01_DADOS_OPERACIONAIS\FERTILIZANTES\MILHO\Fertilizantes Campo 306.pdf | inicio de extracao
2026-09-23 12:01:57 | INFO     | 01_DADOS_OPERACIONAIS\FERTILIZANTES\MILHO\Fertilizantes Campo 306.pdf | origem=texto itens=118
2026-09-23 12:01:57 | WARNING  | 01_DADOS_OPERACIONAIS\FERTILIZANTES\MILHO\Fertilizantes Campo 306.pdf | chave de acesso (44 digitos) NAO encontrada
2026-09-23 12:01:57 | ERROR    | pipeline | 01_DADOS_OPERACIONAIS\FERTILIZANTES\MILHO\Fertilizantes Campo 306.pdf | NAO processado -> nao foi encontrada a chave de acesso (44 digitos)
2026-09-23 12:01:57 | INFO     | pipeline | [141/226] processando 01_DADOS_OPERACIONAIS\FERTILIZANTES\MILHO\Fertilizantes Campo 501.pdf
2026-09-23 12:01:57 | INFO     | 01_DADOS_OPERACIONAIS\FERTILIZANTES\MILHO\Fertilizantes Campo 501.pdf | inicio de extracao
2026-09-23 12:01:57 | INFO     | 01_DADOS_OPERACIONAIS\FERTILIZANTES\MILHO\Fertilizantes Campo 501.pdf | origem=texto itens=98
2026-09-23 12:01:57 | WARNING  | 01_DADOS_OPERACIONAIS\FERTILIZANTES\MILHO\Fertilizantes Campo 501.pdf | chave de acesso (44 digitos) NAO encontrada
2026-09-23 12:01:57 | ERROR    | pipeline | 01_DADOS_OPERACIONAIS\FERTILIZANTES\MILHO\Fertilizantes Campo 501.pdf | NAO processado -> nao foi encontrada a chave de acesso (44 digitos)
2026-09-23 12:01:57 | INFO     | pipeline | [142/226] processando 01_DADOS_OPERACIONAIS\FERTILIZANTES\MILHO\Fertilizantes Campo 502.pdf
2026-09-23 12:01:57 | INFO     | 01_DADOS_OPERACIONAIS\FERTILIZANTES\MILHO\Fertilizantes Campo 502.pdf | inicio de extracao
2026-09-23 12:01:57 | INFO     | 01_DADOS_OPERACIONAIS\FERTILIZANTES\MILHO\Fertilizantes Campo 502.pdf | origem=texto itens=98
2026-09-23 12:01:57 | WARNING  | 01_DADOS_OPERACIONAIS\FERTILIZANTES\MILHO\Fertilizantes Campo 502.pdf | chave de acesso (44 digitos) NAO encontrada
2026-09-23 12:01:57 | ERROR    | pipeline | 01_DADOS_OPERACIONAIS\FERTILIZANTES\MILHO\Fertilizantes Campo 502.pdf | NAO processado -> nao foi encontrada a chave de acesso (44 digitos)
2026-09-23 12:01:57 | INFO     | pipeline | [143/226] processando 01_DADOS_OPERACIONAIS\FERTILIZANTES\MILHO\Fertilizantes Campo 503.pdf
2026-09-23 12:01:57 | INFO     | 01_DADOS_OPERACIONAIS\FERTILIZANTES\MILHO\Fertilizantes Campo 503.pdf | inicio de extracao
2026-09-23 12:01:57 | INFO     | 01_DADOS_OPERACIONAIS\FERTILIZANTES\MILHO\Fertilizantes Campo 503.pdf | origem=texto itens=98
2026-09-23 12:01:57 | WARNING  | 01_DADOS_OPERACIONAIS\FERTILIZANTES\MILHO\Fertilizantes Campo 503.pdf | chave de acesso (44 digitos) NAO encontrada
2026-09-23 12:01:57 | ERROR    | pipeline | 01_DADOS_OPERACIONAIS\FERTILIZANTES\MILHO\Fertilizantes Campo 503.pdf | NAO processado -> nao foi encontrada a chave de acesso (44 digitos)
2026-09-23 12:01:57 | INFO     | pipeline | [144/226] processando 01_DADOS_OPERACIONAIS\FERTILIZANTES\MILHO\Fertilizantes Campo 504.pdf
2026-09-23 12:01:57 | INFO     | 01_DADOS_OPERACIONAIS\FERTILIZANTES\MILHO\Fertilizantes Campo 504.pdf | inicio de extracao
2026-09-23 12:01:57 | INFO     | 01_DADOS_OPERACIONAIS\FERTILIZANTES\MILHO\Fertilizantes Campo 504.pdf | origem=texto itens=98
2026-09-23 12:01:57 | WARNING  | 01_DADOS_OPERACIONAIS\FERTILIZANTES\MILHO\Fertilizantes Campo 504.pdf | chave de acesso (44 digitos) NAO encontrada
2026-09-23 12:01:57 | ERROR    | pipeline | 01_DADOS_OPERACIONAIS\FERTILIZANTES\MILHO\Fertilizantes Campo 504.pdf | NAO processado -> nao foi encontrada a chave de acesso (44 digitos)
2026-09-23 12:01:57 | INFO     | pipeline | [145/226] processando 01_DADOS_OPERACIONAIS\FERTILIZANTES\MILHO\Fertilizantes Campo 506.pdf
2026-09-23 12:01:57 | INFO     | 01_DADOS_OPERACIONAIS\FERTILIZANTES\MILHO\Fertilizantes Campo 506.pdf | inicio de extracao
2026-09-23 12:01:57 | INFO     | 01_DADOS_OPERACIONAIS\FERTILIZANTES\MILHO\Fertilizantes Campo 506.pdf | origem=texto itens=98
2026-09-23 12:01:57 | WARNING  | 01_DADOS_OPERACIONAIS\FERTILIZANTES\MILHO\Fertilizantes Campo 506.pdf | chave de acesso (44 digitos) NAO encontrada
2026-09-23 12:01:57 | ERROR    | pipeline | 01_DADOS_OPERACIONAIS\FERTILIZANTES\MILHO\Fertilizantes Campo 506.pdf | NAO processado -> nao foi encontrada a chave de acesso (44 digitos)
2026-09-23 12:01:57 | INFO     | pipeline | [146/226] processando 01_DADOS_OPERACIONAIS\FERTILIZANTES\MILHO\Fertilizantes Campo 507.pdf
2026-09-23 12:01:57 | INFO     | 01_DADOS_OPERACIONAIS\FERTILIZANTES\MILHO\Fertilizantes Campo 507.pdf | inicio de extracao
2026-09-23 12:01:57 | INFO     | 01_DADOS_OPERACIONAIS\FERTILIZANTES\MILHO\Fertilizantes Campo 507.pdf | origem=texto itens=108
2026-09-23 12:01:57 | WARNING  | 01_DADOS_OPERACIONAIS\FERTILIZANTES\MILHO\Fertilizantes Campo 507.pdf | chave de acesso (44 digitos) NAO encontrada
2026-09-23 12:01:57 | ERROR    | pipeline | 01_DADOS_OPERACIONAIS\FERTILIZANTES\MILHO\Fertilizantes Campo 507.pdf | NAO processado -> nao foi encontrada a chave de acesso (44 digitos)
2026-09-23 12:01:57 | INFO     | pipeline | [147/226] processando 01_DADOS_OPERACIONAIS\FERTILIZANTES\MILHO\Fertilizantes Campo 508.pdf
2026-09-23 12:01:57 | INFO     | 01_DADOS_OPERACIONAIS\FERTILIZANTES\MILHO\Fertilizantes Campo 508.pdf | inicio de extracao
2026-09-23 12:01:57 | INFO     | 01_DADOS_OPERACIONAIS\FERTILIZANTES\MILHO\Fertilizantes Campo 508.pdf | origem=texto itens=98
2026-09-23 12:01:57 | WARNING  | 01_DADOS_OPERACIONAIS\FERTILIZANTES\MILHO\Fertilizantes Campo 508.pdf | chave de acesso (44 digitos) NAO encontrada
2026-09-23 12:01:57 | ERROR    | pipeline | 01_DADOS_OPERACIONAIS\FERTILIZANTES\MILHO\Fertilizantes Campo 508.pdf | NAO processado -> nao foi encontrada a chave de acesso (44 digitos)
2026-09-23 12:01:57 | INFO     | pipeline | [148/226] processando 01_DADOS_OPERACIONAIS\FERTILIZANTES\MILHO\Fertilizantes Campo Pivo 01.pdf
2026-09-23 12:01:57 | INFO     | 01_DADOS_OPERACIONAIS\FERTILIZANTES\MILHO\Fertilizantes Campo Pivo 01.pdf | inicio de extracao
2026-09-23 12:01:57 | INFO     | 01_DADOS_OPERACIONAIS\FERTILIZANTES\MILHO\Fertilizantes Campo Pivo 01.pdf | origem=texto itens=88
2026-09-23 12:01:57 | WARNING  | 01_DADOS_OPERACIONAIS\FERTILIZANTES\MILHO\Fertilizantes Campo Pivo 01.pdf | chave de acesso (44 digitos) NAO encontrada
2026-09-23 12:01:57 | ERROR    | pipeline | 01_DADOS_OPERACIONAIS\FERTILIZANTES\MILHO\Fertilizantes Campo Pivo 01.pdf | NAO processado -> nao foi encontrada a chave de acesso (44 digitos)
2026-09-23 12:01:57 | INFO     | pipeline | [149/226] processando 01_DADOS_OPERACIONAIS\PRODUTIVIDADE\Faz.AG Algodao Safra 23-23 Produtividade.pdf
2026-09-23 12:01:57 | INFO     | 01_DADOS_OPERACIONAIS\PRODUTIVIDADE\Faz.AG Algodao Safra 23-23 Produtividade.pdf | inicio de extracao
2026-09-23 12:01:57 | INFO     | 01_DADOS_OPERACIONAIS\PRODUTIVIDADE\Faz.AG Algodao Safra 23-23 Produtividade.pdf | origem=texto itens=272
2026-09-23 12:01:57 | INFO     | 01_DADOS_OPERACIONAIS\PRODUTIVIDADE\Faz.AG Algodao Safra 23-23 Produtividade.pdf | chave=31368006800354213621460000000000000000000000 DV_valido=True
2026-09-23 12:01:57 | DEBUG    | campos: rotulo 'DADOS DO PRODUTO' nao encontrado
2026-09-23 12:01:57 | DEBUG    | campos: rotulo 'DADOS ADICIONAIS' nao encontrado
2026-09-23 12:01:57 | WARNING  | produtos: regiao de produtos invalida (e1=False e2=False ini_y=None fin_y=None)
2026-09-23 12:01:57 | WARNING  | 01_DADOS_OPERACIONAIS\PRODUTIVIDADE\Faz.AG Algodao Safra 23-23 Produtividade.pdf | extracao PARCIAL -> campos nucleares ausentes: numero_nota, data_emissao, valor_da_nota, serie, emitente.razao_social, emitente.cnpj_cpf, destinatario.nome, destinatario.cnpj_cpf
2026-09-23 12:01:57 | INFO     | 01_DADOS_OPERACIONAIS\PRODUTIVIDADE\Faz.AG Algodao Safra 23-23 Produtividade.pdf | produtos=0 status=parcial
2026-09-23 12:01:57 | INFO     | pipeline | 01_DADOS_OPERACIONAIS\PRODUTIVIDADE\Faz.AG Algodao Safra 23-23 Produtividade.pdf | chave 31368006800354213621460000000000000000000000 ATUALIZADA
2026-09-23 12:01:57 | INFO     | pipeline | [150/226] processando 01_DADOS_OPERACIONAIS\PRODUTIVIDADE\Faz.AG Milho Safra 23-23 Produtividade.pdf
2026-09-23 12:01:57 | INFO     | 01_DADOS_OPERACIONAIS\PRODUTIVIDADE\Faz.AG Milho Safra 23-23 Produtividade.pdf | inicio de extracao
2026-09-23 12:01:57 | INFO     | 01_DADOS_OPERACIONAIS\PRODUTIVIDADE\Faz.AG Milho Safra 23-23 Produtividade.pdf | origem=texto itens=428
2026-09-23 12:01:57 | INFO     | 01_DADOS_OPERACIONAIS\PRODUTIVIDADE\Faz.AG Milho Safra 23-23 Produtividade.pdf | chave=00176384567114231719181661136000000000000000 DV_valido=True
2026-09-23 12:01:57 | DEBUG    | campos: rotulo 'DADOS DO PRODUTO' nao encontrado
2026-09-23 12:01:57 | DEBUG    | campos: rotulo 'DADOS ADICIONAIS' nao encontrado
2026-09-23 12:01:57 | WARNING  | produtos: regiao de produtos invalida (e1=False e2=False ini_y=None fin_y=None)
2026-09-23 12:01:57 | WARNING  | 01_DADOS_OPERACIONAIS\PRODUTIVIDADE\Faz.AG Milho Safra 23-23 Produtividade.pdf | extracao PARCIAL -> campos nucleares ausentes: numero_nota, data_emissao, valor_da_nota, serie, emitente.razao_social, emitente.cnpj_cpf, destinatario.nome, destinatario.cnpj_cpf
2026-09-23 12:01:57 | INFO     | 01_DADOS_OPERACIONAIS\PRODUTIVIDADE\Faz.AG Milho Safra 23-23 Produtividade.pdf | produtos=0 status=parcial
2026-09-23 12:01:57 | INFO     | pipeline | 01_DADOS_OPERACIONAIS\PRODUTIVIDADE\Faz.AG Milho Safra 23-23 Produtividade.pdf | chave 00176384567114231719181661136000000000000000 ATUALIZADA
2026-09-23 12:01:57 | INFO     | pipeline | [151/226] processando 01_DADOS_OPERACIONAIS\PRODUTIVIDADE\Faz.AG Soja Safra 22-23 Produtividade.pdf
2026-09-23 12:01:57 | INFO     | 01_DADOS_OPERACIONAIS\PRODUTIVIDADE\Faz.AG Soja Safra 22-23 Produtividade.pdf | inicio de extracao
2026-09-23 12:01:57 | INFO     | 01_DADOS_OPERACIONAIS\PRODUTIVIDADE\Faz.AG Soja Safra 22-23 Produtividade.pdf | origem=texto itens=565
2026-09-23 12:01:57 | INFO     | 01_DADOS_OPERACIONAIS\PRODUTIVIDADE\Faz.AG Soja Safra 22-23 Produtividade.pdf | chave=39003900858620983880741621848140000000000000 DV_valido=True
2026-09-23 12:01:57 | DEBUG    | campos: rotulo 'DADOS DO PRODUTO' nao encontrado
2026-09-23 12:01:57 | DEBUG    | campos: rotulo 'DADOS ADICIONAIS' nao encontrado
2026-09-23 12:01:57 | WARNING  | produtos: regiao de produtos invalida (e1=False e2=False ini_y=None fin_y=None)
2026-09-23 12:01:57 | WARNING  | 01_DADOS_OPERACIONAIS\PRODUTIVIDADE\Faz.AG Soja Safra 22-23 Produtividade.pdf | extracao PARCIAL -> campos nucleares ausentes: numero_nota, data_emissao, valor_da_nota, serie, emitente.razao_social, emitente.cnpj_cpf, destinatario.nome, destinatario.cnpj_cpf
2026-09-23 12:01:57 | INFO     | 01_DADOS_OPERACIONAIS\PRODUTIVIDADE\Faz.AG Soja Safra 22-23 Produtividade.pdf | produtos=0 status=parcial
2026-09-23 12:01:57 | INFO     | pipeline | 01_DADOS_OPERACIONAIS\PRODUTIVIDADE\Faz.AG Soja Safra 22-23 Produtividade.pdf | chave 39003900858620983880741621848140000000000000 ATUALIZADA
2026-09-23 12:01:57 | INFO     | pipeline | [152/226] processando 01_DADOS_OPERACIONAIS\PRODUTIVIDADE\Faz.Arizona Algodao Safra 23-23 Produtividade.pdf
2026-09-23 12:01:57 | INFO     | 01_DADOS_OPERACIONAIS\PRODUTIVIDADE\Faz.Arizona Algodao Safra 23-23 Produtividade.pdf | inicio de extracao
2026-09-23 12:01:57 | INFO     | 01_DADOS_OPERACIONAIS\PRODUTIVIDADE\Faz.Arizona Algodao Safra 23-23 Produtividade.pdf | origem=texto itens=260
2026-09-23 12:01:57 | INFO     | 01_DADOS_OPERACIONAIS\PRODUTIVIDADE\Faz.Arizona Algodao Safra 23-23 Produtividade.pdf | chave=02442750075002926433003000000000000000000000 DV_valido=True
2026-09-23 12:01:57 | DEBUG    | campos: rotulo 'DADOS DO PRODUTO' nao encontrado
2026-09-23 12:01:57 | DEBUG    | campos: rotulo 'DADOS ADICIONAIS' nao encontrado
2026-09-23 12:01:57 | WARNING  | produtos: regiao de produtos invalida (e1=False e2=False ini_y=None fin_y=None)
2026-09-23 12:01:57 | WARNING  | 01_DADOS_OPERACIONAIS\PRODUTIVIDADE\Faz.Arizona Algodao Safra 23-23 Produtividade.pdf | extracao PARCIAL -> campos nucleares ausentes: numero_nota, data_emissao, valor_da_nota, serie, emitente.razao_social, emitente.cnpj_cpf, destinatario.nome, destinatario.cnpj_cpf
2026-09-23 12:01:57 | INFO     | 01_DADOS_OPERACIONAIS\PRODUTIVIDADE\Faz.Arizona Algodao Safra 23-23 Produtividade.pdf | produtos=0 status=parcial
2026-09-23 12:01:57 | INFO     | pipeline | 01_DADOS_OPERACIONAIS\PRODUTIVIDADE\Faz.Arizona Algodao Safra 23-23 Produtividade.pdf | chave 02442750075002926433003000000000000000000000 ATUALIZADA
2026-09-23 12:01:57 | INFO     | pipeline | [153/226] processando 01_DADOS_OPERACIONAIS\PRODUTIVIDADE\Faz.Arizona Milho Safra 23-23 Produtividade.pdf
2026-09-23 12:01:57 | INFO     | 01_DADOS_OPERACIONAIS\PRODUTIVIDADE\Faz.Arizona Milho Safra 23-23 Produtividade.pdf | inicio de extracao
2026-09-23 12:01:57 | INFO     | 01_DADOS_OPERACIONAIS\PRODUTIVIDADE\Faz.Arizona Milho Safra 23-23 Produtividade.pdf | origem=texto itens=301
2026-09-23 12:01:57 | INFO     | 01_DADOS_OPERACIONAIS\PRODUTIVIDADE\Faz.Arizona Milho Safra 23-23 Produtividade.pdf | chave=27338503850141113744604708821181397137000000 DV_valido=True
2026-09-23 12:01:57 | DEBUG    | campos: rotulo 'DADOS DO PRODUTO' nao encontrado
2026-09-23 12:01:57 | DEBUG    | campos: rotulo 'DADOS ADICIONAIS' nao encontrado
2026-09-23 12:01:57 | WARNING  | produtos: regiao de produtos invalida (e1=False e2=False ini_y=None fin_y=None)
2026-09-23 12:01:57 | WARNING  | 01_DADOS_OPERACIONAIS\PRODUTIVIDADE\Faz.Arizona Milho Safra 23-23 Produtividade.pdf | extracao PARCIAL -> campos nucleares ausentes: numero_nota, data_emissao, valor_da_nota, serie, emitente.razao_social, emitente.cnpj_cpf, destinatario.nome, destinatario.cnpj_cpf
2026-09-23 12:01:57 | INFO     | 01_DADOS_OPERACIONAIS\PRODUTIVIDADE\Faz.Arizona Milho Safra 23-23 Produtividade.pdf | produtos=0 status=parcial
2026-09-23 12:01:57 | INFO     | pipeline | 01_DADOS_OPERACIONAIS\PRODUTIVIDADE\Faz.Arizona Milho Safra 23-23 Produtividade.pdf | chave 27338503850141113744604708821181397137000000 ATUALIZADA
2026-09-23 12:01:57 | INFO     | pipeline | [154/226] processando 01_DADOS_OPERACIONAIS\PRODUTIVIDADE\Faz.Arizona Soja Safra 22-23 Produtividade.pdf
2026-09-23 12:01:57 | INFO     | 01_DADOS_OPERACIONAIS\PRODUTIVIDADE\Faz.Arizona Soja Safra 22-23 Produtividade.pdf | inicio de extracao
2026-09-23 12:01:57 | INFO     | 01_DADOS_OPERACIONAIS\PRODUTIVIDADE\Faz.Arizona Soja Safra 22-23 Produtividade.pdf | origem=texto itens=489
2026-09-23 12:01:57 | INFO     | 01_DADOS_OPERACIONAIS\PRODUTIVIDADE\Faz.Arizona Soja Safra 22-23 Produtividade.pdf | chave=01676885008500793742666619410167124901500000 DV_valido=True
2026-09-23 12:01:57 | DEBUG    | campos: rotulo 'DADOS DO PRODUTO' nao encontrado
2026-09-23 12:01:57 | DEBUG    | campos: rotulo 'DADOS ADICIONAIS' nao encontrado
2026-09-23 12:01:57 | WARNING  | produtos: regiao de produtos invalida (e1=False e2=False ini_y=None fin_y=None)
2026-09-23 12:01:57 | WARNING  | 01_DADOS_OPERACIONAIS\PRODUTIVIDADE\Faz.Arizona Soja Safra 22-23 Produtividade.pdf | extracao PARCIAL -> campos nucleares ausentes: numero_nota, data_emissao, valor_da_nota, serie, emitente.razao_social, emitente.cnpj_cpf, destinatario.nome, destinatario.cnpj_cpf
2026-09-23 12:01:57 | INFO     | 01_DADOS_OPERACIONAIS\PRODUTIVIDADE\Faz.Arizona Soja Safra 22-23 Produtividade.pdf | produtos=0 status=parcial
2026-09-23 12:01:57 | INFO     | pipeline | 01_DADOS_OPERACIONAIS\PRODUTIVIDADE\Faz.Arizona Soja Safra 22-23 Produtividade.pdf | chave 01676885008500793742666619410167124901500000 ATUALIZADA
2026-09-23 12:01:57 | INFO     | pipeline | [155/226] processando 01_DADOS_OPERACIONAIS\PRODUTIVIDADE\Faz.Tropical Milho Safra 23-23 Produtividade.pdf
2026-09-23 12:01:57 | INFO     | 01_DADOS_OPERACIONAIS\PRODUTIVIDADE\Faz.Tropical Milho Safra 23-23 Produtividade.pdf | inicio de extracao
2026-09-23 12:01:57 | INFO     | 01_DADOS_OPERACIONAIS\PRODUTIVIDADE\Faz.Tropical Milho Safra 23-23 Produtividade.pdf | origem=texto itens=587
2026-09-23 12:01:57 | INFO     | 01_DADOS_OPERACIONAIS\PRODUTIVIDADE\Faz.Tropical Milho Safra 23-23 Produtividade.pdf | chave=02385810700107001617711216907863417984521140 DV_valido=True
2026-09-23 12:01:57 | DEBUG    | campos: rotulo 'DADOS DO PRODUTO' nao encontrado
2026-09-23 12:01:57 | DEBUG    | campos: rotulo 'DADOS ADICIONAIS' nao encontrado
2026-09-23 12:01:57 | WARNING  | produtos: regiao de produtos invalida (e1=False e2=False ini_y=None fin_y=None)
2026-09-23 12:01:57 | WARNING  | 01_DADOS_OPERACIONAIS\PRODUTIVIDADE\Faz.Tropical Milho Safra 23-23 Produtividade.pdf | extracao PARCIAL -> campos nucleares ausentes: numero_nota, data_emissao, valor_da_nota, serie, emitente.razao_social, emitente.cnpj_cpf, destinatario.nome, destinatario.cnpj_cpf
2026-09-23 12:01:57 | INFO     | 01_DADOS_OPERACIONAIS\PRODUTIVIDADE\Faz.Tropical Milho Safra 23-23 Produtividade.pdf | produtos=0 status=parcial
2026-09-23 12:01:57 | INFO     | pipeline | 01_DADOS_OPERACIONAIS\PRODUTIVIDADE\Faz.Tropical Milho Safra 23-23 Produtividade.pdf | chave 02385810700107001617711216907863417984521140 ATUALIZADA
2026-09-23 12:01:57 | INFO     | pipeline | [156/226] processando 01_DADOS_OPERACIONAIS\PRODUTIVIDADE\Faz.Tropical Soja Safra 22-23 Produtividade.pdf
2026-09-23 12:01:57 | INFO     | 01_DADOS_OPERACIONAIS\PRODUTIVIDADE\Faz.Tropical Soja Safra 22-23 Produtividade.pdf | inicio de extracao
2026-09-23 12:01:57 | INFO     | 01_DADOS_OPERACIONAIS\PRODUTIVIDADE\Faz.Tropical Soja Safra 22-23 Produtividade.pdf | origem=texto itens=390
2026-09-23 12:01:57 | INFO     | 01_DADOS_OPERACIONAIS\PRODUTIVIDADE\Faz.Tropical Soja Safra 22-23 Produtividade.pdf | chave=23721090010900721047654030261375195614000000 DV_valido=True
2026-09-23 12:01:57 | DEBUG    | campos: rotulo 'DADOS DO PRODUTO' nao encontrado
2026-09-23 12:01:57 | DEBUG    | campos: rotulo 'DADOS ADICIONAIS' nao encontrado
2026-09-23 12:01:57 | WARNING  | produtos: regiao de produtos invalida (e1=False e2=False ini_y=None fin_y=None)
2026-09-23 12:01:57 | WARNING  | 01_DADOS_OPERACIONAIS\PRODUTIVIDADE\Faz.Tropical Soja Safra 22-23 Produtividade.pdf | extracao PARCIAL -> campos nucleares ausentes: numero_nota, data_emissao, valor_da_nota, serie, emitente.razao_social, emitente.cnpj_cpf, destinatario.nome, destinatario.cnpj_cpf
2026-09-23 12:01:57 | INFO     | 01_DADOS_OPERACIONAIS\PRODUTIVIDADE\Faz.Tropical Soja Safra 22-23 Produtividade.pdf | produtos=0 status=parcial
2026-09-23 12:01:57 | INFO     | pipeline | 01_DADOS_OPERACIONAIS\PRODUTIVIDADE\Faz.Tropical Soja Safra 22-23 Produtividade.pdf | chave 23721090010900721047654030261375195614000000 ATUALIZADA
2026-09-23 12:01:57 | INFO     | pipeline | [157/226] processando 03_NOTAS_FISCAIS\NF_ENERGIA\Faz tropical extrato.pdf
2026-09-23 12:01:57 | INFO     | 03_NOTAS_FISCAIS\NF_ENERGIA\Faz tropical extrato.pdf | inicio de extracao
2026-09-23 12:01:57 | INFO     | 03_NOTAS_FISCAIS\NF_ENERGIA\Faz tropical extrato.pdf | origem=texto itens=146
2026-09-23 12:01:57 | WARNING  | 03_NOTAS_FISCAIS\NF_ENERGIA\Faz tropical extrato.pdf | chave de acesso (44 digitos) NAO encontrada
2026-09-23 12:01:57 | ERROR    | pipeline | 03_NOTAS_FISCAIS\NF_ENERGIA\Faz tropical extrato.pdf | NAO processado -> nao foi encontrada a chave de acesso (44 digitos)
2026-09-23 12:01:57 | INFO     | pipeline | [158/226] processando 03_NOTAS_FISCAIS\NF_ENERGIA\Faz. Ag extrato.pdf
2026-09-23 12:01:57 | INFO     | 03_NOTAS_FISCAIS\NF_ENERGIA\Faz. Ag extrato.pdf | inicio de extracao
2026-09-23 12:01:57 | INFO     | 03_NOTAS_FISCAIS\NF_ENERGIA\Faz. Ag extrato.pdf | origem=texto itens=148
2026-09-23 12:01:57 | WARNING  | 03_NOTAS_FISCAIS\NF_ENERGIA\Faz. Ag extrato.pdf | chave de acesso (44 digitos) NAO encontrada
2026-09-23 12:01:57 | ERROR    | pipeline | 03_NOTAS_FISCAIS\NF_ENERGIA\Faz. Ag extrato.pdf | NAO processado -> nao foi encontrada a chave de acesso (44 digitos)
2026-09-23 12:01:57 | INFO     | pipeline | [159/226] processando 03_NOTAS_FISCAIS\NF_ENERGIA\Faz. Antares extrato.pdf
2026-09-23 12:01:57 | INFO     | 03_NOTAS_FISCAIS\NF_ENERGIA\Faz. Antares extrato.pdf | inicio de extracao
2026-09-23 12:01:57 | INFO     | 03_NOTAS_FISCAIS\NF_ENERGIA\Faz. Antares extrato.pdf | origem=texto itens=150
2026-09-23 12:01:57 | WARNING  | 03_NOTAS_FISCAIS\NF_ENERGIA\Faz. Antares extrato.pdf | chave de acesso (44 digitos) NAO encontrada
2026-09-23 12:01:57 | ERROR    | pipeline | 03_NOTAS_FISCAIS\NF_ENERGIA\Faz. Antares extrato.pdf | NAO processado -> nao foi encontrada a chave de acesso (44 digitos)
2026-09-23 12:01:57 | INFO     | pipeline | [160/226] processando 03_NOTAS_FISCAIS\NF_ENERGIA\Faz. Arizona extrato.pdf
2026-09-23 12:01:57 | INFO     | 03_NOTAS_FISCAIS\NF_ENERGIA\Faz. Arizona extrato.pdf | inicio de extracao
2026-09-23 12:01:57 | INFO     | 03_NOTAS_FISCAIS\NF_ENERGIA\Faz. Arizona extrato.pdf | origem=texto itens=148
2026-09-23 12:01:57 | WARNING  | 03_NOTAS_FISCAIS\NF_ENERGIA\Faz. Arizona extrato.pdf | chave de acesso (44 digitos) NAO encontrada
2026-09-23 12:01:57 | ERROR    | pipeline | 03_NOTAS_FISCAIS\NF_ENERGIA\Faz. Arizona extrato.pdf | NAO processado -> nao foi encontrada a chave de acesso (44 digitos)
2026-09-23 12:01:57 | INFO     | pipeline | [161/226] processando 03_NOTAS_FISCAIS\NF_ENERGIA\Faz. Ponte de Pedra extrato.pdf
2026-09-23 12:01:57 | INFO     | 03_NOTAS_FISCAIS\NF_ENERGIA\Faz. Ponte de Pedra extrato.pdf | inicio de extracao
2026-09-23 12:01:57 | INFO     | 03_NOTAS_FISCAIS\NF_ENERGIA\Faz. Ponte de Pedra extrato.pdf | origem=texto itens=142
2026-09-23 12:01:57 | WARNING  | 03_NOTAS_FISCAIS\NF_ENERGIA\Faz. Ponte de Pedra extrato.pdf | chave de acesso (44 digitos) NAO encontrada
2026-09-23 12:01:57 | ERROR    | pipeline | 03_NOTAS_FISCAIS\NF_ENERGIA\Faz. Ponte de Pedra extrato.pdf | NAO processado -> nao foi encontrada a chave de acesso (44 digitos)
2026-09-23 12:01:57 | INFO     | pipeline | [162/226] processando 03_NOTAS_FISCAIS\NF_FERTILIZANTE\CALCARIO\13015.pdf
2026-09-23 12:01:57 | INFO     | 03_NOTAS_FISCAIS\NF_FERTILIZANTE\CALCARIO\13015.pdf | inicio de extracao
2026-09-23 12:02:17 | INFO     | 03_NOTAS_FISCAIS\NF_FERTILIZANTE\CALCARIO\13015.pdf | origem=ocr itens=157
2026-09-23 12:02:17 | INFO     | 03_NOTAS_FISCAIS\NF_FERTILIZANTE\CALCARIO\13015.pdf | chave=51221001043306000198550010000130151016898150 DV_valido=True
2026-09-23 12:02:17 | DEBUG    | campos: rotulo 'DADOS DO PRODUTO' nao encontrado
2026-09-23 12:02:17 | WARNING  | produtos: regiao de produtos invalida (e1=False e2=True ini_y=None fin_y=2779.6837158203125)
2026-09-23 12:02:17 | WARNING  | 03_NOTAS_FISCAIS\NF_FERTILIZANTE\CALCARIO\13015.pdf | extracao PARCIAL -> campos nucleares ausentes: data_emissao, valor_da_nota, destinatario.nome, destinatario.cnpj_cpf
2026-09-23 12:02:17 | INFO     | 03_NOTAS_FISCAIS\NF_FERTILIZANTE\CALCARIO\13015.pdf | produtos=0 status=parcial
2026-09-23 12:02:17 | INFO     | pipeline | 03_NOTAS_FISCAIS\NF_FERTILIZANTE\CALCARIO\13015.pdf | chave 51221001043306000198550010000130151016898150 ATUALIZADA
2026-09-23 12:02:17 | INFO     | pipeline | [163/226] processando 03_NOTAS_FISCAIS\NF_FERTILIZANTE\CALCARIO\13016.pdf
2026-09-23 12:02:17 | INFO     | 03_NOTAS_FISCAIS\NF_FERTILIZANTE\CALCARIO\13016.pdf | inicio de extracao
2026-09-23 12:02:56 | INFO     | 03_NOTAS_FISCAIS\NF_FERTILIZANTE\CALCARIO\13016.pdf | origem=ocr itens=149
2026-09-23 12:02:56 | INFO     | 03_NOTAS_FISCAIS\NF_FERTILIZANTE\CALCARIO\13016.pdf | chave=51221001043306000198550010000130161782818770 DV_valido=True
2026-09-23 12:02:56 | DEBUG    | campos: rotulo 'DADOS DO PRODUTO' nao encontrado
2026-09-23 12:02:56 | WARNING  | produtos: regiao de produtos invalida (e1=False e2=True ini_y=None fin_y=2525.1751708984375)
2026-09-23 12:02:56 | WARNING  | 03_NOTAS_FISCAIS\NF_FERTILIZANTE\CALCARIO\13016.pdf | extracao PARCIAL -> campos nucleares ausentes: data_emissao, valor_da_nota, destinatario.nome, destinatario.cnpj_cpf
2026-09-23 12:02:56 | INFO     | 03_NOTAS_FISCAIS\NF_FERTILIZANTE\CALCARIO\13016.pdf | produtos=0 status=parcial
2026-09-23 12:02:56 | INFO     | pipeline | 03_NOTAS_FISCAIS\NF_FERTILIZANTE\CALCARIO\13016.pdf | chave 51221001043306000198550010000130161782818770 ATUALIZADA
2026-09-23 12:02:56 | INFO     | pipeline | [164/226] processando 03_NOTAS_FISCAIS\NF_FERTILIZANTE\CALCARIO\13023.pdf
2026-09-23 12:02:56 | INFO     | 03_NOTAS_FISCAIS\NF_FERTILIZANTE\CALCARIO\13023.pdf | inicio de extracao
2026-09-23 12:03:40 | INFO     | 03_NOTAS_FISCAIS\NF_FERTILIZANTE\CALCARIO\13023.pdf | origem=ocr itens=151
2026-09-23 12:03:40 | INFO     | 03_NOTAS_FISCAIS\NF_FERTILIZANTE\CALCARIO\13023.pdf | chave=51221001043306000198550010000130231952562466 DV_valido=True
2026-09-23 12:03:40 | DEBUG    | campos: rotulo 'DADOS DO PRODUTO' nao encontrado
2026-09-23 12:03:40 | WARNING  | produtos: regiao de produtos invalida (e1=False e2=True ini_y=None fin_y=2409.174560546875)
2026-09-23 12:03:40 | WARNING  | 03_NOTAS_FISCAIS\NF_FERTILIZANTE\CALCARIO\13023.pdf | extracao PARCIAL -> campos nucleares ausentes: data_emissao, valor_da_nota, destinatario.nome
2026-09-23 12:03:40 | INFO     | 03_NOTAS_FISCAIS\NF_FERTILIZANTE\CALCARIO\13023.pdf | produtos=0 status=parcial
2026-09-23 12:03:40 | INFO     | pipeline | 03_NOTAS_FISCAIS\NF_FERTILIZANTE\CALCARIO\13023.pdf | chave 51221001043306000198550010000130231952562466 ATUALIZADA
2026-09-23 12:03:40 | INFO     | pipeline | [165/226] processando 03_NOTAS_FISCAIS\NF_FERTILIZANTE\CALCARIO\13029.pdf
2026-09-23 12:03:40 | INFO     | 03_NOTAS_FISCAIS\NF_FERTILIZANTE\CALCARIO\13029.pdf | inicio de extracao
2026-09-23 12:04:25 | INFO     | 03_NOTAS_FISCAIS\NF_FERTILIZANTE\CALCARIO\13029.pdf | origem=ocr itens=147
2026-09-23 12:04:25 | INFO     | 03_NOTAS_FISCAIS\NF_FERTILIZANTE\CALCARIO\13029.pdf | chave=51221001043306000198550010000130291962663250 DV_valido=True
2026-09-23 12:04:25 | DEBUG    | campos: rotulo 'DADOS DO PRODUTO' nao encontrado
2026-09-23 12:04:25 | WARNING  | produtos: regiao de produtos invalida (e1=False e2=True ini_y=None fin_y=2410.906005859375)
2026-09-23 12:04:25 | WARNING  | 03_NOTAS_FISCAIS\NF_FERTILIZANTE\CALCARIO\13029.pdf | extracao PARCIAL -> campos nucleares ausentes: data_emissao, valor_da_nota, destinatario.nome, destinatario.cnpj_cpf
2026-09-23 12:04:25 | INFO     | 03_NOTAS_FISCAIS\NF_FERTILIZANTE\CALCARIO\13029.pdf | produtos=0 status=parcial
2026-09-23 12:04:25 | INFO     | pipeline | 03_NOTAS_FISCAIS\NF_FERTILIZANTE\CALCARIO\13029.pdf | chave 51221001043306000198550010000130291962663250 ATUALIZADA
2026-09-23 12:04:25 | INFO     | pipeline | [166/226] processando 03_NOTAS_FISCAIS\NF_FERTILIZANTE\CALCARIO\13031.pdf
2026-09-23 12:04:25 | INFO     | 03_NOTAS_FISCAIS\NF_FERTILIZANTE\CALCARIO\13031.pdf | inicio de extracao
2026-09-23 12:04:35 | INFO     | 03_NOTAS_FISCAIS\NF_FERTILIZANTE\CALCARIO\13031.pdf | origem=ocr itens=149
2026-09-23 12:04:35 | INFO     | 03_NOTAS_FISCAIS\NF_FERTILIZANTE\CALCARIO\13031.pdf | chave=51221001043306000198550010000130311661543467 DV_valido=True
2026-09-23 12:04:35 | DEBUG    | campos: rotulo 'DADOS DO PRODUTO' nao encontrado
2026-09-23 12:04:35 | WARNING  | produtos: regiao de produtos invalida (e1=False e2=True ini_y=None fin_y=2575.38427734375)
2026-09-23 12:04:35 | WARNING  | 03_NOTAS_FISCAIS\NF_FERTILIZANTE\CALCARIO\13031.pdf | extracao PARCIAL -> campos nucleares ausentes: data_emissao, valor_da_nota, destinatario.nome, destinatario.cnpj_cpf
2026-09-23 12:04:35 | INFO     | 03_NOTAS_FISCAIS\NF_FERTILIZANTE\CALCARIO\13031.pdf | produtos=0 status=parcial
2026-09-23 12:04:35 | INFO     | pipeline | 03_NOTAS_FISCAIS\NF_FERTILIZANTE\CALCARIO\13031.pdf | chave 51221001043306000198550010000130311661543467 ATUALIZADA
2026-09-23 12:04:35 | INFO     | pipeline | [167/226] processando 03_NOTAS_FISCAIS\NF_FERTILIZANTE\CALCARIO\13032.pdf
2026-09-23 12:04:35 | INFO     | 03_NOTAS_FISCAIS\NF_FERTILIZANTE\CALCARIO\13032.pdf | inicio de extracao
2026-09-23 12:04:43 | INFO     | 03_NOTAS_FISCAIS\NF_FERTILIZANTE\CALCARIO\13032.pdf | origem=ocr itens=151
2026-09-23 12:04:43 | INFO     | 03_NOTAS_FISCAIS\NF_FERTILIZANTE\CALCARIO\13032.pdf | chave=11512210010433060001985500100001303218369606 DV_valido=True
2026-09-23 12:04:43 | DEBUG    | campos: rotulo 'DADOS DO PRODUTO' nao encontrado
2026-09-23 12:04:43 | WARNING  | produtos: regiao de produtos invalida (e1=False e2=True ini_y=None fin_y=2588.369384765625)
2026-09-23 12:04:43 | WARNING  | 03_NOTAS_FISCAIS\NF_FERTILIZANTE\CALCARIO\13032.pdf | extracao PARCIAL -> campos nucleares ausentes: data_emissao, valor_da_nota, destinatario.nome, destinatario.cnpj_cpf
2026-09-23 12:04:43 | INFO     | 03_NOTAS_FISCAIS\NF_FERTILIZANTE\CALCARIO\13032.pdf | produtos=0 status=parcial
2026-09-23 12:04:43 | INFO     | pipeline | 03_NOTAS_FISCAIS\NF_FERTILIZANTE\CALCARIO\13032.pdf | chave 11512210010433060001985500100001303218369606 ATUALIZADA
2026-09-23 12:04:43 | INFO     | pipeline | [168/226] processando 03_NOTAS_FISCAIS\NF_FERTILIZANTE\CALCARIO\13038.pdf
2026-09-23 12:04:43 | INFO     | 03_NOTAS_FISCAIS\NF_FERTILIZANTE\CALCARIO\13038.pdf | inicio de extracao
2026-09-23 12:04:51 | INFO     | 03_NOTAS_FISCAIS\NF_FERTILIZANTE\CALCARIO\13038.pdf | origem=ocr itens=148
2026-09-23 12:04:51 | INFO     | 03_NOTAS_FISCAIS\NF_FERTILIZANTE\CALCARIO\13038.pdf | chave=51221001043306000198550010000130381428857820 DV_valido=True
2026-09-23 12:04:51 | DEBUG    | campos: rotulo 'DADOS DO PRODUTO' nao encontrado
2026-09-23 12:04:51 | WARNING  | produtos: regiao de produtos invalida (e1=False e2=True ini_y=None fin_y=2600.4888916015625)
2026-09-23 12:04:51 | WARNING  | 03_NOTAS_FISCAIS\NF_FERTILIZANTE\CALCARIO\13038.pdf | extracao PARCIAL -> campos nucleares ausentes: data_emissao, valor_da_nota, destinatario.nome, destinatario.cnpj_cpf
2026-09-23 12:04:51 | INFO     | 03_NOTAS_FISCAIS\NF_FERTILIZANTE\CALCARIO\13038.pdf | produtos=0 status=parcial
2026-09-23 12:04:51 | INFO     | pipeline | 03_NOTAS_FISCAIS\NF_FERTILIZANTE\CALCARIO\13038.pdf | chave 51221001043306000198550010000130381428857820 ATUALIZADA
2026-09-23 12:04:51 | INFO     | pipeline | [169/226] processando 03_NOTAS_FISCAIS\NF_FERTILIZANTE\CALCARIO\13040.pdf
2026-09-23 12:04:51 | INFO     | 03_NOTAS_FISCAIS\NF_FERTILIZANTE\CALCARIO\13040.pdf | inicio de extracao
2026-09-23 12:04:59 | INFO     | 03_NOTAS_FISCAIS\NF_FERTILIZANTE\CALCARIO\13040.pdf | origem=ocr itens=151
2026-09-23 12:04:59 | INFO     | 03_NOTAS_FISCAIS\NF_FERTILIZANTE\CALCARIO\13040.pdf | chave=51221001043306000198550010000130401833824301 DV_valido=True
2026-09-23 12:04:59 | DEBUG    | campos: rotulo 'DADOS DO PRODUTO' nao encontrado
2026-09-23 12:04:59 | WARNING  | produtos: regiao de produtos invalida (e1=False e2=True ini_y=None fin_y=2469.7718505859375)
2026-09-23 12:04:59 | WARNING  | 03_NOTAS_FISCAIS\NF_FERTILIZANTE\CALCARIO\13040.pdf | extracao PARCIAL -> campos nucleares ausentes: data_emissao, valor_da_nota, destinatario.nome
2026-09-23 12:04:59 | INFO     | 03_NOTAS_FISCAIS\NF_FERTILIZANTE\CALCARIO\13040.pdf | produtos=0 status=parcial
2026-09-23 12:04:59 | INFO     | pipeline | 03_NOTAS_FISCAIS\NF_FERTILIZANTE\CALCARIO\13040.pdf | chave 51221001043306000198550010000130401833824301 ATUALIZADA
2026-09-23 12:04:59 | INFO     | pipeline | [170/226] processando 03_NOTAS_FISCAIS\NF_FERTILIZANTE\CALCARIO\13052.pdf
2026-09-23 12:04:59 | INFO     | 03_NOTAS_FISCAIS\NF_FERTILIZANTE\CALCARIO\13052.pdf | inicio de extracao
2026-09-23 12:05:08 | INFO     | 03_NOTAS_FISCAIS\NF_FERTILIZANTE\CALCARIO\13052.pdf | origem=ocr itens=148
2026-09-23 12:05:08 | INFO     | 03_NOTAS_FISCAIS\NF_FERTILIZANTE\CALCARIO\13052.pdf | chave=51221001043306000198550010000130521503487787 DV_valido=True
2026-09-23 12:05:08 | DEBUG    | campos: rotulo 'DADOS DO PRODUTO' nao encontrado
2026-09-23 12:05:08 | WARNING  | produtos: regiao de produtos invalida (e1=False e2=True ini_y=None fin_y=2571.055908203125)
2026-09-23 12:05:08 | WARNING  | 03_NOTAS_FISCAIS\NF_FERTILIZANTE\CALCARIO\13052.pdf | extracao PARCIAL -> campos nucleares ausentes: data_emissao, valor_da_nota, destinatario.nome
2026-09-23 12:05:08 | INFO     | 03_NOTAS_FISCAIS\NF_FERTILIZANTE\CALCARIO\13052.pdf | produtos=0 status=parcial
2026-09-23 12:05:08 | INFO     | pipeline | 03_NOTAS_FISCAIS\NF_FERTILIZANTE\CALCARIO\13052.pdf | chave 51221001043306000198550010000130521503487787 ATUALIZADA
2026-09-23 12:05:08 | INFO     | pipeline | [171/226] processando 03_NOTAS_FISCAIS\NF_FERTILIZANTE\CALCARIO\14897.pdf
2026-09-23 12:05:08 | INFO     | 03_NOTAS_FISCAIS\NF_FERTILIZANTE\CALCARIO\14897.pdf | inicio de extracao
2026-09-23 12:05:19 | INFO     | 03_NOTAS_FISCAIS\NF_FERTILIZANTE\CALCARIO\14897.pdf | origem=ocr itens=153
2026-09-23 12:05:19 | INFO     | 03_NOTAS_FISCAIS\NF_FERTILIZANTE\CALCARIO\14897.pdf | chave=51221201043306000198550010000148971274833540 DV_valido=True
2026-09-23 12:05:19 | DEBUG    | campos: rotulo 'DADOS DO PRODUTO' nao encontrado
2026-09-23 12:05:19 | WARNING  | produtos: regiao de produtos invalida (e1=False e2=True ini_y=None fin_y=2827.2958984375)
2026-09-23 12:05:19 | WARNING  | 03_NOTAS_FISCAIS\NF_FERTILIZANTE\CALCARIO\14897.pdf | extracao PARCIAL -> campos nucleares ausentes: data_emissao, valor_da_nota, destinatario.nome, destinatario.cnpj_cpf
2026-09-23 12:05:19 | INFO     | 03_NOTAS_FISCAIS\NF_FERTILIZANTE\CALCARIO\14897.pdf | produtos=0 status=parcial
2026-09-23 12:05:19 | INFO     | pipeline | 03_NOTAS_FISCAIS\NF_FERTILIZANTE\CALCARIO\14897.pdf | chave 51221201043306000198550010000148971274833540 ATUALIZADA
2026-09-23 12:05:19 | INFO     | pipeline | [172/226] processando 03_NOTAS_FISCAIS\NF_FERTILIZANTE\CALCARIO\14898.pdf
2026-09-23 12:05:19 | INFO     | 03_NOTAS_FISCAIS\NF_FERTILIZANTE\CALCARIO\14898.pdf | inicio de extracao
2026-09-23 12:05:27 | INFO     | 03_NOTAS_FISCAIS\NF_FERTILIZANTE\CALCARIO\14898.pdf | origem=ocr itens=152
2026-09-23 12:05:27 | INFO     | 03_NOTAS_FISCAIS\NF_FERTILIZANTE\CALCARIO\14898.pdf | chave=51221201043306000198550010000148981235087643 DV_valido=True
2026-09-23 12:05:27 | DEBUG    | campos: rotulo 'DADOS DO PRODUTO' nao encontrado
2026-09-23 12:05:27 | WARNING  | produtos: regiao de produtos invalida (e1=False e2=True ini_y=None fin_y=2821.236083984375)
2026-09-23 12:05:27 | WARNING  | 03_NOTAS_FISCAIS\NF_FERTILIZANTE\CALCARIO\14898.pdf | extracao PARCIAL -> campos nucleares ausentes: data_emissao, valor_da_nota, destinatario.nome, destinatario.cnpj_cpf
2026-09-23 12:05:27 | INFO     | 03_NOTAS_FISCAIS\NF_FERTILIZANTE\CALCARIO\14898.pdf | produtos=0 status=parcial
2026-09-23 12:05:27 | INFO     | pipeline | 03_NOTAS_FISCAIS\NF_FERTILIZANTE\CALCARIO\14898.pdf | chave 51221201043306000198550010000148981235087643 ATUALIZADA
2026-09-23 12:05:27 | INFO     | pipeline | [173/226] processando 03_NOTAS_FISCAIS\NF_FERTILIZANTE\CALCARIO\14905.pdf
2026-09-23 12:05:27 | INFO     | 03_NOTAS_FISCAIS\NF_FERTILIZANTE\CALCARIO\14905.pdf | inicio de extracao
2026-09-23 12:05:34 | INFO     | 03_NOTAS_FISCAIS\NF_FERTILIZANTE\CALCARIO\14905.pdf | origem=ocr itens=152
2026-09-23 12:05:34 | INFO     | 03_NOTAS_FISCAIS\NF_FERTILIZANTE\CALCARIO\14905.pdf | chave=51221201043306000198550010000149051395693866 DV_valido=True
2026-09-23 12:05:34 | DEBUG    | campos: rotulo 'DADOS DO PRODUTO' nao encontrado
2026-09-23 12:05:34 | WARNING  | produtos: regiao de produtos invalida (e1=False e2=True ini_y=None fin_y=2828.1614990234375)
2026-09-23 12:05:34 | WARNING  | 03_NOTAS_FISCAIS\NF_FERTILIZANTE\CALCARIO\14905.pdf | extracao PARCIAL -> campos nucleares ausentes: data_emissao, valor_da_nota, destinatario.nome, destinatario.cnpj_cpf
2026-09-23 12:05:34 | INFO     | 03_NOTAS_FISCAIS\NF_FERTILIZANTE\CALCARIO\14905.pdf | produtos=0 status=parcial
2026-09-23 12:05:34 | INFO     | pipeline | 03_NOTAS_FISCAIS\NF_FERTILIZANTE\CALCARIO\14905.pdf | chave 51221201043306000198550010000149051395693866 ATUALIZADA
2026-09-23 12:05:34 | INFO     | pipeline | [174/226] processando 03_NOTAS_FISCAIS\NF_FERTILIZANTE\CALCARIO\14906.pdf
2026-09-23 12:05:34 | INFO     | 03_NOTAS_FISCAIS\NF_FERTILIZANTE\CALCARIO\14906.pdf | inicio de extracao
2026-09-23 12:05:41 | INFO     | 03_NOTAS_FISCAIS\NF_FERTILIZANTE\CALCARIO\14906.pdf | origem=ocr itens=153
2026-09-23 12:05:41 | INFO     | 03_NOTAS_FISCAIS\NF_FERTILIZANTE\CALCARIO\14906.pdf | chave=51221201043306000198550010000149061132440646 DV_valido=True
2026-09-23 12:05:41 | DEBUG    | campos: rotulo 'DADOS DO PRODUTO' nao encontrado
2026-09-23 12:05:41 | WARNING  | produtos: regiao de produtos invalida (e1=False e2=True ini_y=None fin_y=2817.7733154296875)
2026-09-23 12:05:41 | WARNING  | 03_NOTAS_FISCAIS\NF_FERTILIZANTE\CALCARIO\14906.pdf | extracao PARCIAL -> campos nucleares ausentes: data_emissao, valor_da_nota, destinatario.nome, destinatario.cnpj_cpf
2026-09-23 12:05:41 | INFO     | 03_NOTAS_FISCAIS\NF_FERTILIZANTE\CALCARIO\14906.pdf | produtos=0 status=parcial
2026-09-23 12:05:41 | INFO     | pipeline | 03_NOTAS_FISCAIS\NF_FERTILIZANTE\CALCARIO\14906.pdf | chave 51221201043306000198550010000149061132440646 ATUALIZADA
2026-09-23 12:05:41 | INFO     | pipeline | [175/226] processando 03_NOTAS_FISCAIS\NF_FERTILIZANTE\CALCARIO\14907.pdf
2026-09-23 12:05:41 | INFO     | 03_NOTAS_FISCAIS\NF_FERTILIZANTE\CALCARIO\14907.pdf | inicio de extracao
2026-09-23 12:05:48 | INFO     | 03_NOTAS_FISCAIS\NF_FERTILIZANTE\CALCARIO\14907.pdf | origem=ocr itens=152
2026-09-23 12:05:48 | INFO     | 03_NOTAS_FISCAIS\NF_FERTILIZANTE\CALCARIO\14907.pdf | chave=01114907512212010433060001985500100001490711 DV_valido=False
2026-09-23 12:05:48 | DEBUG    | campos: rotulo 'DADOS DO PRODUTO' nao encontrado
2026-09-23 12:05:48 | WARNING  | produtos: regiao de produtos invalida (e1=False e2=True ini_y=None fin_y=2760.6387939453125)
2026-09-23 12:05:48 | WARNING  | 03_NOTAS_FISCAIS\NF_FERTILIZANTE\CALCARIO\14907.pdf | extracao PARCIAL -> chave de acesso com digito verificador invalido (DV)
2026-09-23 12:05:48 | INFO     | 03_NOTAS_FISCAIS\NF_FERTILIZANTE\CALCARIO\14907.pdf | produtos=0 status=parcial
2026-09-23 12:05:48 | INFO     | pipeline | 03_NOTAS_FISCAIS\NF_FERTILIZANTE\CALCARIO\14907.pdf | chave 01114907512212010433060001985500100001490711 ATUALIZADA
2026-09-23 12:05:48 | WARNING  | pipeline | 03_NOTAS_FISCAIS\NF_FERTILIZANTE\CALCARIO\14907.pdf | extracao PARCIAL (chave de acesso com digito verificador invalido (DV))
2026-09-23 12:05:48 | INFO     | pipeline | [176/226] processando 03_NOTAS_FISCAIS\NF_FERTILIZANTE\CALCARIO\14911.pdf
2026-09-23 12:05:48 | INFO     | 03_NOTAS_FISCAIS\NF_FERTILIZANTE\CALCARIO\14911.pdf | inicio de extracao
2026-09-23 12:05:55 | INFO     | 03_NOTAS_FISCAIS\NF_FERTILIZANTE\CALCARIO\14911.pdf | origem=ocr itens=150
2026-09-23 12:05:55 | INFO     | 03_NOTAS_FISCAIS\NF_FERTILIZANTE\CALCARIO\14911.pdf | chave=51221201043306000198550010000149111713218373 DV_valido=True
2026-09-23 12:05:55 | DEBUG    | campos: rotulo 'DADOS DO PRODUTO' nao encontrado
2026-09-23 12:05:55 | WARNING  | produtos: regiao de produtos invalida (e1=False e2=True ini_y=None fin_y=2829.892822265625)
2026-09-23 12:05:55 | WARNING  | 03_NOTAS_FISCAIS\NF_FERTILIZANTE\CALCARIO\14911.pdf | extracao PARCIAL -> campos nucleares ausentes: data_emissao, valor_da_nota, destinatario.nome, destinatario.cnpj_cpf
2026-09-23 12:05:55 | INFO     | 03_NOTAS_FISCAIS\NF_FERTILIZANTE\CALCARIO\14911.pdf | produtos=0 status=parcial
2026-09-23 12:05:55 | INFO     | pipeline | 03_NOTAS_FISCAIS\NF_FERTILIZANTE\CALCARIO\14911.pdf | chave 51221201043306000198550010000149111713218373 ATUALIZADA
2026-09-23 12:05:55 | INFO     | pipeline | [177/226] processando 03_NOTAS_FISCAIS\NF_FERTILIZANTE\CALCARIO\14912.pdf
2026-09-23 12:05:55 | INFO     | 03_NOTAS_FISCAIS\NF_FERTILIZANTE\CALCARIO\14912.pdf | inicio de extracao
2026-09-23 12:06:03 | INFO     | 03_NOTAS_FISCAIS\NF_FERTILIZANTE\CALCARIO\14912.pdf | origem=ocr itens=152
2026-09-23 12:06:03 | INFO     | 03_NOTAS_FISCAIS\NF_FERTILIZANTE\CALCARIO\14912.pdf | chave=15122120104330600019855001000014912115110407 DV_valido=True
2026-09-23 12:06:03 | DEBUG    | campos: rotulo 'DADOS DO PRODUTO' nao encontrado
2026-09-23 12:06:03 | WARNING  | produtos: regiao de produtos invalida (e1=False e2=True ini_y=None fin_y=2842.01220703125)
2026-09-23 12:06:03 | WARNING  | 03_NOTAS_FISCAIS\NF_FERTILIZANTE\CALCARIO\14912.pdf | extracao PARCIAL -> campos nucleares ausentes: data_emissao, valor_da_nota, destinatario.nome, destinatario.cnpj_cpf
2026-09-23 12:06:03 | INFO     | 03_NOTAS_FISCAIS\NF_FERTILIZANTE\CALCARIO\14912.pdf | produtos=0 status=parcial
2026-09-23 12:06:03 | INFO     | pipeline | 03_NOTAS_FISCAIS\NF_FERTILIZANTE\CALCARIO\14912.pdf | chave 15122120104330600019855001000014912115110407 ATUALIZADA
2026-09-23 12:06:03 | INFO     | pipeline | [178/226] processando 03_NOTAS_FISCAIS\NF_FERTILIZANTE\CALCARIO\14928.pdf
2026-09-23 12:06:03 | INFO     | 03_NOTAS_FISCAIS\NF_FERTILIZANTE\CALCARIO\14928.pdf | inicio de extracao
2026-09-23 12:06:10 | INFO     | 03_NOTAS_FISCAIS\NF_FERTILIZANTE\CALCARIO\14928.pdf | origem=ocr itens=150
2026-09-23 12:06:10 | INFO     | 03_NOTAS_FISCAIS\NF_FERTILIZANTE\CALCARIO\14928.pdf | chave=51230101043306000198550010000149281121262469 DV_valido=True
2026-09-23 12:06:10 | DEBUG    | campos: rotulo 'DADOS DO PRODUTO' nao encontrado
2026-09-23 12:06:10 | WARNING  | produtos: regiao de produtos invalida (e1=False e2=True ini_y=None fin_y=2833.3555908203125)
2026-09-23 12:06:10 | WARNING  | 03_NOTAS_FISCAIS\NF_FERTILIZANTE\CALCARIO\14928.pdf | extracao PARCIAL -> campos nucleares ausentes: data_emissao, valor_da_nota, destinatario.nome, destinatario.cnpj_cpf
2026-09-23 12:06:10 | INFO     | 03_NOTAS_FISCAIS\NF_FERTILIZANTE\CALCARIO\14928.pdf | produtos=0 status=parcial
2026-09-23 12:06:10 | INFO     | pipeline | 03_NOTAS_FISCAIS\NF_FERTILIZANTE\CALCARIO\14928.pdf | chave 51230101043306000198550010000149281121262469 ATUALIZADA
2026-09-23 12:06:10 | INFO     | pipeline | [179/226] processando 03_NOTAS_FISCAIS\NF_FERTILIZANTE\CALCARIO\14929.pdf
2026-09-23 12:06:10 | INFO     | 03_NOTAS_FISCAIS\NF_FERTILIZANTE\CALCARIO\14929.pdf | inicio de extracao
2026-09-23 12:06:16 | INFO     | 03_NOTAS_FISCAIS\NF_FERTILIZANTE\CALCARIO\14929.pdf | origem=ocr itens=150
2026-09-23 12:06:16 | INFO     | 03_NOTAS_FISCAIS\NF_FERTILIZANTE\CALCARIO\14929.pdf | chave=11512301010433060001985500100001492915688876 DV_valido=True
2026-09-23 12:06:16 | DEBUG    | campos: rotulo 'DADOS DO PRODUTO' nao encontrado
2026-09-23 12:06:16 | WARNING  | produtos: regiao de produtos invalida (e1=False e2=True ini_y=None fin_y=2832.4898681640625)
2026-09-23 12:06:16 | WARNING  | 03_NOTAS_FISCAIS\NF_FERTILIZANTE\CALCARIO\14929.pdf | extracao PARCIAL -> campos nucleares ausentes: data_emissao, valor_da_nota, destinatario.nome, destinatario.cnpj_cpf
2026-09-23 12:06:16 | INFO     | 03_NOTAS_FISCAIS\NF_FERTILIZANTE\CALCARIO\14929.pdf | produtos=0 status=parcial
2026-09-23 12:06:16 | INFO     | pipeline | 03_NOTAS_FISCAIS\NF_FERTILIZANTE\CALCARIO\14929.pdf | chave 11512301010433060001985500100001492915688876 ATUALIZADA
2026-09-23 12:06:16 | INFO     | pipeline | [180/226] processando 03_NOTAS_FISCAIS\NF_FERTILIZANTE\CALCARIO\14930.pdf
2026-09-23 12:06:16 | INFO     | 03_NOTAS_FISCAIS\NF_FERTILIZANTE\CALCARIO\14930.pdf | inicio de extracao
2026-09-23 12:06:21 | INFO     | 03_NOTAS_FISCAIS\NF_FERTILIZANTE\CALCARIO\14930.pdf | origem=ocr itens=151
2026-09-23 12:06:21 | INFO     | 03_NOTAS_FISCAIS\NF_FERTILIZANTE\CALCARIO\14930.pdf | chave=51230101043306000198550010000149301966383462 DV_valido=True
2026-09-23 12:06:21 | DEBUG    | campos: rotulo 'DADOS DO PRODUTO' nao encontrado
2026-09-23 12:06:21 | WARNING  | produtos: regiao de produtos invalida (e1=False e2=True ini_y=None fin_y=2808.2509765625)
2026-09-23 12:06:21 | WARNING  | 03_NOTAS_FISCAIS\NF_FERTILIZANTE\CALCARIO\14930.pdf | extracao PARCIAL -> campos nucleares ausentes: data_emissao, valor_da_nota, destinatario.nome, destinatario.cnpj_cpf
2026-09-23 12:06:21 | INFO     | 03_NOTAS_FISCAIS\NF_FERTILIZANTE\CALCARIO\14930.pdf | produtos=0 status=parcial
2026-09-23 12:06:21 | INFO     | pipeline | 03_NOTAS_FISCAIS\NF_FERTILIZANTE\CALCARIO\14930.pdf | chave 51230101043306000198550010000149301966383462 ATUALIZADA
2026-09-23 12:06:21 | INFO     | pipeline | [181/226] processando 03_NOTAS_FISCAIS\NF_FERTILIZANTE\CALCARIO\14952.pdf
2026-09-23 12:06:21 | INFO     | 03_NOTAS_FISCAIS\NF_FERTILIZANTE\CALCARIO\14952.pdf | inicio de extracao
2026-09-23 12:06:28 | INFO     | 03_NOTAS_FISCAIS\NF_FERTILIZANTE\CALCARIO\14952.pdf | origem=ocr itens=153
2026-09-23 12:06:28 | INFO     | 03_NOTAS_FISCAIS\NF_FERTILIZANTE\CALCARIO\14952.pdf | chave=51230101043306000198550010000149521846315513 DV_valido=True
2026-09-23 12:06:28 | DEBUG    | campos: rotulo 'DADOS DO PRODUTO' nao encontrado
2026-09-23 12:06:28 | WARNING  | produtos: regiao de produtos invalida (e1=False e2=True ini_y=None fin_y=2816.0419921875)
2026-09-23 12:06:28 | WARNING  | 03_NOTAS_FISCAIS\NF_FERTILIZANTE\CALCARIO\14952.pdf | extracao PARCIAL -> campos nucleares ausentes: data_emissao, valor_da_nota, destinatario.nome, destinatario.cnpj_cpf
2026-09-23 12:06:28 | INFO     | 03_NOTAS_FISCAIS\NF_FERTILIZANTE\CALCARIO\14952.pdf | produtos=0 status=parcial
2026-09-23 12:06:28 | INFO     | pipeline | 03_NOTAS_FISCAIS\NF_FERTILIZANTE\CALCARIO\14952.pdf | chave 51230101043306000198550010000149521846315513 ATUALIZADA
2026-09-23 12:06:28 | INFO     | pipeline | [182/226] processando 03_NOTAS_FISCAIS\NF_FERTILIZANTE\CALCARIO\14958.pdf
2026-09-23 12:06:28 | INFO     | 03_NOTAS_FISCAIS\NF_FERTILIZANTE\CALCARIO\14958.pdf | inicio de extracao
2026-09-23 12:06:34 | INFO     | 03_NOTAS_FISCAIS\NF_FERTILIZANTE\CALCARIO\14958.pdf | origem=ocr itens=152
2026-09-23 12:06:34 | INFO     | 03_NOTAS_FISCAIS\NF_FERTILIZANTE\CALCARIO\14958.pdf | chave=51230101043306000198550010000149581650604907 DV_valido=True
2026-09-23 12:06:34 | DEBUG    | campos: rotulo 'DADOS DO PRODUTO' nao encontrado
2026-09-23 12:06:34 | WARNING  | produtos: regiao de produtos invalida (e1=False e2=True ini_y=None fin_y=2820.370361328125)
2026-09-23 12:06:34 | WARNING  | 03_NOTAS_FISCAIS\NF_FERTILIZANTE\CALCARIO\14958.pdf | extracao PARCIAL -> campos nucleares ausentes: data_emissao, valor_da_nota, destinatario.nome, destinatario.cnpj_cpf
2026-09-23 12:06:34 | INFO     | 03_NOTAS_FISCAIS\NF_FERTILIZANTE\CALCARIO\14958.pdf | produtos=0 status=parcial
2026-09-23 12:06:34 | INFO     | pipeline | 03_NOTAS_FISCAIS\NF_FERTILIZANTE\CALCARIO\14958.pdf | chave 51230101043306000198550010000149581650604907 ATUALIZADA
2026-09-23 12:06:34 | INFO     | pipeline | [183/226] processando 03_NOTAS_FISCAIS\NF_FERTILIZANTE\CALCARIO\14959.pdf
2026-09-23 12:06:34 | INFO     | 03_NOTAS_FISCAIS\NF_FERTILIZANTE\CALCARIO\14959.pdf | inicio de extracao
2026-09-23 12:06:40 | INFO     | 03_NOTAS_FISCAIS\NF_FERTILIZANTE\CALCARIO\14959.pdf | origem=ocr itens=152
2026-09-23 12:06:40 | INFO     | 03_NOTAS_FISCAIS\NF_FERTILIZANTE\CALCARIO\14959.pdf | chave=15123010104330600019855001000014959104057799 DV_valido=True
2026-09-23 12:06:40 | DEBUG    | campos: rotulo 'DADOS DO PRODUTO' nao encontrado
2026-09-23 12:06:40 | WARNING  | produtos: regiao de produtos invalida (e1=False e2=True ini_y=None fin_y=2815.1763916015625)
2026-09-23 12:06:40 | WARNING  | 03_NOTAS_FISCAIS\NF_FERTILIZANTE\CALCARIO\14959.pdf | extracao PARCIAL -> campos nucleares ausentes: data_emissao, valor_da_nota, destinatario.nome, destinatario.cnpj_cpf
2026-09-23 12:06:40 | INFO     | 03_NOTAS_FISCAIS\NF_FERTILIZANTE\CALCARIO\14959.pdf | produtos=0 status=parcial
2026-09-23 12:06:40 | INFO     | pipeline | 03_NOTAS_FISCAIS\NF_FERTILIZANTE\CALCARIO\14959.pdf | chave 15123010104330600019855001000014959104057799 ATUALIZADA
2026-09-23 12:06:40 | INFO     | pipeline | [184/226] processando 03_NOTAS_FISCAIS\NF_FERTILIZANTE\CALCARIO\14961.pdf
2026-09-23 12:06:40 | INFO     | 03_NOTAS_FISCAIS\NF_FERTILIZANTE\CALCARIO\14961.pdf | inicio de extracao
2026-09-23 12:06:47 | INFO     | 03_NOTAS_FISCAIS\NF_FERTILIZANTE\CALCARIO\14961.pdf | origem=ocr itens=154
2026-09-23 12:06:47 | INFO     | 03_NOTAS_FISCAIS\NF_FERTILIZANTE\CALCARIO\14961.pdf | chave=51230101043306000198550010000149611717170747 DV_valido=True
2026-09-23 12:06:47 | DEBUG    | campos: rotulo 'DADOS DO PRODUTO' nao encontrado
2026-09-23 12:06:47 | WARNING  | produtos: regiao de produtos invalida (e1=False e2=True ini_y=None fin_y=2827.2958984375)
2026-09-23 12:06:47 | WARNING  | 03_NOTAS_FISCAIS\NF_FERTILIZANTE\CALCARIO\14961.pdf | extracao PARCIAL -> campos nucleares ausentes: data_emissao, valor_da_nota, destinatario.nome, destinatario.cnpj_cpf
2026-09-23 12:06:47 | INFO     | 03_NOTAS_FISCAIS\NF_FERTILIZANTE\CALCARIO\14961.pdf | produtos=0 status=parcial
2026-09-23 12:06:47 | INFO     | pipeline | 03_NOTAS_FISCAIS\NF_FERTILIZANTE\CALCARIO\14961.pdf | chave 51230101043306000198550010000149611717170747 ATUALIZADA
2026-09-23 12:06:47 | INFO     | pipeline | [185/226] processando 03_NOTAS_FISCAIS\NF_FERTILIZANTE\CALCARIO\14962.pdf
2026-09-23 12:06:47 | INFO     | 03_NOTAS_FISCAIS\NF_FERTILIZANTE\CALCARIO\14962.pdf | inicio de extracao
2026-09-23 12:06:54 | INFO     | 03_NOTAS_FISCAIS\NF_FERTILIZANTE\CALCARIO\14962.pdf | origem=ocr itens=152
2026-09-23 12:06:54 | INFO     | 03_NOTAS_FISCAIS\NF_FERTILIZANTE\CALCARIO\14962.pdf | chave=51230101043306000198550010000149621454382924 DV_valido=True
2026-09-23 12:06:54 | DEBUG    | campos: rotulo 'DADOS DO PRODUTO' nao encontrado
2026-09-23 12:06:54 | WARNING  | produtos: regiao de produtos invalida (e1=False e2=True ini_y=None fin_y=2822.9674072265625)
2026-09-23 12:06:54 | WARNING  | 03_NOTAS_FISCAIS\NF_FERTILIZANTE\CALCARIO\14962.pdf | extracao PARCIAL -> campos nucleares ausentes: data_emissao, valor_da_nota, destinatario.nome, destinatario.cnpj_cpf
2026-09-23 12:06:54 | INFO     | 03_NOTAS_FISCAIS\NF_FERTILIZANTE\CALCARIO\14962.pdf | produtos=0 status=parcial
2026-09-23 12:06:54 | INFO     | pipeline | 03_NOTAS_FISCAIS\NF_FERTILIZANTE\CALCARIO\14962.pdf | chave 51230101043306000198550010000149621454382924 ATUALIZADA
2026-09-23 12:06:54 | INFO     | pipeline | [186/226] processando 03_NOTAS_FISCAIS\NF_FERTILIZANTE\CALCARIO\14967.pdf
2026-09-23 12:06:54 | INFO     | 03_NOTAS_FISCAIS\NF_FERTILIZANTE\CALCARIO\14967.pdf | inicio de extracao
2026-09-23 12:06:59 | INFO     | 03_NOTAS_FISCAIS\NF_FERTILIZANTE\CALCARIO\14967.pdf | origem=ocr itens=149
2026-09-23 12:06:59 | INFO     | 03_NOTAS_FISCAIS\NF_FERTILIZANTE\CALCARIO\14967.pdf | chave=51230101043306000198550010000149671840121450 DV_valido=True
2026-09-23 12:06:59 | DEBUG    | campos: rotulo 'DADOS DO PRODUTO' nao encontrado
2026-09-23 12:06:59 | WARNING  | produtos: regiao de produtos invalida (e1=False e2=True ini_y=None fin_y=2813.445068359375)
2026-09-23 12:06:59 | WARNING  | 03_NOTAS_FISCAIS\NF_FERTILIZANTE\CALCARIO\14967.pdf | extracao PARCIAL -> campos nucleares ausentes: data_emissao, valor_da_nota, destinatario.nome, destinatario.cnpj_cpf
2026-09-23 12:06:59 | INFO     | 03_NOTAS_FISCAIS\NF_FERTILIZANTE\CALCARIO\14967.pdf | produtos=0 status=parcial
2026-09-23 12:06:59 | INFO     | pipeline | 03_NOTAS_FISCAIS\NF_FERTILIZANTE\CALCARIO\14967.pdf | chave 51230101043306000198550010000149671840121450 ATUALIZADA
2026-09-23 12:06:59 | INFO     | pipeline | [187/226] processando 03_NOTAS_FISCAIS\NF_FERTILIZANTE\CALCARIO\14974.pdf
2026-09-23 12:06:59 | INFO     | 03_NOTAS_FISCAIS\NF_FERTILIZANTE\CALCARIO\14974.pdf | inicio de extracao
2026-09-23 12:07:06 | INFO     | 03_NOTAS_FISCAIS\NF_FERTILIZANTE\CALCARIO\14974.pdf | origem=ocr itens=155
2026-09-23 12:07:06 | INFO     | 03_NOTAS_FISCAIS\NF_FERTILIZANTE\CALCARIO\14974.pdf | chave=01151230101043306000198550010000149741433280 DV_valido=True
2026-09-23 12:07:06 | DEBUG    | campos: rotulo 'DADOS DO PRODUTO' nao encontrado
2026-09-23 12:07:06 | WARNING  | produtos: regiao de produtos invalida (e1=False e2=True ini_y=None fin_y=2750.2506103515625)
2026-09-23 12:07:06 | WARNING  | 03_NOTAS_FISCAIS\NF_FERTILIZANTE\CALCARIO\14974.pdf | extracao PARCIAL -> campos nucleares ausentes: data_emissao, valor_da_nota, destinatario.nome, destinatario.cnpj_cpf
2026-09-23 12:07:06 | INFO     | 03_NOTAS_FISCAIS\NF_FERTILIZANTE\CALCARIO\14974.pdf | produtos=0 status=parcial
2026-09-23 12:07:06 | INFO     | pipeline | 03_NOTAS_FISCAIS\NF_FERTILIZANTE\CALCARIO\14974.pdf | chave 01151230101043306000198550010000149741433280 ATUALIZADA
2026-09-23 12:07:06 | INFO     | pipeline | [188/226] processando 03_NOTAS_FISCAIS\NF_FERTILIZANTE\CALCARIO\14977.pdf
2026-09-23 12:07:06 | INFO     | 03_NOTAS_FISCAIS\NF_FERTILIZANTE\CALCARIO\14977.pdf | inicio de extracao
2026-09-23 12:07:11 | INFO     | 03_NOTAS_FISCAIS\NF_FERTILIZANTE\CALCARIO\14977.pdf | origem=ocr itens=154
2026-09-23 12:07:11 | INFO     | 03_NOTAS_FISCAIS\NF_FERTILIZANTE\CALCARIO\14977.pdf | chave=51230101043306000198550010000149771073748675 DV_valido=True
2026-09-23 12:07:11 | DEBUG    | campos: rotulo 'DADOS DO PRODUTO' nao encontrado
2026-09-23 12:07:11 | WARNING  | produtos: regiao de produtos invalida (e1=False e2=True ini_y=None fin_y=2775.355224609375)
2026-09-23 12:07:11 | WARNING  | 03_NOTAS_FISCAIS\NF_FERTILIZANTE\CALCARIO\14977.pdf | extracao PARCIAL -> campos nucleares ausentes: data_emissao, valor_da_nota, destinatario.nome, destinatario.cnpj_cpf
2026-09-23 12:07:11 | INFO     | 03_NOTAS_FISCAIS\NF_FERTILIZANTE\CALCARIO\14977.pdf | produtos=0 status=parcial
2026-09-23 12:07:11 | INFO     | pipeline | 03_NOTAS_FISCAIS\NF_FERTILIZANTE\CALCARIO\14977.pdf | chave 51230101043306000198550010000149771073748675 ATUALIZADA
2026-09-23 12:07:11 | INFO     | pipeline | [189/226] processando 03_NOTAS_FISCAIS\NF_FERTILIZANTE\CALCARIO\14978.pdf
2026-09-23 12:07:11 | INFO     | 03_NOTAS_FISCAIS\NF_FERTILIZANTE\CALCARIO\14978.pdf | inicio de extracao
2026-09-23 12:07:18 | INFO     | 03_NOTAS_FISCAIS\NF_FERTILIZANTE\CALCARIO\14978.pdf | origem=ocr itens=149
2026-09-23 12:07:18 | INFO     | 03_NOTAS_FISCAIS\NF_FERTILIZANTE\CALCARIO\14978.pdf | chave=51230101043306000198550010000149781401716313 DV_valido=True
2026-09-23 12:07:18 | DEBUG    | campos: rotulo 'DADOS DO PRODUTO' nao encontrado
2026-09-23 12:07:18 | WARNING  | produtos: regiao de produtos invalida (e1=False e2=True ini_y=None fin_y=2819.504638671875)
2026-09-23 12:07:18 | WARNING  | 03_NOTAS_FISCAIS\NF_FERTILIZANTE\CALCARIO\14978.pdf | extracao PARCIAL -> campos nucleares ausentes: data_emissao, valor_da_nota, destinatario.nome, destinatario.cnpj_cpf
2026-09-23 12:07:18 | INFO     | 03_NOTAS_FISCAIS\NF_FERTILIZANTE\CALCARIO\14978.pdf | produtos=0 status=parcial
2026-09-23 12:07:18 | INFO     | pipeline | 03_NOTAS_FISCAIS\NF_FERTILIZANTE\CALCARIO\14978.pdf | chave 51230101043306000198550010000149781401716313 ATUALIZADA
2026-09-23 12:07:18 | INFO     | pipeline | [190/226] processando 03_NOTAS_FISCAIS\NF_FERTILIZANTE\CALCARIO\14979.pdf
2026-09-23 12:07:18 | INFO     | 03_NOTAS_FISCAIS\NF_FERTILIZANTE\CALCARIO\14979.pdf | inicio de extracao
2026-09-23 12:07:23 | INFO     | 03_NOTAS_FISCAIS\NF_FERTILIZANTE\CALCARIO\14979.pdf | origem=ocr itens=154
2026-09-23 12:07:23 | INFO     | 03_NOTAS_FISCAIS\NF_FERTILIZANTE\CALCARIO\14979.pdf | chave=51230101043306000198550010000149791677122814 DV_valido=True
2026-09-23 12:07:23 | DEBUG    | campos: rotulo 'DADOS DO PRODUTO' nao encontrado
2026-09-23 12:07:23 | WARNING  | produtos: regiao de produtos invalida (e1=False e2=True ini_y=None fin_y=2824.6988525390625)
2026-09-23 12:07:23 | WARNING  | 03_NOTAS_FISCAIS\NF_FERTILIZANTE\CALCARIO\14979.pdf | extracao PARCIAL -> campos nucleares ausentes: data_emissao, valor_da_nota, destinatario.nome, destinatario.cnpj_cpf
2026-09-23 12:07:23 | INFO     | 03_NOTAS_FISCAIS\NF_FERTILIZANTE\CALCARIO\14979.pdf | produtos=0 status=parcial
2026-09-23 12:07:23 | INFO     | pipeline | 03_NOTAS_FISCAIS\NF_FERTILIZANTE\CALCARIO\14979.pdf | chave 51230101043306000198550010000149791677122814 ATUALIZADA
2026-09-23 12:07:23 | INFO     | pipeline | [191/226] processando 03_NOTAS_FISCAIS\NF_FERTILIZANTE\CALCARIO\14980.pdf
2026-09-23 12:07:23 | INFO     | 03_NOTAS_FISCAIS\NF_FERTILIZANTE\CALCARIO\14980.pdf | inicio de extracao
2026-09-23 12:07:28 | INFO     | 03_NOTAS_FISCAIS\NF_FERTILIZANTE\CALCARIO\14980.pdf | origem=ocr itens=153
2026-09-23 12:07:28 | INFO     | 03_NOTAS_FISCAIS\NF_FERTILIZANTE\CALCARIO\14980.pdf | chave=51230101043306000198550010000149801902087503 DV_valido=True
2026-09-23 12:07:28 | DEBUG    | campos: rotulo 'DADOS DO PRODUTO' nao encontrado
2026-09-23 12:07:28 | WARNING  | produtos: regiao de produtos invalida (e1=False e2=True ini_y=None fin_y=2838.549560546875)
2026-09-23 12:07:28 | WARNING  | 03_NOTAS_FISCAIS\NF_FERTILIZANTE\CALCARIO\14980.pdf | extracao PARCIAL -> campos nucleares ausentes: data_emissao, valor_da_nota, destinatario.nome, destinatario.cnpj_cpf
2026-09-23 12:07:28 | INFO     | 03_NOTAS_FISCAIS\NF_FERTILIZANTE\CALCARIO\14980.pdf | produtos=0 status=parcial
2026-09-23 12:07:28 | INFO     | pipeline | 03_NOTAS_FISCAIS\NF_FERTILIZANTE\CALCARIO\14980.pdf | chave 51230101043306000198550010000149801902087503 ATUALIZADA
2026-09-23 12:07:28 | INFO     | pipeline | [192/226] processando 03_NOTAS_FISCAIS\NF_FERTILIZANTE\CALCARIO\14984.pdf
2026-09-23 12:07:28 | INFO     | 03_NOTAS_FISCAIS\NF_FERTILIZANTE\CALCARIO\14984.pdf | inicio de extracao
2026-09-23 12:07:35 | INFO     | 03_NOTAS_FISCAIS\NF_FERTILIZANTE\CALCARIO\14984.pdf | origem=ocr itens=152
2026-09-23 12:07:35 | INFO     | 03_NOTAS_FISCAIS\NF_FERTILIZANTE\CALCARIO\14984.pdf | chave=60051230101043306000198550010000149841587109 DV_valido=True
2026-09-23 12:07:35 | DEBUG    | campos: rotulo 'DADOS DO PRODUTO' nao encontrado
2026-09-23 12:07:35 | WARNING  | produtos: regiao de produtos invalida (e1=False e2=True ini_y=None fin_y=2824.69873046875)
2026-09-23 12:07:35 | WARNING  | 03_NOTAS_FISCAIS\NF_FERTILIZANTE\CALCARIO\14984.pdf | extracao PARCIAL -> campos nucleares ausentes: data_emissao, valor_da_nota, destinatario.nome, destinatario.cnpj_cpf
2026-09-23 12:07:35 | INFO     | 03_NOTAS_FISCAIS\NF_FERTILIZANTE\CALCARIO\14984.pdf | produtos=0 status=parcial
2026-09-23 12:07:35 | INFO     | pipeline | 03_NOTAS_FISCAIS\NF_FERTILIZANTE\CALCARIO\14984.pdf | chave 60051230101043306000198550010000149841587109 ATUALIZADA
2026-09-23 12:07:35 | INFO     | pipeline | [193/226] processando 03_NOTAS_FISCAIS\NF_FERTILIZANTE\CALCARIO\14985.pdf
2026-09-23 12:07:35 | INFO     | 03_NOTAS_FISCAIS\NF_FERTILIZANTE\CALCARIO\14985.pdf | inicio de extracao
2026-09-23 12:07:54 | INFO     | 03_NOTAS_FISCAIS\NF_FERTILIZANTE\CALCARIO\14985.pdf | origem=ocr itens=152
2026-09-23 12:07:54 | INFO     | 03_NOTAS_FISCAIS\NF_FERTILIZANTE\CALCARIO\14985.pdf | chave=51230101043306000198550010000149851253821119 DV_valido=True
2026-09-23 12:07:54 | DEBUG    | campos: rotulo 'DADOS DO PRODUTO' nao encontrado
2026-09-23 12:07:54 | WARNING  | produtos: regiao de produtos invalida (e1=False e2=True ini_y=None fin_y=2817.7734375)
2026-09-23 12:07:54 | WARNING  | 03_NOTAS_FISCAIS\NF_FERTILIZANTE\CALCARIO\14985.pdf | extracao PARCIAL -> campos nucleares ausentes: data_emissao, valor_da_nota, destinatario.nome, destinatario.cnpj_cpf
2026-09-23 12:07:54 | INFO     | 03_NOTAS_FISCAIS\NF_FERTILIZANTE\CALCARIO\14985.pdf | produtos=0 status=parcial
2026-09-23 12:07:54 | INFO     | pipeline | 03_NOTAS_FISCAIS\NF_FERTILIZANTE\CALCARIO\14985.pdf | chave 51230101043306000198550010000149851253821119 ATUALIZADA
2026-09-23 12:07:54 | INFO     | pipeline | [194/226] processando 03_NOTAS_FISCAIS\NF_FERTILIZANTE\CALCARIO\14986.pdf
2026-09-23 12:07:54 | INFO     | 03_NOTAS_FISCAIS\NF_FERTILIZANTE\CALCARIO\14986.pdf | inicio de extracao
2026-09-23 12:08:28 | INFO     | 03_NOTAS_FISCAIS\NF_FERTILIZANTE\CALCARIO\14986.pdf | origem=ocr itens=150
2026-09-23 12:08:28 | INFO     | 03_NOTAS_FISCAIS\NF_FERTILIZANTE\CALCARIO\14986.pdf | chave=51230101043306000198550010000149861930109579 DV_valido=True
2026-09-23 12:08:28 | DEBUG    | campos: rotulo 'DADOS DO PRODUTO' nao encontrado
2026-09-23 12:08:28 | WARNING  | produtos: regiao de produtos invalida (e1=False e2=True ini_y=None fin_y=2810.8480224609375)
2026-09-23 12:08:28 | WARNING  | 03_NOTAS_FISCAIS\NF_FERTILIZANTE\CALCARIO\14986.pdf | extracao PARCIAL -> campos nucleares ausentes: data_emissao, valor_da_nota, destinatario.nome, destinatario.cnpj_cpf
2026-09-23 12:08:28 | INFO     | 03_NOTAS_FISCAIS\NF_FERTILIZANTE\CALCARIO\14986.pdf | produtos=0 status=parcial
2026-09-23 12:08:28 | INFO     | pipeline | 03_NOTAS_FISCAIS\NF_FERTILIZANTE\CALCARIO\14986.pdf | chave 51230101043306000198550010000149861930109579 ATUALIZADA
2026-09-23 12:08:28 | INFO     | pipeline | [195/226] processando 03_NOTAS_FISCAIS\NF_FERTILIZANTE\CALCARIO\14987.pdf
2026-09-23 12:08:28 | INFO     | 03_NOTAS_FISCAIS\NF_FERTILIZANTE\CALCARIO\14987.pdf | inicio de extracao
2026-09-23 12:09:04 | INFO     | 03_NOTAS_FISCAIS\NF_FERTILIZANTE\CALCARIO\14987.pdf | origem=ocr itens=146
2026-09-23 12:09:04 | INFO     | 03_NOTAS_FISCAIS\NF_FERTILIZANTE\CALCARIO\14987.pdf | chave=51230101043306000198550010000149871445523420 DV_valido=True
2026-09-23 12:09:04 | DEBUG    | campos: rotulo 'DADOS DO PRODUTO' nao encontrado
2026-09-23 12:09:04 | WARNING  | produtos: regiao de produtos invalida (e1=False e2=True ini_y=None fin_y=2814.310791015625)
2026-09-23 12:09:04 | WARNING  | 03_NOTAS_FISCAIS\NF_FERTILIZANTE\CALCARIO\14987.pdf | extracao PARCIAL -> campos nucleares ausentes: data_emissao, valor_da_nota, destinatario.nome, destinatario.cnpj_cpf
2026-09-23 12:09:04 | INFO     | 03_NOTAS_FISCAIS\NF_FERTILIZANTE\CALCARIO\14987.pdf | produtos=0 status=parcial
2026-09-23 12:09:04 | INFO     | pipeline | 03_NOTAS_FISCAIS\NF_FERTILIZANTE\CALCARIO\14987.pdf | chave 51230101043306000198550010000149871445523420 ATUALIZADA
2026-09-23 12:09:04 | INFO     | pipeline | [196/226] processando 03_NOTAS_FISCAIS\NF_FERTILIZANTE\CALCARIO\14990.pdf
2026-09-23 12:09:04 | INFO     | 03_NOTAS_FISCAIS\NF_FERTILIZANTE\CALCARIO\14990.pdf | inicio de extracao
2026-09-23 12:09:39 | INFO     | 03_NOTAS_FISCAIS\NF_FERTILIZANTE\CALCARIO\14990.pdf | origem=ocr itens=153
2026-09-23 12:09:39 | INFO     | 03_NOTAS_FISCAIS\NF_FERTILIZANTE\CALCARIO\14990.pdf | chave=51230101043306000198550010000149901039194117 DV_valido=True
2026-09-23 12:09:39 | DEBUG    | campos: rotulo 'DADOS DO PRODUTO' nao encontrado
2026-09-23 12:09:39 | WARNING  | produtos: regiao de produtos invalida (e1=False e2=True ini_y=None fin_y=2759.7730712890625)
2026-09-23 12:09:39 | WARNING  | 03_NOTAS_FISCAIS\NF_FERTILIZANTE\CALCARIO\14990.pdf | extracao PARCIAL -> campos nucleares ausentes: data_emissao, valor_da_nota, destinatario.nome, destinatario.cnpj_cpf
2026-09-23 12:09:39 | INFO     | 03_NOTAS_FISCAIS\NF_FERTILIZANTE\CALCARIO\14990.pdf | produtos=0 status=parcial
2026-09-23 12:09:39 | INFO     | pipeline | 03_NOTAS_FISCAIS\NF_FERTILIZANTE\CALCARIO\14990.pdf | chave 51230101043306000198550010000149901039194117 ATUALIZADA
2026-09-23 12:09:39 | INFO     | pipeline | [197/226] processando 03_NOTAS_FISCAIS\NF_FERTILIZANTE\CALCARIO\14992.pdf
2026-09-23 12:09:39 | INFO     | 03_NOTAS_FISCAIS\NF_FERTILIZANTE\CALCARIO\14992.pdf | inicio de extracao
2026-09-23 12:10:16 | INFO     | 03_NOTAS_FISCAIS\NF_FERTILIZANTE\CALCARIO\14992.pdf | origem=ocr itens=150
2026-09-23 12:10:16 | INFO     | 03_NOTAS_FISCAIS\NF_FERTILIZANTE\CALCARIO\14992.pdf | chave=01512301010433060001985500100001499216317632 DV_valido=True
2026-09-23 12:10:16 | DEBUG    | campos: rotulo 'DADOS DO PRODUTO' nao encontrado
2026-09-23 12:10:16 | WARNING  | produtos: regiao de produtos invalida (e1=False e2=True ini_y=None fin_y=2841.1466064453125)
2026-09-23 12:10:16 | WARNING  | 03_NOTAS_FISCAIS\NF_FERTILIZANTE\CALCARIO\14992.pdf | extracao PARCIAL -> campos nucleares ausentes: data_emissao, valor_da_nota, destinatario.nome, destinatario.cnpj_cpf
2026-09-23 12:10:16 | INFO     | 03_NOTAS_FISCAIS\NF_FERTILIZANTE\CALCARIO\14992.pdf | produtos=0 status=parcial
2026-09-23 12:10:16 | INFO     | pipeline | 03_NOTAS_FISCAIS\NF_FERTILIZANTE\CALCARIO\14992.pdf | chave 01512301010433060001985500100001499216317632 ATUALIZADA
2026-09-23 12:10:16 | INFO     | pipeline | [198/226] processando 03_NOTAS_FISCAIS\NF_FERTILIZANTE\CALCARIO\14993.pdf
2026-09-23 12:10:16 | INFO     | 03_NOTAS_FISCAIS\NF_FERTILIZANTE\CALCARIO\14993.pdf | inicio de extracao
2026-09-23 12:10:49 | INFO     | 03_NOTAS_FISCAIS\NF_FERTILIZANTE\CALCARIO\14993.pdf | origem=ocr itens=154
2026-09-23 12:10:49 | INFO     | 03_NOTAS_FISCAIS\NF_FERTILIZANTE\CALCARIO\14993.pdf | chave=11512301010433060001985500100001499317862080 DV_valido=True
2026-09-23 12:10:49 | DEBUG    | campos: rotulo 'DADOS DO PRODUTO' nao encontrado
2026-09-23 12:10:49 | WARNING  | produtos: regiao de produtos invalida (e1=False e2=True ini_y=None fin_y=2822.101806640625)
2026-09-23 12:10:49 | WARNING  | 03_NOTAS_FISCAIS\NF_FERTILIZANTE\CALCARIO\14993.pdf | extracao PARCIAL -> campos nucleares ausentes: data_emissao, valor_da_nota, destinatario.nome, destinatario.cnpj_cpf
2026-09-23 12:10:49 | INFO     | 03_NOTAS_FISCAIS\NF_FERTILIZANTE\CALCARIO\14993.pdf | produtos=0 status=parcial
2026-09-23 12:10:49 | INFO     | pipeline | 03_NOTAS_FISCAIS\NF_FERTILIZANTE\CALCARIO\14993.pdf | chave 11512301010433060001985500100001499317862080 ATUALIZADA
2026-09-23 12:10:49 | INFO     | pipeline | [199/226] processando 03_NOTAS_FISCAIS\NF_FERTILIZANTE\CALCARIO\14994.pdf
2026-09-23 12:10:49 | INFO     | 03_NOTAS_FISCAIS\NF_FERTILIZANTE\CALCARIO\14994.pdf | inicio de extracao
2026-09-23 12:11:23 | INFO     | 03_NOTAS_FISCAIS\NF_FERTILIZANTE\CALCARIO\14994.pdf | origem=ocr itens=151
2026-09-23 12:11:23 | INFO     | 03_NOTAS_FISCAIS\NF_FERTILIZANTE\CALCARIO\14994.pdf | chave=51230101043306000198550010000149941645256005 DV_valido=True
2026-09-23 12:11:23 | DEBUG    | campos: rotulo 'DADOS DO PRODUTO' nao encontrado
2026-09-23 12:11:23 | WARNING  | produtos: regiao de produtos invalida (e1=False e2=True ini_y=None fin_y=2828.1614990234375)
2026-09-23 12:11:23 | WARNING  | 03_NOTAS_FISCAIS\NF_FERTILIZANTE\CALCARIO\14994.pdf | extracao PARCIAL -> campos nucleares ausentes: data_emissao, valor_da_nota, destinatario.nome, destinatario.cnpj_cpf
2026-09-23 12:11:23 | INFO     | 03_NOTAS_FISCAIS\NF_FERTILIZANTE\CALCARIO\14994.pdf | produtos=0 status=parcial
2026-09-23 12:11:23 | INFO     | pipeline | 03_NOTAS_FISCAIS\NF_FERTILIZANTE\CALCARIO\14994.pdf | chave 51230101043306000198550010000149941645256005 ATUALIZADA
2026-09-23 12:11:23 | INFO     | pipeline | [200/226] processando 03_NOTAS_FISCAIS\NF_FERTILIZANTE\CALCARIO\15001.pdf
2026-09-23 12:11:23 | INFO     | 03_NOTAS_FISCAIS\NF_FERTILIZANTE\CALCARIO\15001.pdf | inicio de extracao
2026-09-23 12:12:05 | INFO     | 03_NOTAS_FISCAIS\NF_FERTILIZANTE\CALCARIO\15001.pdf | origem=ocr itens=150
2026-09-23 12:12:05 | INFO     | 03_NOTAS_FISCAIS\NF_FERTILIZANTE\CALCARIO\15001.pdf | chave=66341186005123010104330600019855001000015001 DV_valido=True
2026-09-23 12:12:05 | DEBUG    | campos: rotulo 'DADOS DO PRODUTO' nao encontrado
2026-09-23 12:12:05 | WARNING  | produtos: regiao de produtos invalida (e1=False e2=True ini_y=None fin_y=2841.1466064453125)
2026-09-23 12:12:05 | WARNING  | 03_NOTAS_FISCAIS\NF_FERTILIZANTE\CALCARIO\15001.pdf | extracao PARCIAL -> campos nucleares ausentes: data_emissao, valor_da_nota, destinatario.nome, destinatario.cnpj_cpf
2026-09-23 12:12:05 | INFO     | 03_NOTAS_FISCAIS\NF_FERTILIZANTE\CALCARIO\15001.pdf | produtos=0 status=parcial
2026-09-23 12:12:05 | INFO     | pipeline | 03_NOTAS_FISCAIS\NF_FERTILIZANTE\CALCARIO\15001.pdf | chave 66341186005123010104330600019855001000015001 ATUALIZADA
2026-09-23 12:12:05 | INFO     | pipeline | [201/226] processando 03_NOTAS_FISCAIS\NF_FERTILIZANTE\KCL\2197.pdf
2026-09-23 12:12:05 | INFO     | 03_NOTAS_FISCAIS\NF_FERTILIZANTE\KCL\2197.pdf | inicio de extracao
2026-09-23 12:13:04 | INFO     | 03_NOTAS_FISCAIS\NF_FERTILIZANTE\KCL\2197.pdf | origem=ocr itens=154
2026-09-23 12:13:04 | INFO     | 03_NOTAS_FISCAIS\NF_FERTILIZANTE\KCL\2197.pdf | chave=51220802003402007935550180000021971007572973 DV_valido=True
2026-09-23 12:13:04 | WARNING  | produtos: cabecalho da tabela NAO encontrado (regiao y=1415..2480 p1, itens=18)
2026-09-23 12:13:04 | INFO     | produtos: total combinado (paginas) = 0
2026-09-23 12:13:04 | WARNING  | 03_NOTAS_FISCAIS\NF_FERTILIZANTE\KCL\2197.pdf | extracao PARCIAL -> campos nucleares ausentes: valor_da_nota, destinatario.nome, destinatario.cnpj_cpf
2026-09-23 12:13:04 | INFO     | 03_NOTAS_FISCAIS\NF_FERTILIZANTE\KCL\2197.pdf | produtos=0 status=parcial
2026-09-23 12:13:04 | INFO     | pipeline | 03_NOTAS_FISCAIS\NF_FERTILIZANTE\KCL\2197.pdf | chave 51220802003402007935550180000021971007572973 ATUALIZADA
2026-09-23 12:13:04 | INFO     | pipeline | [202/226] processando 03_NOTAS_FISCAIS\NF_FERTILIZANTE\KCL\2198.pdf
2026-09-23 12:13:04 | INFO     | 03_NOTAS_FISCAIS\NF_FERTILIZANTE\KCL\2198.pdf | inicio de extracao
2026-09-23 12:13:51 | INFO     | 03_NOTAS_FISCAIS\NF_FERTILIZANTE\KCL\2198.pdf | origem=ocr itens=156
2026-09-23 12:13:51 | INFO     | 03_NOTAS_FISCAIS\NF_FERTILIZANTE\KCL\2198.pdf | chave=51220802003402007935550180000021981007573071 DV_valido=True
2026-09-23 12:13:51 | WARNING  | produtos: cabecalho da tabela NAO encontrado (regiao y=1406..2466 p1, itens=19)
2026-09-23 12:13:51 | INFO     | produtos: total combinado (paginas) = 0
2026-09-23 12:13:51 | WARNING  | 03_NOTAS_FISCAIS\NF_FERTILIZANTE\KCL\2198.pdf | extracao PARCIAL -> campos nucleares ausentes: valor_da_nota, destinatario.nome, destinatario.cnpj_cpf
2026-09-23 12:13:51 | INFO     | 03_NOTAS_FISCAIS\NF_FERTILIZANTE\KCL\2198.pdf | produtos=0 status=parcial
2026-09-23 12:13:51 | INFO     | pipeline | 03_NOTAS_FISCAIS\NF_FERTILIZANTE\KCL\2198.pdf | chave 51220802003402007935550180000021981007573071 ATUALIZADA
2026-09-23 12:13:51 | INFO     | pipeline | [203/226] processando 03_NOTAS_FISCAIS\NF_FERTILIZANTE\KCL\2199.pdf
2026-09-23 12:13:51 | INFO     | 03_NOTAS_FISCAIS\NF_FERTILIZANTE\KCL\2199.pdf | inicio de extracao
2026-09-23 12:14:46 | INFO     | 03_NOTAS_FISCAIS\NF_FERTILIZANTE\KCL\2199.pdf | origem=ocr itens=153
2026-09-23 12:14:46 | INFO     | 03_NOTAS_FISCAIS\NF_FERTILIZANTE\KCL\2199.pdf | chave=01512208020034020079355501800000219910075736 DV_valido=True
2026-09-23 12:14:46 | WARNING  | produtos: cabecalho da tabela NAO encontrado (regiao y=1420..2482 p1, itens=21)
2026-09-23 12:14:46 | INFO     | produtos: total combinado (paginas) = 0
2026-09-23 12:14:46 | WARNING  | 03_NOTAS_FISCAIS\NF_FERTILIZANTE\KCL\2199.pdf | extracao PARCIAL -> campos nucleares ausentes: valor_da_nota, destinatario.nome, destinatario.cnpj_cpf
2026-09-23 12:14:46 | INFO     | 03_NOTAS_FISCAIS\NF_FERTILIZANTE\KCL\2199.pdf | produtos=0 status=parcial
2026-09-23 12:14:46 | INFO     | pipeline | 03_NOTAS_FISCAIS\NF_FERTILIZANTE\KCL\2199.pdf | chave 01512208020034020079355501800000219910075736 ATUALIZADA
2026-09-23 12:14:46 | INFO     | pipeline | [204/226] processando 03_NOTAS_FISCAIS\NF_FERTILIZANTE\KCL\2237.pdf
2026-09-23 12:14:46 | INFO     | 03_NOTAS_FISCAIS\NF_FERTILIZANTE\KCL\2237.pdf | inicio de extracao
2026-09-23 12:15:08 | INFO     | 03_NOTAS_FISCAIS\NF_FERTILIZANTE\KCL\2237.pdf | origem=ocr itens=172
2026-09-23 12:15:08 | INFO     | 03_NOTAS_FISCAIS\NF_FERTILIZANTE\KCL\2237.pdf | chave=51220802003402007935550180000022371007578812 DV_valido=True
2026-09-23 12:15:08 | WARNING  | produtos: cabecalho da tabela NAO encontrado (regiao y=1774..2838 p1, itens=25)
2026-09-23 12:15:08 | INFO     | produtos: total combinado (paginas) = 0
2026-09-23 12:15:08 | WARNING  | 03_NOTAS_FISCAIS\NF_FERTILIZANTE\KCL\2237.pdf | extracao PARCIAL -> campos nucleares ausentes: valor_da_nota, destinatario.cnpj_cpf
2026-09-23 12:15:08 | INFO     | 03_NOTAS_FISCAIS\NF_FERTILIZANTE\KCL\2237.pdf | produtos=0 status=parcial
2026-09-23 12:15:08 | INFO     | pipeline | 03_NOTAS_FISCAIS\NF_FERTILIZANTE\KCL\2237.pdf | chave 51220802003402007935550180000022371007578812 ATUALIZADA
2026-09-23 12:15:08 | INFO     | pipeline | [205/226] processando 03_NOTAS_FISCAIS\NF_FERTILIZANTE\KCL\2280.pdf
2026-09-23 12:15:08 | INFO     | 03_NOTAS_FISCAIS\NF_FERTILIZANTE\KCL\2280.pdf | inicio de extracao
2026-09-23 12:15:58 | INFO     | 03_NOTAS_FISCAIS\NF_FERTILIZANTE\KCL\2280.pdf | origem=ocr itens=159
2026-09-23 12:15:58 | INFO     | 03_NOTAS_FISCAIS\NF_FERTILIZANTE\KCL\2280.pdf | chave=51220802003402007935550180000022801007584759 DV_valido=True
2026-09-23 12:15:58 | WARNING  | produtos: cabecalho da tabela NAO encontrado (regiao y=1434..2499 p1, itens=22)
2026-09-23 12:15:58 | INFO     | produtos: total combinado (paginas) = 0
2026-09-23 12:15:58 | WARNING  | 03_NOTAS_FISCAIS\NF_FERTILIZANTE\KCL\2280.pdf | extracao PARCIAL -> campos nucleares ausentes: valor_da_nota, destinatario.nome, destinatario.cnpj_cpf
2026-09-23 12:15:58 | INFO     | 03_NOTAS_FISCAIS\NF_FERTILIZANTE\KCL\2280.pdf | produtos=0 status=parcial
2026-09-23 12:15:58 | INFO     | pipeline | 03_NOTAS_FISCAIS\NF_FERTILIZANTE\KCL\2280.pdf | chave 51220802003402007935550180000022801007584759 ATUALIZADA
2026-09-23 12:15:58 | INFO     | pipeline | [206/226] processando 03_NOTAS_FISCAIS\NF_FERTILIZANTE\KCL\2281.pdf
2026-09-23 12:15:58 | INFO     | 03_NOTAS_FISCAIS\NF_FERTILIZANTE\KCL\2281.pdf | inicio de extracao
2026-09-23 12:16:48 | INFO     | 03_NOTAS_FISCAIS\NF_FERTILIZANTE\KCL\2281.pdf | origem=ocr itens=156
2026-09-23 12:16:48 | INFO     | 03_NOTAS_FISCAIS\NF_FERTILIZANTE\KCL\2281.pdf | chave=51220802003402007935550180000022811007584780 DV_valido=True
2026-09-23 12:16:48 | WARNING  | produtos: cabecalho da tabela NAO encontrado (regiao y=1422..2484 p1, itens=22)
2026-09-23 12:16:48 | INFO     | produtos: total combinado (paginas) = 0
2026-09-23 12:16:48 | WARNING  | 03_NOTAS_FISCAIS\NF_FERTILIZANTE\KCL\2281.pdf | extracao PARCIAL -> campos nucleares ausentes: valor_da_nota, destinatario.nome, destinatario.cnpj_cpf
2026-09-23 12:16:48 | INFO     | 03_NOTAS_FISCAIS\NF_FERTILIZANTE\KCL\2281.pdf | produtos=0 status=parcial
2026-09-23 12:16:48 | INFO     | pipeline | 03_NOTAS_FISCAIS\NF_FERTILIZANTE\KCL\2281.pdf | chave 51220802003402007935550180000022811007584780 ATUALIZADA
2026-09-23 12:16:48 | INFO     | pipeline | [207/226] processando 03_NOTAS_FISCAIS\NF_FERTILIZANTE\KCL\2352.pdf
2026-09-23 12:16:48 | INFO     | 03_NOTAS_FISCAIS\NF_FERTILIZANTE\KCL\2352.pdf | inicio de extracao
2026-09-23 12:17:21 | INFO     | 03_NOTAS_FISCAIS\NF_FERTILIZANTE\KCL\2352.pdf | origem=ocr itens=157
2026-09-23 12:17:21 | INFO     | 03_NOTAS_FISCAIS\NF_FERTILIZANTE\KCL\2352.pdf | chave=01512208020034020079355501800000235210075999 DV_valido=True
2026-09-23 12:17:21 | WARNING  | produtos: cabecalho da tabela NAO encontrado (regiao y=1422..2482 p1, itens=23)
2026-09-23 12:17:21 | INFO     | produtos: total combinado (paginas) = 0
2026-09-23 12:17:21 | WARNING  | 03_NOTAS_FISCAIS\NF_FERTILIZANTE\KCL\2352.pdf | extracao PARCIAL -> campos nucleares ausentes: valor_da_nota, destinatario.nome, destinatario.cnpj_cpf
2026-09-23 12:17:21 | INFO     | 03_NOTAS_FISCAIS\NF_FERTILIZANTE\KCL\2352.pdf | produtos=0 status=parcial
2026-09-23 12:17:21 | INFO     | pipeline | 03_NOTAS_FISCAIS\NF_FERTILIZANTE\KCL\2352.pdf | chave 01512208020034020079355501800000235210075999 ATUALIZADA
2026-09-23 12:17:21 | INFO     | pipeline | [208/226] processando 03_NOTAS_FISCAIS\NF_FERTILIZANTE\KCL\2369.pdf
2026-09-23 12:17:21 | INFO     | 03_NOTAS_FISCAIS\NF_FERTILIZANTE\KCL\2369.pdf | inicio de extracao
2026-09-23 12:17:50 | INFO     | 03_NOTAS_FISCAIS\NF_FERTILIZANTE\KCL\2369.pdf | origem=ocr itens=157
2026-09-23 12:17:50 | INFO     | 03_NOTAS_FISCAIS\NF_FERTILIZANTE\KCL\2369.pdf | chave=01512208020034020079355501800000236910076058 DV_valido=True
2026-09-23 12:17:50 | WARNING  | produtos: cabecalho da tabela NAO encontrado (regiao y=1385..2443 p1, itens=23)
2026-09-23 12:17:50 | INFO     | produtos: total combinado (paginas) = 0
2026-09-23 12:17:50 | WARNING  | 03_NOTAS_FISCAIS\NF_FERTILIZANTE\KCL\2369.pdf | extracao PARCIAL -> campos nucleares ausentes: valor_da_nota, destinatario.nome, destinatario.cnpj_cpf
2026-09-23 12:17:50 | INFO     | 03_NOTAS_FISCAIS\NF_FERTILIZANTE\KCL\2369.pdf | produtos=0 status=parcial
2026-09-23 12:17:50 | INFO     | pipeline | 03_NOTAS_FISCAIS\NF_FERTILIZANTE\KCL\2369.pdf | chave 01512208020034020079355501800000236910076058 ATUALIZADA
2026-09-23 12:17:50 | INFO     | pipeline | [209/226] processando 03_NOTAS_FISCAIS\NF_FERTILIZANTE\KCL\2468.pdf
2026-09-23 12:17:50 | INFO     | 03_NOTAS_FISCAIS\NF_FERTILIZANTE\KCL\2468.pdf | inicio de extracao
2026-09-23 12:18:29 | INFO     | 03_NOTAS_FISCAIS\NF_FERTILIZANTE\KCL\2468.pdf | origem=ocr itens=169
2026-09-23 12:18:29 | INFO     | 03_NOTAS_FISCAIS\NF_FERTILIZANTE\KCL\2468.pdf | chave=51220802003402007935550180000024681007621928 DV_valido=True
2026-09-23 12:18:29 | WARNING  | produtos: cabecalho da tabela NAO encontrado (regiao y=1763..2825 p1, itens=25)
2026-09-23 12:18:29 | INFO     | produtos: total combinado (paginas) = 0
2026-09-23 12:18:29 | WARNING  | 03_NOTAS_FISCAIS\NF_FERTILIZANTE\KCL\2468.pdf | extracao PARCIAL -> campos nucleares ausentes: valor_da_nota
2026-09-23 12:18:29 | INFO     | 03_NOTAS_FISCAIS\NF_FERTILIZANTE\KCL\2468.pdf | produtos=0 status=parcial
2026-09-23 12:18:29 | INFO     | pipeline | 03_NOTAS_FISCAIS\NF_FERTILIZANTE\KCL\2468.pdf | chave 51220802003402007935550180000024681007621928 ATUALIZADA
2026-09-23 12:18:29 | INFO     | pipeline | [210/226] processando 03_NOTAS_FISCAIS\NF_FERTILIZANTE\KCL\2577.pdf
2026-09-23 12:18:29 | INFO     | 03_NOTAS_FISCAIS\NF_FERTILIZANTE\KCL\2577.pdf | inicio de extracao
2026-09-23 12:19:10 | INFO     | 03_NOTAS_FISCAIS\NF_FERTILIZANTE\KCL\2577.pdf | origem=ocr itens=168
2026-09-23 12:19:10 | INFO     | 03_NOTAS_FISCAIS\NF_FERTILIZANTE\KCL\2577.pdf | chave=51220802003402007935550180000025771007647123 DV_valido=True
2026-09-23 12:19:10 | WARNING  | produtos: cabecalho da tabela NAO encontrado (regiao y=1753..2820 p1, itens=25)
2026-09-23 12:19:10 | INFO     | produtos: total combinado (paginas) = 0
2026-09-23 12:19:10 | WARNING  | 03_NOTAS_FISCAIS\NF_FERTILIZANTE\KCL\2577.pdf | extracao PARCIAL -> campos nucleares ausentes: valor_da_nota
2026-09-23 12:19:10 | INFO     | 03_NOTAS_FISCAIS\NF_FERTILIZANTE\KCL\2577.pdf | produtos=0 status=parcial
2026-09-23 12:19:10 | INFO     | pipeline | 03_NOTAS_FISCAIS\NF_FERTILIZANTE\KCL\2577.pdf | chave 51220802003402007935550180000025771007647123 ATUALIZADA
2026-09-23 12:19:10 | INFO     | pipeline | [211/226] processando 03_NOTAS_FISCAIS\NF_FERTILIZANTE\KCL\2657.pdf
2026-09-23 12:19:10 | INFO     | 03_NOTAS_FISCAIS\NF_FERTILIZANTE\KCL\2657.pdf | inicio de extracao
2026-09-23 12:19:46 | INFO     | 03_NOTAS_FISCAIS\NF_FERTILIZANTE\KCL\2657.pdf | origem=ocr itens=170
2026-09-23 12:19:47 | INFO     | 03_NOTAS_FISCAIS\NF_FERTILIZANTE\KCL\2657.pdf | chave=51220802003402007935550180000026571007662397 DV_valido=True
2026-09-23 12:19:47 | WARNING  | produtos: cabecalho da tabela NAO encontrado (regiao y=1416..2483 p1, itens=35)
2026-09-23 12:19:47 | INFO     | produtos: total combinado (paginas) = 0
2026-09-23 12:19:47 | WARNING  | 03_NOTAS_FISCAIS\NF_FERTILIZANTE\KCL\2657.pdf | extracao PARCIAL -> campos nucleares ausentes: valor_da_nota, destinatario.nome, destinatario.cnpj_cpf
2026-09-23 12:19:47 | INFO     | 03_NOTAS_FISCAIS\NF_FERTILIZANTE\KCL\2657.pdf | produtos=0 status=parcial
2026-09-23 12:19:47 | INFO     | pipeline | 03_NOTAS_FISCAIS\NF_FERTILIZANTE\KCL\2657.pdf | chave 51220802003402007935550180000026571007662397 ATUALIZADA
2026-09-23 12:19:47 | INFO     | pipeline | [212/226] processando 03_NOTAS_FISCAIS\NF_FERTILIZANTE\KCL\2663.pdf
2026-09-23 12:19:47 | INFO     | 03_NOTAS_FISCAIS\NF_FERTILIZANTE\KCL\2663.pdf | inicio de extracao
2026-09-23 12:20:30 | INFO     | 03_NOTAS_FISCAIS\NF_FERTILIZANTE\KCL\2663.pdf | origem=ocr itens=157
2026-09-23 12:20:30 | INFO     | 03_NOTAS_FISCAIS\NF_FERTILIZANTE\KCL\2663.pdf | chave=51220802003402007935550180000026631007663471 DV_valido=True
2026-09-23 12:20:30 | WARNING  | produtos: cabecalho da tabela NAO encontrado (regiao y=1403..2462 p1, itens=23)
2026-09-23 12:20:30 | INFO     | produtos: total combinado (paginas) = 0
2026-09-23 12:20:30 | WARNING  | 03_NOTAS_FISCAIS\NF_FERTILIZANTE\KCL\2663.pdf | extracao PARCIAL -> campos nucleares ausentes: valor_da_nota, destinatario.nome, destinatario.cnpj_cpf
2026-09-23 12:20:30 | INFO     | 03_NOTAS_FISCAIS\NF_FERTILIZANTE\KCL\2663.pdf | produtos=0 status=parcial
2026-09-23 12:20:30 | INFO     | pipeline | 03_NOTAS_FISCAIS\NF_FERTILIZANTE\KCL\2663.pdf | chave 51220802003402007935550180000026631007663471 ATUALIZADA
2026-09-23 12:20:30 | INFO     | pipeline | [213/226] processando 03_NOTAS_FISCAIS\NF_FERTILIZANTE\KCL\8757.pdf
2026-09-23 12:20:30 | INFO     | 03_NOTAS_FISCAIS\NF_FERTILIZANTE\KCL\8757.pdf | inicio de extracao
2026-09-23 12:21:19 | INFO     | 03_NOTAS_FISCAIS\NF_FERTILIZANTE\KCL\8757.pdf | origem=ocr itens=166
2026-09-23 12:21:19 | INFO     | 03_NOTAS_FISCAIS\NF_FERTILIZANTE\KCL\8757.pdf | chave=51220823704333000601550010000087571381749627 DV_valido=True
2026-09-23 12:21:19 | INFO     | produtos: cabecalho detectado pelo criterio '4. CODIGO somente (fallback final)'
2026-09-23 12:21:19 | INFO     | produtos: colunas mapeadas (8): ['valor_ipi', 'valor_total', 'desconto', 'valor_unitario', 'quantidade', 'unidade', 'ncm', 'codigo']
2026-09-23 12:21:19 | INFO     | produtos: 0 item(ns) extraido(s)
2026-09-23 12:21:19 | INFO     | produtos: total combinado (paginas) = 0
2026-09-23 12:21:19 | WARNING  | 03_NOTAS_FISCAIS\NF_FERTILIZANTE\KCL\8757.pdf | extracao PARCIAL -> campos nucleares ausentes: destinatario.nome, destinatario.cnpj_cpf
2026-09-23 12:21:19 | INFO     | 03_NOTAS_FISCAIS\NF_FERTILIZANTE\KCL\8757.pdf | produtos=0 status=parcial
2026-09-23 12:21:19 | INFO     | pipeline | 03_NOTAS_FISCAIS\NF_FERTILIZANTE\KCL\8757.pdf | chave 51220823704333000601550010000087571381749627 ATUALIZADA
2026-09-23 12:21:19 | INFO     | pipeline | [214/226] processando 03_NOTAS_FISCAIS\NF_FERTILIZANTE\KCL\8805.pdf
2026-09-23 12:21:19 | INFO     | 03_NOTAS_FISCAIS\NF_FERTILIZANTE\KCL\8805.pdf | inicio de extracao
2026-09-23 12:21:59 | INFO     | 03_NOTAS_FISCAIS\NF_FERTILIZANTE\KCL\8805.pdf | origem=ocr itens=171
2026-09-23 12:21:59 | INFO     | 03_NOTAS_FISCAIS\NF_FERTILIZANTE\KCL\8805.pdf | chave=51220823704333000601550010000088051429421382 DV_valido=True
2026-09-23 12:21:59 | DEBUG    | campos: rotulo 'DADOS DO PRODUTO' nao encontrado
2026-09-23 12:21:59 | WARNING  | produtos: regiao de produtos invalida (e1=False e2=True ini_y=None fin_y=2750.2506103515625)
2026-09-23 12:21:59 | WARNING  | 03_NOTAS_FISCAIS\NF_FERTILIZANTE\KCL\8805.pdf | extracao PARCIAL -> campos nucleares ausentes: valor_da_nota, destinatario.nome
2026-09-23 12:21:59 | INFO     | 03_NOTAS_FISCAIS\NF_FERTILIZANTE\KCL\8805.pdf | produtos=0 status=parcial
2026-09-23 12:21:59 | INFO     | pipeline | 03_NOTAS_FISCAIS\NF_FERTILIZANTE\KCL\8805.pdf | chave 51220823704333000601550010000088051429421382 ATUALIZADA
2026-09-23 12:21:59 | INFO     | pipeline | [215/226] processando 03_NOTAS_FISCAIS\NF_FERTILIZANTE\KCL\8819.pdf
2026-09-23 12:21:59 | INFO     | 03_NOTAS_FISCAIS\NF_FERTILIZANTE\KCL\8819.pdf | inicio de extracao
2026-09-23 12:22:47 | INFO     | 03_NOTAS_FISCAIS\NF_FERTILIZANTE\KCL\8819.pdf | origem=ocr itens=156
2026-09-23 12:22:47 | INFO     | 03_NOTAS_FISCAIS\NF_FERTILIZANTE\KCL\8819.pdf | chave=60203104209062051024800005611875026937000158 DV_valido=True
2026-09-23 12:22:47 | WARNING  | produtos: cabecalho da tabela NAO encontrado (regiao y=1687..2651 p1, itens=22)
2026-09-23 12:22:47 | INFO     | produtos: total combinado (paginas) = 0
2026-09-23 12:22:47 | WARNING  | 03_NOTAS_FISCAIS\NF_FERTILIZANTE\KCL\8819.pdf | extracao PARCIAL -> campos nucleares ausentes: data_emissao, destinatario.nome, destinatario.cnpj_cpf
2026-09-23 12:22:47 | INFO     | 03_NOTAS_FISCAIS\NF_FERTILIZANTE\KCL\8819.pdf | produtos=0 status=parcial
2026-09-23 12:22:47 | INFO     | pipeline | 03_NOTAS_FISCAIS\NF_FERTILIZANTE\KCL\8819.pdf | chave 60203104209062051024800005611875026937000158 ATUALIZADA
2026-09-23 12:22:47 | INFO     | pipeline | [216/226] processando 03_NOTAS_FISCAIS\NF_FERTILIZANTE\KCL\8844.pdf
2026-09-23 12:22:47 | INFO     | 03_NOTAS_FISCAIS\NF_FERTILIZANTE\KCL\8844.pdf | inicio de extracao
2026-09-23 12:23:17 | INFO     | 03_NOTAS_FISCAIS\NF_FERTILIZANTE\KCL\8844.pdf | origem=ocr itens=166
2026-09-23 12:23:17 | INFO     | 03_NOTAS_FISCAIS\NF_FERTILIZANTE\KCL\8844.pdf | chave=04209062051480000561187502693700015838969269 DV_valido=True
2026-09-23 12:23:18 | WARNING  | produtos: cabecalho da tabela NAO encontrado (regiao y=1779..2761 p1, itens=30)
2026-09-23 12:23:18 | INFO     | produtos: total combinado (paginas) = 0
2026-09-23 12:23:18 | INFO     | 03_NOTAS_FISCAIS\NF_FERTILIZANTE\KCL\8844.pdf | extracao COMPLETA
2026-09-23 12:23:18 | INFO     | 03_NOTAS_FISCAIS\NF_FERTILIZANTE\KCL\8844.pdf | produtos=0 status=completa
2026-09-23 12:23:18 | INFO     | pipeline | 03_NOTAS_FISCAIS\NF_FERTILIZANTE\KCL\8844.pdf | chave 04209062051480000561187502693700015838969269 ATUALIZADA
2026-09-23 12:23:18 | INFO     | pipeline | [217/226] processando 03_NOTAS_FISCAIS\NF_FERTILIZANTE\KCL\8856.pdf
2026-09-23 12:23:18 | INFO     | 03_NOTAS_FISCAIS\NF_FERTILIZANTE\KCL\8856.pdf | inicio de extracao
2026-09-23 12:24:09 | INFO     | 03_NOTAS_FISCAIS\NF_FERTILIZANTE\KCL\8856.pdf | origem=ocr itens=156
2026-09-23 12:24:09 | INFO     | 03_NOTAS_FISCAIS\NF_FERTILIZANTE\KCL\8856.pdf | chave=51220923704333000601550010000088561331850598 DV_valido=True
2026-09-23 12:24:09 | DEBUG    | campos: rotulo 'DADOS DO PRODUTO' nao encontrado
2026-09-23 12:24:09 | WARNING  | produtos: regiao de produtos invalida (e1=False e2=True ini_y=None fin_y=2764.1015625)
2026-09-23 12:24:09 | WARNING  | 03_NOTAS_FISCAIS\NF_FERTILIZANTE\KCL\8856.pdf | extracao PARCIAL -> campos nucleares ausentes: valor_da_nota, destinatario.nome, destinatario.cnpj_cpf
2026-09-23 12:24:09 | INFO     | 03_NOTAS_FISCAIS\NF_FERTILIZANTE\KCL\8856.pdf | produtos=0 status=parcial
2026-09-23 12:24:09 | INFO     | pipeline | 03_NOTAS_FISCAIS\NF_FERTILIZANTE\KCL\8856.pdf | chave 51220923704333000601550010000088561331850598 ATUALIZADA
2026-09-23 12:24:09 | INFO     | pipeline | [218/226] processando 03_NOTAS_FISCAIS\NF_FERTILIZANTE\KCL\8857.pdf
2026-09-23 12:24:09 | INFO     | 03_NOTAS_FISCAIS\NF_FERTILIZANTE\KCL\8857.pdf | inicio de extracao
2026-09-23 12:24:54 | INFO     | 03_NOTAS_FISCAIS\NF_FERTILIZANTE\KCL\8857.pdf | origem=ocr itens=155
2026-09-23 12:24:54 | INFO     | 03_NOTAS_FISCAIS\NF_FERTILIZANTE\KCL\8857.pdf | chave=51220923704333000601550010000088571927684458 DV_valido=True
2026-09-23 12:24:54 | INFO     | produtos: cabecalho detectado pelo criterio '3. CODIGO+DESCRICAO (sem CFOP no cab)'
2026-09-23 12:24:54 | INFO     | produtos: colunas mapeadas (12): ['codigo', 'descricao', 'origem_cst', 'ncm', 'unidade', 'quantidade', 'valor_unitario', 'desconto', 'valor_total', 'bc_icms', 'valor_ipi', 'valor_icms']
2026-09-23 12:24:54 | DEBUG    | produtos: novo item -> {'codigo': 'K012', 'descricao': 'CloretodePotassio60%K20-Granulado', 'ncm': '31042090', 'origem_cst': '6/20', 'unidade': '5102 TON', 'quantidade': '48,0000', 'valor_unitario': '5.611,8750', 'valor_total': '269.370,00', 'valor_ipi': 'ICMSIPI'}
2026-09-23 12:24:54 | INFO     | produtos: 1 item(ns) extraido(s)
2026-09-23 12:24:54 | INFO     | produtos: item 1 codigo='K012 DADOSADICIONAIS' descricao='CloretodePotassio60%K20-Granulado viasolo; Obs:FertilizanteMineral Simples,Aplicacao Lote:' ncm='31042090' und='5102 TON' qtde='48,0000' vlr_unit='5.611,8750' vlr_total='269.370,00'
2026-09-23 12:24:54 | INFO     | produtos: total combinado (paginas) = 1
2026-09-23 12:24:54 | WARNING  | 03_NOTAS_FISCAIS\NF_FERTILIZANTE\KCL\8857.pdf | extracao PARCIAL -> campos nucleares ausentes: valor_da_nota, destinatario.nome, destinatario.cnpj_cpf
2026-09-23 12:24:54 | INFO     | 03_NOTAS_FISCAIS\NF_FERTILIZANTE\KCL\8857.pdf | produtos=1 status=parcial
2026-09-23 12:24:54 | INFO     | pipeline | 03_NOTAS_FISCAIS\NF_FERTILIZANTE\KCL\8857.pdf | chave 51220923704333000601550010000088571927684458 ATUALIZADA
2026-09-23 12:24:54 | INFO     | pipeline | [219/226] processando 03_NOTAS_FISCAIS\NF_FERTILIZANTE\MAP\8643.pdf
2026-09-23 12:24:54 | INFO     | 03_NOTAS_FISCAIS\NF_FERTILIZANTE\MAP\8643.pdf | inicio de extracao
2026-09-23 12:25:35 | INFO     | 03_NOTAS_FISCAIS\NF_FERTILIZANTE\MAP\8643.pdf | origem=ocr itens=171
2026-09-23 12:25:35 | INFO     | 03_NOTAS_FISCAIS\NF_FERTILIZANTE\MAP\8643.pdf | chave=51220723704333000601550010000086431283821809 DV_valido=True
2026-09-23 12:25:35 | INFO     | produtos: cabecalho detectado pelo criterio '1. CODIGO+CFOP+VLR UNIT'
2026-09-23 12:25:35 | INFO     | produtos: colunas mapeadas (13): ['valor_icms', 'bc_icms', 'valor_ipi', 'valor_unitario', 'valor_total', 'desconto', 'unidade', 'quantidade', 'origem_cst', 'cfop', 'ncm', 'codigo', 'descricao']
2026-09-23 12:25:35 | DEBUG    | produtos: novo item -> {'codigo': 'P015', 'descricao': 'FosfatoMonoamonico11%N-52%P205-', 'ncm': '31054000', 'origem_cst': '6/20', 'cfop': '5102', 'unidade': 'TON', 'quantidade': '37,0000', 'valor_unitario': '5.821,0919', 'valor_total': '215.380.40', 'bc_icms': '12.664.37', 'valor_icms': '2.152,94', 'valor_ipi': '0.0017,000.'}
2026-09-23 12:25:35 | DEBUG    | produtos: linha de 'obs' vista; valores nao-descricao aproveitados -> {}
2026-09-23 12:25:35 | DEBUG    | produtos: linha descartada apos obs -> {'descricao': 'VIASOLO;'}
2026-09-23 12:25:35 | DEBUG    | produtos: linha descartada apos obs -> {'descricao': 'Lote:IMP197022-Qtde:37:'}
2026-09-23 12:25:35 | DEBUG    | produtos: linha descartada apos obs -> {'descricao': 'Lote(s):Reg.MAPA:PR0015695 000026.'}
2026-09-23 12:25:35 | DEBUG    | produtos: linha descartada apos obs -> {'codigo': 'DADOSADICIONAIS'}
2026-09-23 12:25:35 | INFO     | produtos: 1 item(ns) extraido(s)
2026-09-23 12:25:35 | INFO     | produtos: item 1 codigo='P015' descricao='FosfatoMonoamonico11%N-52%P205- Granulado' ncm='31054000' und='TON' qtde='37,0000' vlr_unit='5.821,0919' vlr_total='215.380.40'
2026-09-23 12:25:35 | INFO     | produtos: total combinado (paginas) = 1
2026-09-23 12:25:35 | INFO     | 03_NOTAS_FISCAIS\NF_FERTILIZANTE\MAP\8643.pdf | extracao COMPLETA
2026-09-23 12:25:35 | INFO     | 03_NOTAS_FISCAIS\NF_FERTILIZANTE\MAP\8643.pdf | produtos=1 status=completa
2026-09-23 12:25:35 | INFO     | pipeline | 03_NOTAS_FISCAIS\NF_FERTILIZANTE\MAP\8643.pdf | chave 51220723704333000601550010000086431283821809 ATUALIZADA
2026-09-23 12:25:35 | INFO     | pipeline | [220/226] processando 03_NOTAS_FISCAIS\NF_FERTILIZANTE\MAP\8645.pdf
2026-09-23 12:25:35 | INFO     | 03_NOTAS_FISCAIS\NF_FERTILIZANTE\MAP\8645.pdf | inicio de extracao
2026-09-23 12:26:14 | INFO     | 03_NOTAS_FISCAIS\NF_FERTILIZANTE\MAP\8645.pdf | origem=ocr itens=153
2026-09-23 12:26:14 | INFO     | 03_NOTAS_FISCAIS\NF_FERTILIZANTE\MAP\8645.pdf | chave=51220723704333000601550010000086451309928634 DV_valido=True
2026-09-23 12:26:14 | INFO     | produtos: cabecalho detectado pelo criterio '3. CODIGO+DESCRICAO (sem CFOP no cab)'
2026-09-23 12:26:14 | INFO     | produtos: colunas mapeadas (11): ['codigo', 'aliquota', 'descricao', 'origem_cst', 'ncm', 'valor_unitario', 'desconto', 'valor_total', 'bc_icms', 'valor_icms', 'valor_ipi']
2026-09-23 12:26:14 | DEBUG    | produtos: novo item -> {'codigo': 'P015', 'descricao': 'Granulado FosfatoMonoamonico11%N-52%P205-', 'ncm': '31054000', 'origem_cst': '6/20 5102 TON', 'valor_unitario': '37,0000 5.821.0919', 'valor_total': '215.380.40', 'bc_icms': '12.664.37', 'valor_icms': '2.152.94', 'aliquota': '0.0017,000.00'}
2026-09-23 12:26:14 | DEBUG    | produtos: linha de 'obs' vista; valores nao-descricao aproveitados -> {}
2026-09-23 12:26:14 | DEBUG    | produtos: linha descartada apos obs -> {'descricao': 'VIASOLO.:'}
2026-09-23 12:26:14 | DEBUG    | produtos: linha descartada apos obs -> {'descricao': 'Lote:IMP197022-Qtde:37:'}
2026-09-23 12:26:14 | DEBUG    | produtos: linha descartada apos obs -> {'descricao': 'Lote(s):Reg.MAPA:PR0015695000026.'}
2026-09-23 12:26:14 | DEBUG    | produtos: linha descartada apos obs -> {'codigo': 'DADOSADICIONAIS'}
2026-09-23 12:26:14 | INFO     | produtos: 1 item(ns) extraido(s)
2026-09-23 12:26:14 | INFO     | produtos: item 1 codigo='P015' descricao='Granulado FosfatoMonoamonico11%N-52%P205-' ncm='31054000' und=None qtde=None vlr_unit='37,0000 5.821.0919' vlr_total='215.380.40'
2026-09-23 12:26:14 | INFO     | produtos: total combinado (paginas) = 1
2026-09-23 12:26:14 | WARNING  | 03_NOTAS_FISCAIS\NF_FERTILIZANTE\MAP\8645.pdf | extracao PARCIAL -> campos nucleares ausentes: valor_da_nota, destinatario.nome, destinatario.cnpj_cpf
2026-09-23 12:26:14 | INFO     | 03_NOTAS_FISCAIS\NF_FERTILIZANTE\MAP\8645.pdf | produtos=1 status=parcial
2026-09-23 12:26:14 | INFO     | pipeline | 03_NOTAS_FISCAIS\NF_FERTILIZANTE\MAP\8645.pdf | chave 51220723704333000601550010000086451309928634 ATUALIZADA
2026-09-23 12:26:14 | INFO     | pipeline | [221/226] processando 03_NOTAS_FISCAIS\NF_FERTILIZANTE\MAP\8646.pdf
2026-09-23 12:26:14 | INFO     | 03_NOTAS_FISCAIS\NF_FERTILIZANTE\MAP\8646.pdf | inicio de extracao
2026-09-23 12:26:48 | INFO     | 03_NOTAS_FISCAIS\NF_FERTILIZANTE\MAP\8646.pdf | origem=ocr itens=156
2026-09-23 12:26:48 | INFO     | 03_NOTAS_FISCAIS\NF_FERTILIZANTE\MAP\8646.pdf | chave=51220723704333000601550010000086461530470545 DV_valido=True
2026-09-23 12:26:48 | INFO     | produtos: cabecalho detectado pelo criterio '2. CODIGO+CFOP'
2026-09-23 12:26:48 | INFO     | produtos: colunas mapeadas (13): ['codigo', 'descricao', 'ncm', 'origem_cst', 'cfop', 'aliquota', 'unidade', 'quantidade', 'desconto', 'valor_total', 'bc_icms', 'valor_icms', 'valor_ipi']
2026-09-23 12:26:48 | DEBUG    | produtos: novo item -> {'codigo': 'P015', 'descricao': 'FosfatoMonoamonico11%N-52%P2O5-', 'ncm': '31054000', 'origem_cst': '6/20', 'cfop': '5102', 'unidade': 'TON', 'quantidade': '37.0000', 'desconto': '5.821,0919', 'valor_total': '215.380.40', 'aliquota': 'ICMSTIPI'}
2026-09-23 12:26:48 | DEBUG    | produtos: linha de 'obs' vista; valores nao-descricao aproveitados -> {}
2026-09-23 12:26:48 | DEBUG    | produtos: linha descartada apos obs -> {'descricao': 'VIASOLO.:'}
2026-09-23 12:26:48 | DEBUG    | produtos: linha descartada apos obs -> {'descricao': 'Lote:IMP197022-QIde:37:'}
2026-09-23 12:26:48 | DEBUG    | produtos: linha descartada apos obs -> {'descricao': 'Lote(s):Reg.MAPA:PR0015695000026.'}
2026-09-23 12:26:48 | DEBUG    | produtos: linha descartada apos obs -> {'codigo': 'DADOSADICIONAIS'}
2026-09-23 12:26:48 | INFO     | produtos: 1 item(ns) extraido(s)
2026-09-23 12:26:48 | INFO     | produtos: item 1 codigo='P015' descricao='FosfatoMonoamonico11%N-52%P2O5- Granulado' ncm='31054000' und='TON' qtde='37.0000' vlr_unit=None vlr_total='215.380.40'
2026-09-23 12:26:48 | INFO     | produtos: total combinado (paginas) = 1
2026-09-23 12:26:48 | WARNING  | 03_NOTAS_FISCAIS\NF_FERTILIZANTE\MAP\8646.pdf | extracao PARCIAL -> campos nucleares ausentes: valor_da_nota, destinatario.nome, destinatario.cnpj_cpf
2026-09-23 12:26:48 | INFO     | 03_NOTAS_FISCAIS\NF_FERTILIZANTE\MAP\8646.pdf | produtos=1 status=parcial
2026-09-23 12:26:48 | INFO     | pipeline | 03_NOTAS_FISCAIS\NF_FERTILIZANTE\MAP\8646.pdf | chave 51220723704333000601550010000086461530470545 ATUALIZADA
2026-09-23 12:26:48 | INFO     | pipeline | [222/226] processando 03_NOTAS_FISCAIS\NF_FERTILIZANTE\MAP\8647.pdf
2026-09-23 12:26:49 | INFO     | 03_NOTAS_FISCAIS\NF_FERTILIZANTE\MAP\8647.pdf | inicio de extracao
2026-09-23 12:27:25 | INFO     | 03_NOTAS_FISCAIS\NF_FERTILIZANTE\MAP\8647.pdf | origem=ocr itens=171
2026-09-23 12:27:25 | INFO     | 03_NOTAS_FISCAIS\NF_FERTILIZANTE\MAP\8647.pdf | chave=15122072370433300060155001000008647196957361 DV_valido=False
2026-09-23 12:27:25 | INFO     | produtos: cabecalho detectado pelo criterio '2. CODIGO+CFOP'
2026-09-23 12:27:25 | INFO     | produtos: colunas mapeadas (12): ['valor_ipi', 'valor_icms', 'bc_icms', 'valor_unitario', 'valor_total', 'desconto', 'quantidade', 'cfop', 'origem_cst', 'ncm', 'descricao', 'codigo']
2026-09-23 12:27:25 | DEBUG    | produtos: novo item -> {'codigo': 'P015', 'descricao': 'FosfatoMonoamonico11%N-52%P205-', 'ncm': '31054000', 'origem_cst': '6/20', 'cfop': '5102 TON', 'quantidade': '36.0000', 'valor_unitario': '5.821.0919', 'valor_total': '209.559,31', 'bc_icms': '12.322.09', 'valor_icms': '2.094,76', 'valor_ipi': '0.0017.00'}
2026-09-23 12:27:25 | DEBUG    | produtos: linha de 'obs' vista; valores nao-descricao aproveitados -> {}
2026-09-23 12:27:25 | DEBUG    | produtos: linha descartada apos obs -> {'descricao': 'VIASOLO;'}
2026-09-23 12:27:25 | DEBUG    | produtos: linha descartada apos obs -> {'descricao': 'Lote:IMP197022-Qtde:36:'}
2026-09-23 12:27:25 | DEBUG    | produtos: linha descartada apos obs -> {'descricao': 'Lote(s):Reg.MAPA:PR0015695000026.'}
2026-09-23 12:27:25 | DEBUG    | produtos: linha descartada apos obs -> {'codigo': 'DADOSADICIONAIS'}
2026-09-23 12:27:25 | INFO     | produtos: 1 item(ns) extraido(s)
2026-09-23 12:27:25 | INFO     | produtos: item 1 codigo='P015' descricao='FosfatoMonoamonico11%N-52%P205- Granulado' ncm='31054000' und=None qtde='36.0000' vlr_unit='5.821.0919' vlr_total='209.559,31'
2026-09-23 12:27:25 | INFO     | produtos: total combinado (paginas) = 1
2026-09-23 12:27:25 | WARNING  | 03_NOTAS_FISCAIS\NF_FERTILIZANTE\MAP\8647.pdf | extracao PARCIAL -> chave de acesso com digito verificador invalido (DV)
2026-09-23 12:27:25 | INFO     | 03_NOTAS_FISCAIS\NF_FERTILIZANTE\MAP\8647.pdf | produtos=1 status=parcial
2026-09-23 12:27:25 | INFO     | pipeline | 03_NOTAS_FISCAIS\NF_FERTILIZANTE\MAP\8647.pdf | chave 15122072370433300060155001000008647196957361 ATUALIZADA
2026-09-23 12:27:25 | WARNING  | pipeline | 03_NOTAS_FISCAIS\NF_FERTILIZANTE\MAP\8647.pdf | extracao PARCIAL (chave de acesso com digito verificador invalido (DV))
2026-09-23 12:27:25 | INFO     | pipeline | [223/226] processando 03_NOTAS_FISCAIS\NF_FERTILIZANTE\MAP\8649.pdf
2026-09-23 12:27:25 | INFO     | 03_NOTAS_FISCAIS\NF_FERTILIZANTE\MAP\8649.pdf | inicio de extracao
2026-09-23 12:27:42 | INFO     | 03_NOTAS_FISCAIS\NF_FERTILIZANTE\MAP\8649.pdf | origem=ocr itens=165
2026-09-23 12:27:42 | INFO     | 03_NOTAS_FISCAIS\NF_FERTILIZANTE\MAP\8649.pdf | chave=15122072370433300060155001000008649107682248 DV_valido=False
2026-09-23 12:27:42 | INFO     | produtos: cabecalho detectado pelo criterio '3. CODIGO+DESCRICAO (sem CFOP no cab)'
2026-09-23 12:27:42 | INFO     | produtos: colunas mapeadas (14): ['codigo', 'descricao', 'ncm', 'origem_cst', 'cfop', 'unidade', 'quantidade', 'valor_unitario', 'desconto', 'valor_total', 'aliquota', 'bc_icms', 'valor_icms', 'valor_ipi']
2026-09-23 12:27:42 | DEBUG    | produtos: novo item -> {'codigo': 'PO15', 'descricao': 'FosfatoMonoamonico11%N-52%P205-', 'bc_icms': 'VTRIB'}
2026-09-23 12:27:42 | DEBUG    | produtos: linha de 'obs' vista; valores nao-descricao aproveitados -> {'valor_total': '215.380,40', 'bc_icms': '12.664,37', 'valor_icms': '2.152,94', 'aliquota': '0,0017,000,00'}
2026-09-23 12:27:42 | DEBUG    | produtos: linha descartada apos obs -> {'descricao': 'VIASOLO.'}
2026-09-23 12:27:42 | DEBUG    | produtos: linha descartada apos obs -> {'descricao': 'Lote:IMP197022-Qtde:37;'}
2026-09-23 12:27:42 | DEBUG    | produtos: linha descartada apos obs -> {'descricao': 'Lote(s):Reg.MAPA:PR0015695000026.'}
2026-09-23 12:27:42 | DEBUG    | produtos: linha descartada apos obs -> {'codigo': 'DADOSADICIONAIS'}
2026-09-23 12:27:42 | INFO     | produtos: 1 item(ns) extraido(s)
2026-09-23 12:27:42 | INFO     | produtos: item 1 codigo='PO15' descricao='FosfatoMonoamonico11%N-52%P205- Granulado' ncm='31054000' und='TON' qtde='37,0000' vlr_unit='5.821,0919' vlr_total='215.380,40'
2026-09-23 12:27:42 | INFO     | produtos: total combinado (paginas) = 1
2026-09-23 12:27:42 | WARNING  | 03_NOTAS_FISCAIS\NF_FERTILIZANTE\MAP\8649.pdf | extracao PARCIAL -> chave de acesso com digito verificador invalido (DV)
2026-09-23 12:27:42 | INFO     | 03_NOTAS_FISCAIS\NF_FERTILIZANTE\MAP\8649.pdf | produtos=1 status=parcial
2026-09-23 12:27:42 | INFO     | pipeline | 03_NOTAS_FISCAIS\NF_FERTILIZANTE\MAP\8649.pdf | chave 15122072370433300060155001000008649107682248 ATUALIZADA
2026-09-23 12:27:42 | WARNING  | pipeline | 03_NOTAS_FISCAIS\NF_FERTILIZANTE\MAP\8649.pdf | extracao PARCIAL (chave de acesso com digito verificador invalido (DV))
2026-09-23 12:27:42 | INFO     | pipeline | [224/226] processando 03_NOTAS_FISCAIS\NF_FERTILIZANTE\MAP\8662.pdf
2026-09-23 12:27:42 | INFO     | 03_NOTAS_FISCAIS\NF_FERTILIZANTE\MAP\8662.pdf | inicio de extracao
2026-09-23 12:28:14 | INFO     | 03_NOTAS_FISCAIS\NF_FERTILIZANTE\MAP\8662.pdf | origem=ocr itens=156
2026-09-23 12:28:14 | INFO     | 03_NOTAS_FISCAIS\NF_FERTILIZANTE\MAP\8662.pdf | chave=15220723704333000601550010000086621362784278 DV_valido=False
2026-09-23 12:28:14 | INFO     | produtos: cabecalho detectado pelo criterio '1. CODIGO+CFOP+VLR UNIT'
2026-09-23 12:28:14 | INFO     | produtos: colunas mapeadas (11): ['codigo', 'valor_unitario', 'descricao', 'origem_cst', 'cfop', 'desconto', 'valor_total', 'valor_icms', 'ncm', 'valor_ipi', 'bc_icms']
2026-09-23 12:28:14 | DEBUG    | produtos: novo item -> {'codigo': 'P015', 'descricao': 'FosfatoMonoamonico11%N-52%P205-', 'ncm': '31054000', 'origem_cst': '6/20', 'cfop': '5102 TON', 'valor_unitario': '48,0000 5.907,0600', 'valor_total': '283.538.88', 'bc_icms': '16.672.09', 'valor_icms': '2.834,26', 'valor_ipi': '0.0017.000.0'}
2026-09-23 12:28:14 | DEBUG    | produtos: linha de 'obs' vista; valores nao-descricao aproveitados -> {}
2026-09-23 12:28:14 | DEBUG    | produtos: linha descartada apos obs -> {'descricao': 'Lote:IMP197022-Qtde:48;'}
2026-09-23 12:28:14 | DEBUG    | produtos: linha descartada apos obs -> {'descricao': 'Lote(s):Reg.MAPA:PR 0015695000026.'}
2026-09-23 12:28:14 | DEBUG    | produtos: linha descartada apos obs -> {'codigo': 'DADOSADICIONAIS'}
2026-09-23 12:28:14 | INFO     | produtos: 1 item(ns) extraido(s)
2026-09-23 12:28:14 | INFO     | produtos: item 1 codigo='P015' descricao='FosfatoMonoamonico11%N-52%P205- Granulado' ncm='31054000' und=None qtde=None vlr_unit='48,0000 5.907,0600' vlr_total='283.538.88'
2026-09-23 12:28:14 | INFO     | produtos: total combinado (paginas) = 1
2026-09-23 12:28:14 | WARNING  | 03_NOTAS_FISCAIS\NF_FERTILIZANTE\MAP\8662.pdf | extracao PARCIAL -> chave de acesso com digito verificador invalido (DV)
2026-09-23 12:28:14 | INFO     | 03_NOTAS_FISCAIS\NF_FERTILIZANTE\MAP\8662.pdf | produtos=1 status=parcial
2026-09-23 12:28:14 | INFO     | pipeline | 03_NOTAS_FISCAIS\NF_FERTILIZANTE\MAP\8662.pdf | chave 15220723704333000601550010000086621362784278 ATUALIZADA
2026-09-23 12:28:14 | WARNING  | pipeline | 03_NOTAS_FISCAIS\NF_FERTILIZANTE\MAP\8662.pdf | extracao PARCIAL (chave de acesso com digito verificador invalido (DV))
2026-09-23 12:28:14 | INFO     | pipeline | [225/226] processando 03_NOTAS_FISCAIS\NF_FERTILIZANTE\MAP\8694.pdf
2026-09-23 12:28:14 | INFO     | 03_NOTAS_FISCAIS\NF_FERTILIZANTE\MAP\8694.pdf | inicio de extracao
2026-09-23 12:29:15 | INFO     | 03_NOTAS_FISCAIS\NF_FERTILIZANTE\MAP\8694.pdf | origem=ocr itens=170
2026-09-23 12:29:15 | INFO     | 03_NOTAS_FISCAIS\NF_FERTILIZANTE\MAP\8694.pdf | chave=51220823704333000601550010000086941339615756 DV_valido=True
2026-09-23 12:29:15 | INFO     | produtos: cabecalho detectado pelo criterio '1. CODIGO+CFOP+VLR UNIT'
2026-09-23 12:29:15 | INFO     | produtos: colunas mapeadas (13): ['ncm', 'bc_icms', 'valor_icms', 'cfop', 'valor_total', 'origem_cst', 'unidade', 'valor_unitario', 'desconto', 'valor_ipi', 'codigo', 'descricao', 'quantidade']
2026-09-23 12:29:15 | DEBUG    | produtos: novo item -> {'codigo': 'POIS', 'descricao': 'FosfatoMonoamonico11%N-52%P205-', 'ncm': '31054000', 'origem_cst': '6/20', 'cfop': '5102', 'unidade': 'TON', 'quantidade': '32,0000', 'valor_unitario': '5.907,0600', 'valor_total': '189.025.92', 'bc_icms': '11.114.72', 'valor_icms': '1.889.50', 'valor_ipi': '0,00|17.000.0'}
2026-09-23 12:29:15 | DEBUG    | produtos: linha de 'obs' vista; valores nao-descricao aproveitados -> {}
2026-09-23 12:29:15 | DEBUG    | produtos: linha descartada apos obs -> {'descricao': 'APLICACAOVIASOLO'}
2026-09-23 12:29:15 | DEBUG    | produtos: linha descartada apos obs -> {'descricao': 'Lotc:1MP197022-Q1dc:32.'}
2026-09-23 12:29:15 | DEBUG    | produtos: linha descartada apos obs -> {'descricao': 'Lolc(s):Reg.MAPA:PR0015695000026.'}
2026-09-23 12:29:15 | DEBUG    | produtos: linha descartada apos obs -> {'codigo': 'DADOSADICIONAIS'}
2026-09-23 12:29:15 | INFO     | produtos: 1 item(ns) extraido(s)
2026-09-23 12:29:15 | INFO     | produtos: item 1 codigo='POIS' descricao='FosfatoMonoamonico11%N-52%P205- Granulado' ncm='31054000' und='TON' qtde='32,0000' vlr_unit='5.907,0600' vlr_total='189.025.92'
2026-09-23 12:29:15 | INFO     | produtos: total combinado (paginas) = 1
2026-09-23 12:29:15 | INFO     | 03_NOTAS_FISCAIS\NF_FERTILIZANTE\MAP\8694.pdf | extracao COMPLETA
2026-09-23 12:29:15 | INFO     | 03_NOTAS_FISCAIS\NF_FERTILIZANTE\MAP\8694.pdf | produtos=1 status=completa
2026-09-23 12:29:15 | INFO     | pipeline | 03_NOTAS_FISCAIS\NF_FERTILIZANTE\MAP\8694.pdf | chave 51220823704333000601550010000086941339615756 ATUALIZADA
2026-09-23 12:29:15 | INFO     | pipeline | [226/226] processando 03_NOTAS_FISCAIS\NF_FERTILIZANTE\MAP\8696.pdf
2026-09-23 12:29:15 | INFO     | 03_NOTAS_FISCAIS\NF_FERTILIZANTE\MAP\8696.pdf | inicio de extracao
2026-09-23 12:30:11 | INFO     | 03_NOTAS_FISCAIS\NF_FERTILIZANTE\MAP\8696.pdf | origem=ocr itens=159
2026-09-23 12:30:11 | INFO     | 03_NOTAS_FISCAIS\NF_FERTILIZANTE\MAP\8696.pdf | chave=51220823704333000601550010000086961991321798 DV_valido=True
2026-09-23 12:30:11 | INFO     | produtos: cabecalho detectado pelo criterio '1. CODIGO+CFOP+VLR UNIT'
2026-09-23 12:30:11 | INFO     | produtos: colunas mapeadas (13): ['aliquota', 'codigo', 'descricao', 'ncm', 'origem_cst', 'cfop', 'unidade', 'valor_unitario', 'desconto', 'valor_total', 'bc_icms', 'valor_icms', 'valor_ipi']
2026-09-23 12:30:11 | DEBUG    | produtos: novo item -> {'codigo': 'P015', 'descricao': 'Granulado FosfatoMonoamonico11%N-52%P205-', 'ncm': '31054000', 'origem_cst': '6/20', 'cfop': '5102', 'unidade': 'TON 36,0000', 'valor_unitario': '5.821,0925', 'valor_total': '209.559,33', 'bc_icms': '12.322,09', 'valor_icms': '2.094,76', 'aliquota': '0,0017,000,00'}
2026-09-23 12:30:11 | INFO     | produtos: 1 item(ns) extraido(s)
2026-09-23 12:30:11 | INFO     | produtos: item 1 codigo='P015 DADOSADICIONAIS' descricao='Granulado FosfatoMonoamonico11%N-52%P205- APLICACAOVIASOLO: Obs:FERT.MINERALSIMPLES, Lote:' ncm='31054000' und='TON 36,0000' qtde=None vlr_unit='5.821,0925' vlr_total='209.559,33'
2026-09-23 12:30:11 | INFO     | produtos: total combinado (paginas) = 1
2026-09-23 12:30:11 | WARNING  | 03_NOTAS_FISCAIS\NF_FERTILIZANTE\MAP\8696.pdf | extracao PARCIAL -> campos nucleares ausentes: valor_da_nota, destinatario.nome, destinatario.cnpj_cpf
2026-09-23 12:30:11 | INFO     | 03_NOTAS_FISCAIS\NF_FERTILIZANTE\MAP\8696.pdf | produtos=1 status=parcial
2026-09-23 12:30:11 | INFO     | pipeline | 03_NOTAS_FISCAIS\NF_FERTILIZANTE\MAP\8696.pdf | chave 51220823704333000601550010000086961991321798 ATUALIZADA
2026-09-23 12:30:11 | INFO     | pipeline | RESULTADO: pdfs=226 inseridas=0 atualizadas=73 parciais=4 falhas=153 antes=73 depois=73 duracao=1695.2s
2026-09-23 12:30:11 | ERROR    | pipeline | FALHA 01_DADOS_OPERACIONAIS\DEFENSIVOS\ALGODAO\Fungicida Campo 203.pdf -> nao foi encontrada a chave de acesso (44 digitos)
2026-09-23 12:30:11 | ERROR    | pipeline | FALHA 01_DADOS_OPERACIONAIS\DEFENSIVOS\ALGODAO\Fungicida Campo 204.pdf -> nao foi encontrada a chave de acesso (44 digitos)
2026-09-23 12:30:11 | ERROR    | pipeline | FALHA 01_DADOS_OPERACIONAIS\DEFENSIVOS\ALGODAO\Fungicida Campo 209.pdf -> nao foi encontrada a chave de acesso (44 digitos)
2026-09-23 12:30:11 | ERROR    | pipeline | FALHA 01_DADOS_OPERACIONAIS\DEFENSIVOS\ALGODAO\Fungicida Campo 210.pdf -> nao foi encontrada a chave de acesso (44 digitos)
2026-09-23 12:30:11 | ERROR    | pipeline | FALHA 01_DADOS_OPERACIONAIS\DEFENSIVOS\ALGODAO\Fungicida Campo 211.pdf -> nao foi encontrada a chave de acesso (44 digitos)
2026-09-23 12:30:11 | ERROR    | pipeline | FALHA 01_DADOS_OPERACIONAIS\DEFENSIVOS\ALGODAO\Fungicida Campo 301.pdf -> nao foi encontrada a chave de acesso (44 digitos)
2026-09-23 12:30:11 | ERROR    | pipeline | FALHA 01_DADOS_OPERACIONAIS\DEFENSIVOS\ALGODAO\Fungicida Campo 302.pdf -> nao foi encontrada a chave de acesso (44 digitos)
2026-09-23 12:30:11 | ERROR    | pipeline | FALHA 01_DADOS_OPERACIONAIS\DEFENSIVOS\ALGODAO\Fungicida Campo 305.pdf -> nao foi encontrada a chave de acesso (44 digitos)
2026-09-23 12:30:11 | ERROR    | pipeline | FALHA 01_DADOS_OPERACIONAIS\DEFENSIVOS\ALGODAO\Fungicida Campo Pivo 01.pdf -> nao foi encontrada a chave de acesso (44 digitos)
2026-09-23 12:30:11 | ERROR    | pipeline | FALHA 01_DADOS_OPERACIONAIS\DEFENSIVOS\ALGODAO\Fungicida Campo Pivo 02.pdf -> nao foi encontrada a chave de acesso (44 digitos)
2026-09-23 12:30:11 | ERROR    | pipeline | FALHA 01_DADOS_OPERACIONAIS\DEFENSIVOS\ALGODAO\Herbicida Campo 203.pdf -> nao foi encontrada a chave de acesso (44 digitos)
2026-09-23 12:30:11 | ERROR    | pipeline | FALHA 01_DADOS_OPERACIONAIS\DEFENSIVOS\ALGODAO\Herbicida Campo 204.pdf -> nao foi encontrada a chave de acesso (44 digitos)
2026-09-23 12:30:11 | ERROR    | pipeline | FALHA 01_DADOS_OPERACIONAIS\DEFENSIVOS\ALGODAO\Herbicida Campo 209.pdf -> nao foi encontrada a chave de acesso (44 digitos)
2026-09-23 12:30:11 | ERROR    | pipeline | FALHA 01_DADOS_OPERACIONAIS\DEFENSIVOS\ALGODAO\Herbicida Campo 210.pdf -> nao foi encontrada a chave de acesso (44 digitos)
2026-09-23 12:30:11 | ERROR    | pipeline | FALHA 01_DADOS_OPERACIONAIS\DEFENSIVOS\ALGODAO\Herbicida Campo 211.pdf -> nao foi encontrada a chave de acesso (44 digitos)
2026-09-23 12:30:11 | ERROR    | pipeline | FALHA 01_DADOS_OPERACIONAIS\DEFENSIVOS\ALGODAO\Herbicida Campo 301.pdf -> nao foi encontrada a chave de acesso (44 digitos)
2026-09-23 12:30:11 | ERROR    | pipeline | FALHA 01_DADOS_OPERACIONAIS\DEFENSIVOS\ALGODAO\Herbicida Campo 302.pdf -> nao foi encontrada a chave de acesso (44 digitos)
2026-09-23 12:30:11 | ERROR    | pipeline | FALHA 01_DADOS_OPERACIONAIS\DEFENSIVOS\ALGODAO\Herbicida Campo 305.pdf -> nao foi encontrada a chave de acesso (44 digitos)
2026-09-23 12:30:11 | ERROR    | pipeline | FALHA 01_DADOS_OPERACIONAIS\DEFENSIVOS\ALGODAO\Herbicida Campo Pivo 01.pdf -> nao foi encontrada a chave de acesso (44 digitos)
2026-09-23 12:30:11 | ERROR    | pipeline | FALHA 01_DADOS_OPERACIONAIS\DEFENSIVOS\ALGODAO\Herbicida Campo Pivo 02.pdf -> nao foi encontrada a chave de acesso (44 digitos)
2026-09-23 12:30:11 | ERROR    | pipeline | FALHA 01_DADOS_OPERACIONAIS\DEFENSIVOS\ALGODAO\Inseticida Campo 203.pdf -> nao foi encontrada a chave de acesso (44 digitos)
2026-09-23 12:30:11 | ERROR    | pipeline | FALHA 01_DADOS_OPERACIONAIS\DEFENSIVOS\ALGODAO\Inseticida Campo 204.pdf -> nao foi encontrada a chave de acesso (44 digitos)
2026-09-23 12:30:11 | ERROR    | pipeline | FALHA 01_DADOS_OPERACIONAIS\DEFENSIVOS\ALGODAO\Inseticida Campo 209.pdf -> nao foi encontrada a chave de acesso (44 digitos)
2026-09-23 12:30:11 | ERROR    | pipeline | FALHA 01_DADOS_OPERACIONAIS\DEFENSIVOS\ALGODAO\Inseticida Campo 210.pdf -> nao foi encontrada a chave de acesso (44 digitos)
2026-09-23 12:30:11 | ERROR    | pipeline | FALHA 01_DADOS_OPERACIONAIS\DEFENSIVOS\ALGODAO\Inseticida Campo 211.pdf -> nao foi encontrada a chave de acesso (44 digitos)
2026-09-23 12:30:11 | ERROR    | pipeline | FALHA 01_DADOS_OPERACIONAIS\DEFENSIVOS\ALGODAO\Inseticida Campo 301.pdf -> nao foi encontrada a chave de acesso (44 digitos)
2026-09-23 12:30:11 | ERROR    | pipeline | FALHA 01_DADOS_OPERACIONAIS\DEFENSIVOS\ALGODAO\Inseticida Campo 302.pdf -> nao foi encontrada a chave de acesso (44 digitos)
2026-09-23 12:30:11 | ERROR    | pipeline | FALHA 01_DADOS_OPERACIONAIS\DEFENSIVOS\ALGODAO\Inseticida Campo 305.pdf -> nao foi encontrada a chave de acesso (44 digitos)
2026-09-23 12:30:11 | ERROR    | pipeline | FALHA 01_DADOS_OPERACIONAIS\DEFENSIVOS\ALGODAO\Inseticida Campo Pivo 01.pdf -> nao foi encontrada a chave de acesso (44 digitos)
2026-09-23 12:30:11 | ERROR    | pipeline | FALHA 01_DADOS_OPERACIONAIS\DEFENSIVOS\ALGODAO\Inseticida Campo Pivo 02.pdf -> nao foi encontrada a chave de acesso (44 digitos)
2026-09-23 12:30:11 | ERROR    | pipeline | FALHA 01_DADOS_OPERACIONAIS\DEFENSIVOS\MILHO\Fungicida Campo 102.pdf -> nao foi encontrada a chave de acesso (44 digitos)
2026-09-23 12:30:11 | ERROR    | pipeline | FALHA 01_DADOS_OPERACIONAIS\DEFENSIVOS\MILHO\Fungicida Campo 103.pdf -> nao foi encontrada a chave de acesso (44 digitos)
2026-09-23 12:30:11 | ERROR    | pipeline | FALHA 01_DADOS_OPERACIONAIS\DEFENSIVOS\MILHO\Fungicida Campo 104.pdf -> nao foi encontrada a chave de acesso (44 digitos)
2026-09-23 12:30:11 | ERROR    | pipeline | FALHA 01_DADOS_OPERACIONAIS\DEFENSIVOS\MILHO\Fungicida Campo 105.pdf -> nao foi encontrada a chave de acesso (44 digitos)
2026-09-23 12:30:11 | ERROR    | pipeline | FALHA 01_DADOS_OPERACIONAIS\DEFENSIVOS\MILHO\Fungicida Campo 106.pdf -> nao foi encontrada a chave de acesso (44 digitos)
2026-09-23 12:30:11 | ERROR    | pipeline | FALHA 01_DADOS_OPERACIONAIS\DEFENSIVOS\MILHO\Fungicida Campo 107.pdf -> nao foi encontrada a chave de acesso (44 digitos)
2026-09-23 12:30:11 | ERROR    | pipeline | FALHA 01_DADOS_OPERACIONAIS\DEFENSIVOS\MILHO\Fungicida Campo 108.pdf -> nao foi encontrada a chave de acesso (44 digitos)
2026-09-23 12:30:11 | ERROR    | pipeline | FALHA 01_DADOS_OPERACIONAIS\DEFENSIVOS\MILHO\Fungicida Campo 109.pdf -> nao foi encontrada a chave de acesso (44 digitos)
2026-09-23 12:30:11 | ERROR    | pipeline | FALHA 01_DADOS_OPERACIONAIS\DEFENSIVOS\MILHO\Fungicida Campo 110.pdf -> nao foi encontrada a chave de acesso (44 digitos)
2026-09-23 12:30:11 | ERROR    | pipeline | FALHA 01_DADOS_OPERACIONAIS\DEFENSIVOS\MILHO\Fungicida Campo 201.pdf -> nao foi encontrada a chave de acesso (44 digitos)
2026-09-23 12:30:11 | ERROR    | pipeline | FALHA 01_DADOS_OPERACIONAIS\DEFENSIVOS\MILHO\Fungicida Campo 202.pdf -> nao foi encontrada a chave de acesso (44 digitos)
2026-09-23 12:30:11 | ERROR    | pipeline | FALHA 01_DADOS_OPERACIONAIS\DEFENSIVOS\MILHO\Fungicida Campo 205.pdf -> nao foi encontrada a chave de acesso (44 digitos)
2026-09-23 12:30:11 | ERROR    | pipeline | FALHA 01_DADOS_OPERACIONAIS\DEFENSIVOS\MILHO\Fungicida Campo 206.pdf -> nao foi encontrada a chave de acesso (44 digitos)
2026-09-23 12:30:11 | ERROR    | pipeline | FALHA 01_DADOS_OPERACIONAIS\DEFENSIVOS\MILHO\Fungicida Campo 207.pdf -> nao foi encontrada a chave de acesso (44 digitos)
2026-09-23 12:30:11 | ERROR    | pipeline | FALHA 01_DADOS_OPERACIONAIS\DEFENSIVOS\MILHO\Fungicida Campo 208.pdf -> nao foi encontrada a chave de acesso (44 digitos)
2026-09-23 12:30:11 | ERROR    | pipeline | FALHA 01_DADOS_OPERACIONAIS\DEFENSIVOS\MILHO\Fungicida Campo 212.pdf -> nao foi encontrada a chave de acesso (44 digitos)
2026-09-23 12:30:11 | ERROR    | pipeline | FALHA 01_DADOS_OPERACIONAIS\DEFENSIVOS\MILHO\Fungicida Campo 501.pdf -> nao foi encontrada a chave de acesso (44 digitos)
2026-09-23 12:30:11 | ERROR    | pipeline | FALHA 01_DADOS_OPERACIONAIS\DEFENSIVOS\MILHO\Fungicida Campo 502.pdf -> nao foi encontrada a chave de acesso (44 digitos)
2026-09-23 12:30:11 | ERROR    | pipeline | FALHA 01_DADOS_OPERACIONAIS\DEFENSIVOS\MILHO\Fungicida Campo 503.pdf -> nao foi encontrada a chave de acesso (44 digitos)
2026-09-23 12:30:11 | ERROR    | pipeline | FALHA 01_DADOS_OPERACIONAIS\DEFENSIVOS\MILHO\Fungicida Campo 504.pdf -> nao foi encontrada a chave de acesso (44 digitos)
2026-09-23 12:30:11 | ERROR    | pipeline | FALHA 01_DADOS_OPERACIONAIS\DEFENSIVOS\MILHO\Fungicida Campo 506.pdf -> nao foi encontrada a chave de acesso (44 digitos)
2026-09-23 12:30:11 | ERROR    | pipeline | FALHA 01_DADOS_OPERACIONAIS\DEFENSIVOS\MILHO\Fungicida Campo 507.pdf -> nao foi encontrada a chave de acesso (44 digitos)
2026-09-23 12:30:11 | ERROR    | pipeline | FALHA 01_DADOS_OPERACIONAIS\DEFENSIVOS\MILHO\Fungicida Campo 508.pdf -> nao foi encontrada a chave de acesso (44 digitos)
2026-09-23 12:30:11 | ERROR    | pipeline | FALHA 01_DADOS_OPERACIONAIS\DEFENSIVOS\MILHO\Fungicidas Campo 301.pdf -> nao foi encontrada a chave de acesso (44 digitos)
2026-09-23 12:30:11 | ERROR    | pipeline | FALHA 01_DADOS_OPERACIONAIS\DEFENSIVOS\MILHO\Fungicidas Campo 303.pdf -> nao foi encontrada a chave de acesso (44 digitos)
2026-09-23 12:30:11 | ERROR    | pipeline | FALHA 01_DADOS_OPERACIONAIS\DEFENSIVOS\MILHO\Fungicidas Campo 304.pdf -> nao foi encontrada a chave de acesso (44 digitos)
2026-09-23 12:30:11 | ERROR    | pipeline | FALHA 01_DADOS_OPERACIONAIS\DEFENSIVOS\MILHO\Fungicidas Campo 306.pdf -> nao foi encontrada a chave de acesso (44 digitos)
2026-09-23 12:30:11 | ERROR    | pipeline | FALHA 01_DADOS_OPERACIONAIS\DEFENSIVOS\MILHO\Herbicida Campo 102.pdf -> nao foi encontrada a chave de acesso (44 digitos)
2026-09-23 12:30:11 | ERROR    | pipeline | FALHA 01_DADOS_OPERACIONAIS\DEFENSIVOS\MILHO\Herbicida Campo 103.pdf -> nao foi encontrada a chave de acesso (44 digitos)
2026-09-23 12:30:11 | ERROR    | pipeline | FALHA 01_DADOS_OPERACIONAIS\DEFENSIVOS\MILHO\Herbicida Campo 104.pdf -> nao foi encontrada a chave de acesso (44 digitos)
2026-09-23 12:30:11 | ERROR    | pipeline | FALHA 01_DADOS_OPERACIONAIS\DEFENSIVOS\MILHO\Herbicida Campo 105.pdf -> nao foi encontrada a chave de acesso (44 digitos)
2026-09-23 12:30:11 | ERROR    | pipeline | FALHA 01_DADOS_OPERACIONAIS\DEFENSIVOS\MILHO\Herbicida Campo 106.pdf -> nao foi encontrada a chave de acesso (44 digitos)
2026-09-23 12:30:11 | ERROR    | pipeline | FALHA 01_DADOS_OPERACIONAIS\DEFENSIVOS\MILHO\Herbicida Campo 107.pdf -> nao foi encontrada a chave de acesso (44 digitos)
2026-09-23 12:30:11 | ERROR    | pipeline | FALHA 01_DADOS_OPERACIONAIS\DEFENSIVOS\MILHO\Herbicida Campo 108.pdf -> nao foi encontrada a chave de acesso (44 digitos)
2026-09-23 12:30:11 | ERROR    | pipeline | FALHA 01_DADOS_OPERACIONAIS\DEFENSIVOS\MILHO\Herbicida Campo 109.pdf -> nao foi encontrada a chave de acesso (44 digitos)
2026-09-23 12:30:11 | ERROR    | pipeline | FALHA 01_DADOS_OPERACIONAIS\DEFENSIVOS\MILHO\Herbicida Campo 110.pdf -> nao foi encontrada a chave de acesso (44 digitos)
2026-09-23 12:30:11 | ERROR    | pipeline | FALHA 01_DADOS_OPERACIONAIS\DEFENSIVOS\MILHO\Herbicida Campo 201.pdf -> nao foi encontrada a chave de acesso (44 digitos)
2026-09-23 12:30:11 | ERROR    | pipeline | FALHA 01_DADOS_OPERACIONAIS\DEFENSIVOS\MILHO\Herbicida Campo 202.pdf -> nao foi encontrada a chave de acesso (44 digitos)
2026-09-23 12:30:11 | ERROR    | pipeline | FALHA 01_DADOS_OPERACIONAIS\DEFENSIVOS\MILHO\Herbicida Campo 205.pdf -> nao foi encontrada a chave de acesso (44 digitos)
2026-09-23 12:30:11 | ERROR    | pipeline | FALHA 01_DADOS_OPERACIONAIS\DEFENSIVOS\MILHO\Herbicida Campo 206.pdf -> nao foi encontrada a chave de acesso (44 digitos)
2026-09-23 12:30:11 | ERROR    | pipeline | FALHA 01_DADOS_OPERACIONAIS\DEFENSIVOS\MILHO\Herbicida Campo 207.pdf -> nao foi encontrada a chave de acesso (44 digitos)
2026-09-23 12:30:11 | ERROR    | pipeline | FALHA 01_DADOS_OPERACIONAIS\DEFENSIVOS\MILHO\Herbicida Campo 208.pdf -> nao foi encontrada a chave de acesso (44 digitos)
2026-09-23 12:30:11 | ERROR    | pipeline | FALHA 01_DADOS_OPERACIONAIS\DEFENSIVOS\MILHO\Herbicida Campo 212.pdf -> nao foi encontrada a chave de acesso (44 digitos)
2026-09-23 12:30:11 | ERROR    | pipeline | FALHA 01_DADOS_OPERACIONAIS\DEFENSIVOS\MILHO\Herbicida Campo 301.pdf -> nao foi encontrada a chave de acesso (44 digitos)
2026-09-23 12:30:11 | ERROR    | pipeline | FALHA 01_DADOS_OPERACIONAIS\DEFENSIVOS\MILHO\Herbicida Campo 303.pdf -> nao foi encontrada a chave de acesso (44 digitos)
2026-09-23 12:30:11 | ERROR    | pipeline | FALHA 01_DADOS_OPERACIONAIS\DEFENSIVOS\MILHO\Herbicida Campo 304.pdf -> nao foi encontrada a chave de acesso (44 digitos)
2026-09-23 12:30:11 | ERROR    | pipeline | FALHA 01_DADOS_OPERACIONAIS\DEFENSIVOS\MILHO\Herbicida Campo 306.pdf -> nao foi encontrada a chave de acesso (44 digitos)
2026-09-23 12:30:11 | ERROR    | pipeline | FALHA 01_DADOS_OPERACIONAIS\DEFENSIVOS\MILHO\Herbicida Campo 501.pdf -> nao foi encontrada a chave de acesso (44 digitos)
2026-09-23 12:30:11 | ERROR    | pipeline | FALHA 01_DADOS_OPERACIONAIS\DEFENSIVOS\MILHO\Herbicida Campo 502.pdf -> nao foi encontrada a chave de acesso (44 digitos)
2026-09-23 12:30:11 | ERROR    | pipeline | FALHA 01_DADOS_OPERACIONAIS\DEFENSIVOS\MILHO\Herbicida Campo 503.pdf -> nao foi encontrada a chave de acesso (44 digitos)
2026-09-23 12:30:11 | ERROR    | pipeline | FALHA 01_DADOS_OPERACIONAIS\DEFENSIVOS\MILHO\Herbicida Campo 504.pdf -> nao foi encontrada a chave de acesso (44 digitos)
2026-09-23 12:30:11 | ERROR    | pipeline | FALHA 01_DADOS_OPERACIONAIS\DEFENSIVOS\MILHO\Herbicida Campo 506.pdf -> nao foi encontrada a chave de acesso (44 digitos)
2026-09-23 12:30:11 | ERROR    | pipeline | FALHA 01_DADOS_OPERACIONAIS\DEFENSIVOS\MILHO\Herbicida Campo 507.pdf -> nao foi encontrada a chave de acesso (44 digitos)
2026-09-23 12:30:11 | ERROR    | pipeline | FALHA 01_DADOS_OPERACIONAIS\DEFENSIVOS\MILHO\Herbicida Campo 508.pdf -> nao foi encontrada a chave de acesso (44 digitos)
2026-09-23 12:30:11 | ERROR    | pipeline | FALHA 01_DADOS_OPERACIONAIS\DEFENSIVOS\MILHO\Inseticida Campo 102.pdf -> nao foi encontrada a chave de acesso (44 digitos)
2026-09-23 12:30:11 | ERROR    | pipeline | FALHA 01_DADOS_OPERACIONAIS\DEFENSIVOS\MILHO\Inseticida Campo 103.pdf -> nao foi encontrada a chave de acesso (44 digitos)
2026-09-23 12:30:11 | ERROR    | pipeline | FALHA 01_DADOS_OPERACIONAIS\DEFENSIVOS\MILHO\Inseticida Campo 104.pdf -> nao foi encontrada a chave de acesso (44 digitos)
2026-09-23 12:30:11 | ERROR    | pipeline | FALHA 01_DADOS_OPERACIONAIS\DEFENSIVOS\MILHO\Inseticida Campo 105.pdf -> nao foi encontrada a chave de acesso (44 digitos)
2026-09-23 12:30:11 | ERROR    | pipeline | FALHA 01_DADOS_OPERACIONAIS\DEFENSIVOS\MILHO\Inseticida Campo 106.pdf -> nao foi encontrada a chave de acesso (44 digitos)
2026-09-23 12:30:11 | ERROR    | pipeline | FALHA 01_DADOS_OPERACIONAIS\DEFENSIVOS\MILHO\Inseticida Campo 107.pdf -> nao foi encontrada a chave de acesso (44 digitos)
2026-09-23 12:30:11 | ERROR    | pipeline | FALHA 01_DADOS_OPERACIONAIS\DEFENSIVOS\MILHO\Inseticida Campo 108.pdf -> nao foi encontrada a chave de acesso (44 digitos)
2026-09-23 12:30:11 | ERROR    | pipeline | FALHA 01_DADOS_OPERACIONAIS\DEFENSIVOS\MILHO\Inseticida Campo 109.pdf -> nao foi encontrada a chave de acesso (44 digitos)
2026-09-23 12:30:11 | ERROR    | pipeline | FALHA 01_DADOS_OPERACIONAIS\DEFENSIVOS\MILHO\Inseticida Campo 110.pdf -> nao foi encontrada a chave de acesso (44 digitos)
2026-09-23 12:30:11 | ERROR    | pipeline | FALHA 01_DADOS_OPERACIONAIS\DEFENSIVOS\MILHO\Inseticida Campo 201.pdf -> nao foi encontrada a chave de acesso (44 digitos)
2026-09-23 12:30:11 | ERROR    | pipeline | FALHA 01_DADOS_OPERACIONAIS\DEFENSIVOS\MILHO\Inseticida Campo 202.pdf -> nao foi encontrada a chave de acesso (44 digitos)
2026-09-23 12:30:11 | ERROR    | pipeline | FALHA 01_DADOS_OPERACIONAIS\DEFENSIVOS\MILHO\Inseticida Campo 205.pdf -> nao foi encontrada a chave de acesso (44 digitos)
2026-09-23 12:30:11 | ERROR    | pipeline | FALHA 01_DADOS_OPERACIONAIS\DEFENSIVOS\MILHO\Inseticida Campo 206.pdf -> nao foi encontrada a chave de acesso (44 digitos)
2026-09-23 12:30:11 | ERROR    | pipeline | FALHA 01_DADOS_OPERACIONAIS\DEFENSIVOS\MILHO\Inseticida Campo 207.pdf -> nao foi encontrada a chave de acesso (44 digitos)
2026-09-23 12:30:11 | ERROR    | pipeline | FALHA 01_DADOS_OPERACIONAIS\DEFENSIVOS\MILHO\Inseticida Campo 208.pdf -> nao foi encontrada a chave de acesso (44 digitos)
2026-09-23 12:30:11 | ERROR    | pipeline | FALHA 01_DADOS_OPERACIONAIS\DEFENSIVOS\MILHO\Inseticida Campo 212.pdf -> nao foi encontrada a chave de acesso (44 digitos)
2026-09-23 12:30:11 | ERROR    | pipeline | FALHA 01_DADOS_OPERACIONAIS\DEFENSIVOS\MILHO\Inseticida Campo 301.pdf -> nao foi encontrada a chave de acesso (44 digitos)
2026-09-23 12:30:11 | ERROR    | pipeline | FALHA 01_DADOS_OPERACIONAIS\DEFENSIVOS\MILHO\Inseticida Campo 303.pdf -> nao foi encontrada a chave de acesso (44 digitos)
2026-09-23 12:30:11 | ERROR    | pipeline | FALHA 01_DADOS_OPERACIONAIS\DEFENSIVOS\MILHO\Inseticida Campo 304.pdf -> nao foi encontrada a chave de acesso (44 digitos)
2026-09-23 12:30:11 | ERROR    | pipeline | FALHA 01_DADOS_OPERACIONAIS\DEFENSIVOS\MILHO\Inseticida Campo 306.pdf -> nao foi encontrada a chave de acesso (44 digitos)
2026-09-23 12:30:11 | ERROR    | pipeline | FALHA 01_DADOS_OPERACIONAIS\DEFENSIVOS\MILHO\Inseticida Campo 501.pdf -> nao foi encontrada a chave de acesso (44 digitos)
2026-09-23 12:30:11 | ERROR    | pipeline | FALHA 01_DADOS_OPERACIONAIS\DEFENSIVOS\MILHO\Inseticida Campo 502.pdf -> nao foi encontrada a chave de acesso (44 digitos)
2026-09-23 12:30:11 | ERROR    | pipeline | FALHA 01_DADOS_OPERACIONAIS\DEFENSIVOS\MILHO\Inseticida Campo 503.pdf -> nao foi encontrada a chave de acesso (44 digitos)
2026-09-23 12:30:11 | ERROR    | pipeline | FALHA 01_DADOS_OPERACIONAIS\DEFENSIVOS\MILHO\Inseticida Campo 504.pdf -> nao foi encontrada a chave de acesso (44 digitos)
2026-09-23 12:30:11 | ERROR    | pipeline | FALHA 01_DADOS_OPERACIONAIS\DEFENSIVOS\MILHO\Inseticida Campo 506.pdf -> nao foi encontrada a chave de acesso (44 digitos)
2026-09-23 12:30:11 | ERROR    | pipeline | FALHA 01_DADOS_OPERACIONAIS\DEFENSIVOS\MILHO\Inseticida Campo 507.pdf -> nao foi encontrada a chave de acesso (44 digitos)
2026-09-23 12:30:11 | ERROR    | pipeline | FALHA 01_DADOS_OPERACIONAIS\DEFENSIVOS\MILHO\Inseticida Campo 508.pdf -> nao foi encontrada a chave de acesso (44 digitos)
2026-09-23 12:30:11 | ERROR    | pipeline | FALHA 01_DADOS_OPERACIONAIS\FERTILIZANTES\ALGODAO\Fertilizantes Campo 204.pdf -> nao foi encontrada a chave de acesso (44 digitos)
2026-09-23 12:30:11 | ERROR    | pipeline | FALHA 01_DADOS_OPERACIONAIS\FERTILIZANTES\ALGODAO\Fertilizantes Campo 209.pdf -> nao foi encontrada a chave de acesso (44 digitos)
2026-09-23 12:30:11 | ERROR    | pipeline | FALHA 01_DADOS_OPERACIONAIS\FERTILIZANTES\ALGODAO\Fertilizantes Campo 210.pdf -> nao foi encontrada a chave de acesso (44 digitos)
2026-09-23 12:30:11 | ERROR    | pipeline | FALHA 01_DADOS_OPERACIONAIS\FERTILIZANTES\ALGODAO\Fertilizantes Campo 211.pdf -> nao foi encontrada a chave de acesso (44 digitos)
2026-09-23 12:30:11 | ERROR    | pipeline | FALHA 01_DADOS_OPERACIONAIS\FERTILIZANTES\ALGODAO\Fertilizantes Campo 301.pdf -> nao foi encontrada a chave de acesso (44 digitos)
2026-09-23 12:30:11 | ERROR    | pipeline | FALHA 01_DADOS_OPERACIONAIS\FERTILIZANTES\ALGODAO\Fertilizantes Campo 302.pdf -> nao foi encontrada a chave de acesso (44 digitos)
2026-09-23 12:30:11 | ERROR    | pipeline | FALHA 01_DADOS_OPERACIONAIS\FERTILIZANTES\ALGODAO\Fertilizantes Campo 305.pdf -> nao foi encontrada a chave de acesso (44 digitos)
2026-09-23 12:30:11 | ERROR    | pipeline | FALHA 01_DADOS_OPERACIONAIS\FERTILIZANTES\ALGODAO\Fertilizantes Campo Pivo 01.pdf -> nao foi encontrada a chave de acesso (44 digitos)
2026-09-23 12:30:11 | ERROR    | pipeline | FALHA 01_DADOS_OPERACIONAIS\FERTILIZANTES\ALGODAO\Fertilizantes Campo Pivo 02.pdf -> nao foi encontrada a chave de acesso (44 digitos)
2026-09-23 12:30:11 | ERROR    | pipeline | FALHA 01_DADOS_OPERACIONAIS\FERTILIZANTES\MILHO\Fertilizantes Campo 102.pdf -> nao foi encontrada a chave de acesso (44 digitos)
2026-09-23 12:30:11 | ERROR    | pipeline | FALHA 01_DADOS_OPERACIONAIS\FERTILIZANTES\MILHO\Fertilizantes Campo 103.pdf -> nao foi encontrada a chave de acesso (44 digitos)
2026-09-23 12:30:11 | ERROR    | pipeline | FALHA 01_DADOS_OPERACIONAIS\FERTILIZANTES\MILHO\Fertilizantes Campo 104.pdf -> nao foi encontrada a chave de acesso (44 digitos)
2026-09-23 12:30:11 | ERROR    | pipeline | FALHA 01_DADOS_OPERACIONAIS\FERTILIZANTES\MILHO\Fertilizantes Campo 105.pdf -> nao foi encontrada a chave de acesso (44 digitos)
2026-09-23 12:30:11 | ERROR    | pipeline | FALHA 01_DADOS_OPERACIONAIS\FERTILIZANTES\MILHO\Fertilizantes Campo 106.pdf -> nao foi encontrada a chave de acesso (44 digitos)
2026-09-23 12:30:11 | ERROR    | pipeline | FALHA 01_DADOS_OPERACIONAIS\FERTILIZANTES\MILHO\Fertilizantes Campo 107.pdf -> nao foi encontrada a chave de acesso (44 digitos)
2026-09-23 12:30:11 | ERROR    | pipeline | FALHA 01_DADOS_OPERACIONAIS\FERTILIZANTES\MILHO\Fertilizantes Campo 108.pdf -> nao foi encontrada a chave de acesso (44 digitos)
2026-09-23 12:30:11 | ERROR    | pipeline | FALHA 01_DADOS_OPERACIONAIS\FERTILIZANTES\MILHO\Fertilizantes Campo 109.pdf -> nao foi encontrada a chave de acesso (44 digitos)
2026-09-23 12:30:11 | ERROR    | pipeline | FALHA 01_DADOS_OPERACIONAIS\FERTILIZANTES\MILHO\Fertilizantes Campo 110.pdf -> nao foi encontrada a chave de acesso (44 digitos)
2026-09-23 12:30:11 | ERROR    | pipeline | FALHA 01_DADOS_OPERACIONAIS\FERTILIZANTES\MILHO\Fertilizantes Campo 201.pdf -> nao foi encontrada a chave de acesso (44 digitos)
2026-09-23 12:30:11 | ERROR    | pipeline | FALHA 01_DADOS_OPERACIONAIS\FERTILIZANTES\MILHO\Fertilizantes Campo 202.pdf -> nao foi encontrada a chave de acesso (44 digitos)
2026-09-23 12:30:11 | ERROR    | pipeline | FALHA 01_DADOS_OPERACIONAIS\FERTILIZANTES\MILHO\Fertilizantes Campo 205.pdf -> nao foi encontrada a chave de acesso (44 digitos)
2026-09-23 12:30:11 | ERROR    | pipeline | FALHA 01_DADOS_OPERACIONAIS\FERTILIZANTES\MILHO\Fertilizantes Campo 206.pdf -> nao foi encontrada a chave de acesso (44 digitos)
2026-09-23 12:30:11 | ERROR    | pipeline | FALHA 01_DADOS_OPERACIONAIS\FERTILIZANTES\MILHO\Fertilizantes Campo 207.pdf -> nao foi encontrada a chave de acesso (44 digitos)
2026-09-23 12:30:11 | ERROR    | pipeline | FALHA 01_DADOS_OPERACIONAIS\FERTILIZANTES\MILHO\Fertilizantes Campo 208.pdf -> nao foi encontrada a chave de acesso (44 digitos)
2026-09-23 12:30:11 | ERROR    | pipeline | FALHA 01_DADOS_OPERACIONAIS\FERTILIZANTES\MILHO\Fertilizantes Campo 212.pdf -> nao foi encontrada a chave de acesso (44 digitos)
2026-09-23 12:30:11 | ERROR    | pipeline | FALHA 01_DADOS_OPERACIONAIS\FERTILIZANTES\MILHO\Fertilizantes Campo 301.pdf -> nao foi encontrada a chave de acesso (44 digitos)
2026-09-23 12:30:11 | ERROR    | pipeline | FALHA 01_DADOS_OPERACIONAIS\FERTILIZANTES\MILHO\Fertilizantes Campo 303.pdf -> nao foi encontrada a chave de acesso (44 digitos)
2026-09-23 12:30:11 | ERROR    | pipeline | FALHA 01_DADOS_OPERACIONAIS\FERTILIZANTES\MILHO\Fertilizantes Campo 304.pdf -> nao foi encontrada a chave de acesso (44 digitos)
2026-09-23 12:30:11 | ERROR    | pipeline | FALHA 01_DADOS_OPERACIONAIS\FERTILIZANTES\MILHO\Fertilizantes Campo 306.pdf -> nao foi encontrada a chave de acesso (44 digitos)
2026-09-23 12:30:11 | ERROR    | pipeline | FALHA 01_DADOS_OPERACIONAIS\FERTILIZANTES\MILHO\Fertilizantes Campo 501.pdf -> nao foi encontrada a chave de acesso (44 digitos)
2026-09-23 12:30:11 | ERROR    | pipeline | FALHA 01_DADOS_OPERACIONAIS\FERTILIZANTES\MILHO\Fertilizantes Campo 502.pdf -> nao foi encontrada a chave de acesso (44 digitos)
2026-09-23 12:30:11 | ERROR    | pipeline | FALHA 01_DADOS_OPERACIONAIS\FERTILIZANTES\MILHO\Fertilizantes Campo 503.pdf -> nao foi encontrada a chave de acesso (44 digitos)
2026-09-23 12:30:11 | ERROR    | pipeline | FALHA 01_DADOS_OPERACIONAIS\FERTILIZANTES\MILHO\Fertilizantes Campo 504.pdf -> nao foi encontrada a chave de acesso (44 digitos)
2026-09-23 12:30:11 | ERROR    | pipeline | FALHA 01_DADOS_OPERACIONAIS\FERTILIZANTES\MILHO\Fertilizantes Campo 506.pdf -> nao foi encontrada a chave de acesso (44 digitos)
2026-09-23 12:30:11 | ERROR    | pipeline | FALHA 01_DADOS_OPERACIONAIS\FERTILIZANTES\MILHO\Fertilizantes Campo 507.pdf -> nao foi encontrada a chave de acesso (44 digitos)
2026-09-23 12:30:11 | ERROR    | pipeline | FALHA 01_DADOS_OPERACIONAIS\FERTILIZANTES\MILHO\Fertilizantes Campo 508.pdf -> nao foi encontrada a chave de acesso (44 digitos)
2026-09-23 12:30:11 | ERROR    | pipeline | FALHA 01_DADOS_OPERACIONAIS\FERTILIZANTES\MILHO\Fertilizantes Campo Pivo 01.pdf -> nao foi encontrada a chave de acesso (44 digitos)
2026-09-23 12:30:11 | ERROR    | pipeline | FALHA 03_NOTAS_FISCAIS\NF_ENERGIA\Faz tropical extrato.pdf -> nao foi encontrada a chave de acesso (44 digitos)
2026-09-23 12:30:11 | ERROR    | pipeline | FALHA 03_NOTAS_FISCAIS\NF_ENERGIA\Faz. Ag extrato.pdf -> nao foi encontrada a chave de acesso (44 digitos)
2026-09-23 12:30:11 | ERROR    | pipeline | FALHA 03_NOTAS_FISCAIS\NF_ENERGIA\Faz. Antares extrato.pdf -> nao foi encontrada a chave de acesso (44 digitos)
2026-09-23 12:30:11 | ERROR    | pipeline | FALHA 03_NOTAS_FISCAIS\NF_ENERGIA\Faz. Arizona extrato.pdf -> nao foi encontrada a chave de acesso (44 digitos)
2026-09-23 12:30:11 | ERROR    | pipeline | FALHA 03_NOTAS_FISCAIS\NF_ENERGIA\Faz. Ponte de Pedra extrato.pdf -> nao foi encontrada a chave de acesso (44 digitos)
2026-09-23 12:30:11 | INFO     | pipeline | JSON=C:\Users\MatheusMartinelli\OneDrive - Agrorobotica Fotonica Em Certificacoes Agroambientais\VERRA_Farmer\OS_050_Sementes Tropical\03_ENVIO_DE_DOCUMENTOS\2022\notas_fiscais.json CSV=C:\Users\MatheusMartinelli\OneDrive - Agrorobotica Fotonica Em Certificacoes Agroambientais\VERRA_Farmer\OS_050_Sementes Tropical\03_ENVIO_DE_DOCUMENTOS\2022\notas_fiscais.csv
2026-09-23 12:34:13 | INFO     | ==== PIPELINE NF_reader | pasta=C:\Users\MatheusMartinelli\OneDrive - Agrorobotica Fotonica Em Certificacoes Agroambientais\VERRA_Farmer\OS_050_Sementes Tropical\03_ENVIO_DE_DOCUMENTOS\2022
2026-09-23 12:34:13 | INFO     | pipeline | PDFs=226 OCR=True incluir_ocr_csv=False dpi=300 apenas_adicionar=True
2026-09-23 12:34:13 | INFO     | pipeline | JSON existente: C:\Users\MatheusMartinelli\OneDrive - Agrorobotica Fotonica Em Certificacoes Agroambientais\VERRA_Farmer\OS_050_Sementes Tropical\03_ENVIO_DE_DOCUMENTOS\2022\notas_fiscais.json (chaves=0)
2026-09-23 12:34:13 | INFO     | pipeline | motor OCR inicializado
2026-09-23 12:34:13 | INFO     | pipeline | [1/226] processando 01_DADOS_OPERACIONAIS\DEFENSIVOS\ALGODAO\Fungicida Campo 203.pdf
2026-09-23 12:34:13 | INFO     | 01_DADOS_OPERACIONAIS\DEFENSIVOS\ALGODAO\Fungicida Campo 203.pdf | inicio de extracao
2026-09-23 12:34:13 | INFO     | 01_DADOS_OPERACIONAIS\DEFENSIVOS\ALGODAO\Fungicida Campo 203.pdf | origem=texto itens=105
2026-09-23 12:34:13 | WARNING  | 01_DADOS_OPERACIONAIS\DEFENSIVOS\ALGODAO\Fungicida Campo 203.pdf | chave de acesso (44 digitos) NAO encontrada
2026-09-23 12:34:13 | ERROR    | pipeline | 01_DADOS_OPERACIONAIS\DEFENSIVOS\ALGODAO\Fungicida Campo 203.pdf | NAO processado -> nao foi encontrada a chave de acesso (44 digitos)
2026-09-23 12:34:13 | INFO     | pipeline | [2/226] processando 01_DADOS_OPERACIONAIS\DEFENSIVOS\ALGODAO\Fungicida Campo 204.pdf
2026-09-23 12:34:13 | INFO     | 01_DADOS_OPERACIONAIS\DEFENSIVOS\ALGODAO\Fungicida Campo 204.pdf | inicio de extracao
2026-09-23 12:34:13 | INFO     | 01_DADOS_OPERACIONAIS\DEFENSIVOS\ALGODAO\Fungicida Campo 204.pdf | origem=texto itens=105
2026-09-23 12:34:13 | WARNING  | 01_DADOS_OPERACIONAIS\DEFENSIVOS\ALGODAO\Fungicida Campo 204.pdf | chave de acesso (44 digitos) NAO encontrada
2026-09-23 12:34:13 | ERROR    | pipeline | 01_DADOS_OPERACIONAIS\DEFENSIVOS\ALGODAO\Fungicida Campo 204.pdf | NAO processado -> nao foi encontrada a chave de acesso (44 digitos)
2026-09-23 12:34:13 | INFO     | pipeline | [3/226] processando 01_DADOS_OPERACIONAIS\DEFENSIVOS\ALGODAO\Fungicida Campo 209.pdf
2026-09-23 12:34:13 | INFO     | 01_DADOS_OPERACIONAIS\DEFENSIVOS\ALGODAO\Fungicida Campo 209.pdf | inicio de extracao
2026-09-23 12:34:13 | INFO     | 01_DADOS_OPERACIONAIS\DEFENSIVOS\ALGODAO\Fungicida Campo 209.pdf | origem=texto itens=105
2026-09-23 12:34:13 | WARNING  | 01_DADOS_OPERACIONAIS\DEFENSIVOS\ALGODAO\Fungicida Campo 209.pdf | chave de acesso (44 digitos) NAO encontrada
2026-09-23 12:34:13 | ERROR    | pipeline | 01_DADOS_OPERACIONAIS\DEFENSIVOS\ALGODAO\Fungicida Campo 209.pdf | NAO processado -> nao foi encontrada a chave de acesso (44 digitos)
2026-09-23 12:34:13 | INFO     | pipeline | [4/226] processando 01_DADOS_OPERACIONAIS\DEFENSIVOS\ALGODAO\Fungicida Campo 210.pdf
2026-09-23 12:34:13 | INFO     | 01_DADOS_OPERACIONAIS\DEFENSIVOS\ALGODAO\Fungicida Campo 210.pdf | inicio de extracao
2026-09-23 12:34:13 | INFO     | 01_DADOS_OPERACIONAIS\DEFENSIVOS\ALGODAO\Fungicida Campo 210.pdf | origem=texto itens=105
2026-09-23 12:34:13 | WARNING  | 01_DADOS_OPERACIONAIS\DEFENSIVOS\ALGODAO\Fungicida Campo 210.pdf | chave de acesso (44 digitos) NAO encontrada
2026-09-23 12:34:13 | ERROR    | pipeline | 01_DADOS_OPERACIONAIS\DEFENSIVOS\ALGODAO\Fungicida Campo 210.pdf | NAO processado -> nao foi encontrada a chave de acesso (44 digitos)
2026-09-23 12:34:13 | INFO     | pipeline | [5/226] processando 01_DADOS_OPERACIONAIS\DEFENSIVOS\ALGODAO\Fungicida Campo 211.pdf
2026-09-23 12:34:13 | INFO     | 01_DADOS_OPERACIONAIS\DEFENSIVOS\ALGODAO\Fungicida Campo 211.pdf | inicio de extracao
2026-09-23 12:34:13 | INFO     | 01_DADOS_OPERACIONAIS\DEFENSIVOS\ALGODAO\Fungicida Campo 211.pdf | origem=texto itens=105
2026-09-23 12:34:13 | WARNING  | 01_DADOS_OPERACIONAIS\DEFENSIVOS\ALGODAO\Fungicida Campo 211.pdf | chave de acesso (44 digitos) NAO encontrada
2026-09-23 12:34:13 | ERROR    | pipeline | 01_DADOS_OPERACIONAIS\DEFENSIVOS\ALGODAO\Fungicida Campo 211.pdf | NAO processado -> nao foi encontrada a chave de acesso (44 digitos)
2026-09-23 12:34:13 | INFO     | pipeline | [6/226] processando 01_DADOS_OPERACIONAIS\DEFENSIVOS\ALGODAO\Fungicida Campo 301.pdf
2026-09-23 12:34:13 | INFO     | 01_DADOS_OPERACIONAIS\DEFENSIVOS\ALGODAO\Fungicida Campo 301.pdf | inicio de extracao
2026-09-23 12:34:13 | INFO     | 01_DADOS_OPERACIONAIS\DEFENSIVOS\ALGODAO\Fungicida Campo 301.pdf | origem=texto itens=104
2026-09-23 12:34:13 | WARNING  | 01_DADOS_OPERACIONAIS\DEFENSIVOS\ALGODAO\Fungicida Campo 301.pdf | chave de acesso (44 digitos) NAO encontrada
2026-09-23 12:34:13 | ERROR    | pipeline | 01_DADOS_OPERACIONAIS\DEFENSIVOS\ALGODAO\Fungicida Campo 301.pdf | NAO processado -> nao foi encontrada a chave de acesso (44 digitos)
2026-09-23 12:34:13 | INFO     | pipeline | [7/226] processando 01_DADOS_OPERACIONAIS\DEFENSIVOS\ALGODAO\Fungicida Campo 302.pdf
2026-09-23 12:34:13 | INFO     | 01_DADOS_OPERACIONAIS\DEFENSIVOS\ALGODAO\Fungicida Campo 302.pdf | inicio de extracao
2026-09-23 12:34:13 | INFO     | 01_DADOS_OPERACIONAIS\DEFENSIVOS\ALGODAO\Fungicida Campo 302.pdf | origem=texto itens=104
2026-09-23 12:34:13 | WARNING  | 01_DADOS_OPERACIONAIS\DEFENSIVOS\ALGODAO\Fungicida Campo 302.pdf | chave de acesso (44 digitos) NAO encontrada
2026-09-23 12:34:13 | ERROR    | pipeline | 01_DADOS_OPERACIONAIS\DEFENSIVOS\ALGODAO\Fungicida Campo 302.pdf | NAO processado -> nao foi encontrada a chave de acesso (44 digitos)
2026-09-23 12:34:13 | INFO     | pipeline | [8/226] processando 01_DADOS_OPERACIONAIS\DEFENSIVOS\ALGODAO\Fungicida Campo 305.pdf
2026-09-23 12:34:13 | INFO     | 01_DADOS_OPERACIONAIS\DEFENSIVOS\ALGODAO\Fungicida Campo 305.pdf | inicio de extracao
2026-09-23 12:34:13 | INFO     | 01_DADOS_OPERACIONAIS\DEFENSIVOS\ALGODAO\Fungicida Campo 305.pdf | origem=texto itens=104
2026-09-23 12:34:13 | WARNING  | 01_DADOS_OPERACIONAIS\DEFENSIVOS\ALGODAO\Fungicida Campo 305.pdf | chave de acesso (44 digitos) NAO encontrada
2026-09-23 12:34:13 | ERROR    | pipeline | 01_DADOS_OPERACIONAIS\DEFENSIVOS\ALGODAO\Fungicida Campo 305.pdf | NAO processado -> nao foi encontrada a chave de acesso (44 digitos)
2026-09-23 12:34:13 | INFO     | pipeline | [9/226] processando 01_DADOS_OPERACIONAIS\DEFENSIVOS\ALGODAO\Fungicida Campo Pivo 01.pdf
2026-09-23 12:34:13 | INFO     | 01_DADOS_OPERACIONAIS\DEFENSIVOS\ALGODAO\Fungicida Campo Pivo 01.pdf | inicio de extracao
2026-09-23 12:34:13 | INFO     | 01_DADOS_OPERACIONAIS\DEFENSIVOS\ALGODAO\Fungicida Campo Pivo 01.pdf | origem=texto itens=95
2026-09-23 12:34:13 | WARNING  | 01_DADOS_OPERACIONAIS\DEFENSIVOS\ALGODAO\Fungicida Campo Pivo 01.pdf | chave de acesso (44 digitos) NAO encontrada
2026-09-23 12:34:13 | ERROR    | pipeline | 01_DADOS_OPERACIONAIS\DEFENSIVOS\ALGODAO\Fungicida Campo Pivo 01.pdf | NAO processado -> nao foi encontrada a chave de acesso (44 digitos)
2026-09-23 12:34:13 | INFO     | pipeline | [10/226] processando 01_DADOS_OPERACIONAIS\DEFENSIVOS\ALGODAO\Fungicida Campo Pivo 02.pdf
2026-09-23 12:34:13 | INFO     | 01_DADOS_OPERACIONAIS\DEFENSIVOS\ALGODAO\Fungicida Campo Pivo 02.pdf | inicio de extracao
2026-09-23 12:34:13 | INFO     | 01_DADOS_OPERACIONAIS\DEFENSIVOS\ALGODAO\Fungicida Campo Pivo 02.pdf | origem=texto itens=96
2026-09-23 12:34:13 | WARNING  | 01_DADOS_OPERACIONAIS\DEFENSIVOS\ALGODAO\Fungicida Campo Pivo 02.pdf | chave de acesso (44 digitos) NAO encontrada
2026-09-23 12:34:13 | ERROR    | pipeline | 01_DADOS_OPERACIONAIS\DEFENSIVOS\ALGODAO\Fungicida Campo Pivo 02.pdf | NAO processado -> nao foi encontrada a chave de acesso (44 digitos)
2026-09-23 12:34:13 | INFO     | pipeline | [11/226] processando 01_DADOS_OPERACIONAIS\DEFENSIVOS\ALGODAO\Herbicida Campo 203.pdf
2026-09-23 12:34:13 | INFO     | 01_DADOS_OPERACIONAIS\DEFENSIVOS\ALGODAO\Herbicida Campo 203.pdf | inicio de extracao
2026-09-23 12:34:13 | INFO     | 01_DADOS_OPERACIONAIS\DEFENSIVOS\ALGODAO\Herbicida Campo 203.pdf | origem=texto itens=115
2026-09-23 12:34:13 | WARNING  | 01_DADOS_OPERACIONAIS\DEFENSIVOS\ALGODAO\Herbicida Campo 203.pdf | chave de acesso (44 digitos) NAO encontrada
2026-09-23 12:34:13 | ERROR    | pipeline | 01_DADOS_OPERACIONAIS\DEFENSIVOS\ALGODAO\Herbicida Campo 203.pdf | NAO processado -> nao foi encontrada a chave de acesso (44 digitos)
2026-09-23 12:34:13 | INFO     | pipeline | [12/226] processando 01_DADOS_OPERACIONAIS\DEFENSIVOS\ALGODAO\Herbicida Campo 204.pdf
2026-09-23 12:34:13 | INFO     | 01_DADOS_OPERACIONAIS\DEFENSIVOS\ALGODAO\Herbicida Campo 204.pdf | inicio de extracao
2026-09-23 12:34:13 | INFO     | 01_DADOS_OPERACIONAIS\DEFENSIVOS\ALGODAO\Herbicida Campo 204.pdf | origem=texto itens=115
2026-09-23 12:34:13 | WARNING  | 01_DADOS_OPERACIONAIS\DEFENSIVOS\ALGODAO\Herbicida Campo 204.pdf | chave de acesso (44 digitos) NAO encontrada
2026-09-23 12:34:13 | ERROR    | pipeline | 01_DADOS_OPERACIONAIS\DEFENSIVOS\ALGODAO\Herbicida Campo 204.pdf | NAO processado -> nao foi encontrada a chave de acesso (44 digitos)
2026-09-23 12:34:13 | INFO     | pipeline | [13/226] processando 01_DADOS_OPERACIONAIS\DEFENSIVOS\ALGODAO\Herbicida Campo 209.pdf
2026-09-23 12:34:13 | INFO     | 01_DADOS_OPERACIONAIS\DEFENSIVOS\ALGODAO\Herbicida Campo 209.pdf | inicio de extracao
2026-09-23 12:34:13 | INFO     | 01_DADOS_OPERACIONAIS\DEFENSIVOS\ALGODAO\Herbicida Campo 209.pdf | origem=texto itens=115
2026-09-23 12:34:13 | WARNING  | 01_DADOS_OPERACIONAIS\DEFENSIVOS\ALGODAO\Herbicida Campo 209.pdf | chave de acesso (44 digitos) NAO encontrada
2026-09-23 12:34:13 | ERROR    | pipeline | 01_DADOS_OPERACIONAIS\DEFENSIVOS\ALGODAO\Herbicida Campo 209.pdf | NAO processado -> nao foi encontrada a chave de acesso (44 digitos)
2026-09-23 12:34:13 | INFO     | pipeline | [14/226] processando 01_DADOS_OPERACIONAIS\DEFENSIVOS\ALGODAO\Herbicida Campo 210.pdf
2026-09-23 12:34:13 | INFO     | 01_DADOS_OPERACIONAIS\DEFENSIVOS\ALGODAO\Herbicida Campo 210.pdf | inicio de extracao
2026-09-23 12:34:13 | INFO     | 01_DADOS_OPERACIONAIS\DEFENSIVOS\ALGODAO\Herbicida Campo 210.pdf | origem=texto itens=115
2026-09-23 12:34:13 | WARNING  | 01_DADOS_OPERACIONAIS\DEFENSIVOS\ALGODAO\Herbicida Campo 210.pdf | chave de acesso (44 digitos) NAO encontrada
2026-09-23 12:34:13 | ERROR    | pipeline | 01_DADOS_OPERACIONAIS\DEFENSIVOS\ALGODAO\Herbicida Campo 210.pdf | NAO processado -> nao foi encontrada a chave de acesso (44 digitos)
2026-09-23 12:34:13 | INFO     | pipeline | [15/226] processando 01_DADOS_OPERACIONAIS\DEFENSIVOS\ALGODAO\Herbicida Campo 211.pdf
2026-09-23 12:34:13 | INFO     | 01_DADOS_OPERACIONAIS\DEFENSIVOS\ALGODAO\Herbicida Campo 211.pdf | inicio de extracao
2026-09-23 12:34:13 | INFO     | 01_DADOS_OPERACIONAIS\DEFENSIVOS\ALGODAO\Herbicida Campo 211.pdf | origem=texto itens=124
2026-09-23 12:34:13 | WARNING  | 01_DADOS_OPERACIONAIS\DEFENSIVOS\ALGODAO\Herbicida Campo 211.pdf | chave de acesso (44 digitos) NAO encontrada
2026-09-23 12:34:13 | ERROR    | pipeline | 01_DADOS_OPERACIONAIS\DEFENSIVOS\ALGODAO\Herbicida Campo 211.pdf | NAO processado -> nao foi encontrada a chave de acesso (44 digitos)
2026-09-23 12:34:13 | INFO     | pipeline | [16/226] processando 01_DADOS_OPERACIONAIS\DEFENSIVOS\ALGODAO\Herbicida Campo 301.pdf
2026-09-23 12:34:13 | INFO     | 01_DADOS_OPERACIONAIS\DEFENSIVOS\ALGODAO\Herbicida Campo 301.pdf | inicio de extracao
2026-09-23 12:34:13 | INFO     | 01_DADOS_OPERACIONAIS\DEFENSIVOS\ALGODAO\Herbicida Campo 301.pdf | origem=texto itens=117
2026-09-23 12:34:13 | WARNING  | 01_DADOS_OPERACIONAIS\DEFENSIVOS\ALGODAO\Herbicida Campo 301.pdf | chave de acesso (44 digitos) NAO encontrada
2026-09-23 12:34:13 | ERROR    | pipeline | 01_DADOS_OPERACIONAIS\DEFENSIVOS\ALGODAO\Herbicida Campo 301.pdf | NAO processado -> nao foi encontrada a chave de acesso (44 digitos)
2026-09-23 12:34:13 | INFO     | pipeline | [17/226] processando 01_DADOS_OPERACIONAIS\DEFENSIVOS\ALGODAO\Herbicida Campo 302.pdf
2026-09-23 12:34:13 | INFO     | 01_DADOS_OPERACIONAIS\DEFENSIVOS\ALGODAO\Herbicida Campo 302.pdf | inicio de extracao
2026-09-23 12:34:13 | INFO     | 01_DADOS_OPERACIONAIS\DEFENSIVOS\ALGODAO\Herbicida Campo 302.pdf | origem=texto itens=116
2026-09-23 12:34:13 | WARNING  | 01_DADOS_OPERACIONAIS\DEFENSIVOS\ALGODAO\Herbicida Campo 302.pdf | chave de acesso (44 digitos) NAO encontrada
2026-09-23 12:34:13 | ERROR    | pipeline | 01_DADOS_OPERACIONAIS\DEFENSIVOS\ALGODAO\Herbicida Campo 302.pdf | NAO processado -> nao foi encontrada a chave de acesso (44 digitos)
2026-09-23 12:34:13 | INFO     | pipeline | [18/226] processando 01_DADOS_OPERACIONAIS\DEFENSIVOS\ALGODAO\Herbicida Campo 305.pdf
2026-09-23 12:34:13 | INFO     | 01_DADOS_OPERACIONAIS\DEFENSIVOS\ALGODAO\Herbicida Campo 305.pdf | inicio de extracao
2026-09-23 12:34:13 | INFO     | 01_DADOS_OPERACIONAIS\DEFENSIVOS\ALGODAO\Herbicida Campo 305.pdf | origem=texto itens=116
2026-09-23 12:34:13 | WARNING  | 01_DADOS_OPERACIONAIS\DEFENSIVOS\ALGODAO\Herbicida Campo 305.pdf | chave de acesso (44 digitos) NAO encontrada
2026-09-23 12:34:13 | ERROR    | pipeline | 01_DADOS_OPERACIONAIS\DEFENSIVOS\ALGODAO\Herbicida Campo 305.pdf | NAO processado -> nao foi encontrada a chave de acesso (44 digitos)
2026-09-23 12:34:13 | INFO     | pipeline | [19/226] processando 01_DADOS_OPERACIONAIS\DEFENSIVOS\ALGODAO\Herbicida Campo Pivo 01.pdf
2026-09-23 12:34:13 | INFO     | 01_DADOS_OPERACIONAIS\DEFENSIVOS\ALGODAO\Herbicida Campo Pivo 01.pdf | inicio de extracao
2026-09-23 12:34:13 | INFO     | 01_DADOS_OPERACIONAIS\DEFENSIVOS\ALGODAO\Herbicida Campo Pivo 01.pdf | origem=texto itens=105
2026-09-23 12:34:13 | WARNING  | 01_DADOS_OPERACIONAIS\DEFENSIVOS\ALGODAO\Herbicida Campo Pivo 01.pdf | chave de acesso (44 digitos) NAO encontrada
2026-09-23 12:34:13 | ERROR    | pipeline | 01_DADOS_OPERACIONAIS\DEFENSIVOS\ALGODAO\Herbicida Campo Pivo 01.pdf | NAO processado -> nao foi encontrada a chave de acesso (44 digitos)
2026-09-23 12:34:13 | INFO     | pipeline | [20/226] processando 01_DADOS_OPERACIONAIS\DEFENSIVOS\ALGODAO\Herbicida Campo Pivo 02.pdf
2026-09-23 12:34:13 | INFO     | 01_DADOS_OPERACIONAIS\DEFENSIVOS\ALGODAO\Herbicida Campo Pivo 02.pdf | inicio de extracao
2026-09-23 12:34:13 | INFO     | 01_DADOS_OPERACIONAIS\DEFENSIVOS\ALGODAO\Herbicida Campo Pivo 02.pdf | origem=texto itens=106
2026-09-23 12:34:13 | WARNING  | 01_DADOS_OPERACIONAIS\DEFENSIVOS\ALGODAO\Herbicida Campo Pivo 02.pdf | chave de acesso (44 digitos) NAO encontrada
2026-09-23 12:34:13 | ERROR    | pipeline | 01_DADOS_OPERACIONAIS\DEFENSIVOS\ALGODAO\Herbicida Campo Pivo 02.pdf | NAO processado -> nao foi encontrada a chave de acesso (44 digitos)
2026-09-23 12:34:13 | INFO     | pipeline | [21/226] processando 01_DADOS_OPERACIONAIS\DEFENSIVOS\ALGODAO\Inseticida Campo 203.pdf
2026-09-23 12:34:13 | INFO     | 01_DADOS_OPERACIONAIS\DEFENSIVOS\ALGODAO\Inseticida Campo 203.pdf | inicio de extracao
2026-09-23 12:34:13 | INFO     | 01_DADOS_OPERACIONAIS\DEFENSIVOS\ALGODAO\Inseticida Campo 203.pdf | origem=texto itens=114
2026-09-23 12:34:13 | WARNING  | 01_DADOS_OPERACIONAIS\DEFENSIVOS\ALGODAO\Inseticida Campo 203.pdf | chave de acesso (44 digitos) NAO encontrada
2026-09-23 12:34:13 | ERROR    | pipeline | 01_DADOS_OPERACIONAIS\DEFENSIVOS\ALGODAO\Inseticida Campo 203.pdf | NAO processado -> nao foi encontrada a chave de acesso (44 digitos)
2026-09-23 12:34:13 | INFO     | pipeline | [22/226] processando 01_DADOS_OPERACIONAIS\DEFENSIVOS\ALGODAO\Inseticida Campo 204.pdf
2026-09-23 12:34:13 | INFO     | 01_DADOS_OPERACIONAIS\DEFENSIVOS\ALGODAO\Inseticida Campo 204.pdf | inicio de extracao
2026-09-23 12:34:13 | INFO     | 01_DADOS_OPERACIONAIS\DEFENSIVOS\ALGODAO\Inseticida Campo 204.pdf | origem=texto itens=114
2026-09-23 12:34:13 | WARNING  | 01_DADOS_OPERACIONAIS\DEFENSIVOS\ALGODAO\Inseticida Campo 204.pdf | chave de acesso (44 digitos) NAO encontrada
2026-09-23 12:34:13 | ERROR    | pipeline | 01_DADOS_OPERACIONAIS\DEFENSIVOS\ALGODAO\Inseticida Campo 204.pdf | NAO processado -> nao foi encontrada a chave de acesso (44 digitos)
2026-09-23 12:34:13 | INFO     | pipeline | [23/226] processando 01_DADOS_OPERACIONAIS\DEFENSIVOS\ALGODAO\Inseticida Campo 209.pdf
2026-09-23 12:34:13 | INFO     | 01_DADOS_OPERACIONAIS\DEFENSIVOS\ALGODAO\Inseticida Campo 209.pdf | inicio de extracao
2026-09-23 12:34:13 | INFO     | 01_DADOS_OPERACIONAIS\DEFENSIVOS\ALGODAO\Inseticida Campo 209.pdf | origem=texto itens=122
2026-09-23 12:34:13 | WARNING  | 01_DADOS_OPERACIONAIS\DEFENSIVOS\ALGODAO\Inseticida Campo 209.pdf | chave de acesso (44 digitos) NAO encontrada
2026-09-23 12:34:13 | ERROR    | pipeline | 01_DADOS_OPERACIONAIS\DEFENSIVOS\ALGODAO\Inseticida Campo 209.pdf | NAO processado -> nao foi encontrada a chave de acesso (44 digitos)
2026-09-23 12:34:13 | INFO     | pipeline | [24/226] processando 01_DADOS_OPERACIONAIS\DEFENSIVOS\ALGODAO\Inseticida Campo 210.pdf
2026-09-23 12:34:13 | INFO     | 01_DADOS_OPERACIONAIS\DEFENSIVOS\ALGODAO\Inseticida Campo 210.pdf | inicio de extracao
2026-09-23 12:34:13 | INFO     | 01_DADOS_OPERACIONAIS\DEFENSIVOS\ALGODAO\Inseticida Campo 210.pdf | origem=texto itens=122
2026-09-23 12:34:13 | WARNING  | 01_DADOS_OPERACIONAIS\DEFENSIVOS\ALGODAO\Inseticida Campo 210.pdf | chave de acesso (44 digitos) NAO encontrada
2026-09-23 12:34:13 | ERROR    | pipeline | 01_DADOS_OPERACIONAIS\DEFENSIVOS\ALGODAO\Inseticida Campo 210.pdf | NAO processado -> nao foi encontrada a chave de acesso (44 digitos)
2026-09-23 12:34:13 | INFO     | pipeline | [25/226] processando 01_DADOS_OPERACIONAIS\DEFENSIVOS\ALGODAO\Inseticida Campo 211.pdf
2026-09-23 12:34:13 | INFO     | 01_DADOS_OPERACIONAIS\DEFENSIVOS\ALGODAO\Inseticida Campo 211.pdf | inicio de extracao
2026-09-23 12:34:13 | INFO     | 01_DADOS_OPERACIONAIS\DEFENSIVOS\ALGODAO\Inseticida Campo 211.pdf | origem=texto itens=114
2026-09-23 12:34:13 | WARNING  | 01_DADOS_OPERACIONAIS\DEFENSIVOS\ALGODAO\Inseticida Campo 211.pdf | chave de acesso (44 digitos) NAO encontrada
2026-09-23 12:34:13 | ERROR    | pipeline | 01_DADOS_OPERACIONAIS\DEFENSIVOS\ALGODAO\Inseticida Campo 211.pdf | NAO processado -> nao foi encontrada a chave de acesso (44 digitos)
2026-09-23 12:34:13 | INFO     | pipeline | [26/226] processando 01_DADOS_OPERACIONAIS\DEFENSIVOS\ALGODAO\Inseticida Campo 301.pdf
2026-09-23 12:34:13 | INFO     | 01_DADOS_OPERACIONAIS\DEFENSIVOS\ALGODAO\Inseticida Campo 301.pdf | inicio de extracao
2026-09-23 12:34:13 | INFO     | 01_DADOS_OPERACIONAIS\DEFENSIVOS\ALGODAO\Inseticida Campo 301.pdf | origem=texto itens=122
2026-09-23 12:34:13 | WARNING  | 01_DADOS_OPERACIONAIS\DEFENSIVOS\ALGODAO\Inseticida Campo 301.pdf | chave de acesso (44 digitos) NAO encontrada
2026-09-23 12:34:13 | ERROR    | pipeline | 01_DADOS_OPERACIONAIS\DEFENSIVOS\ALGODAO\Inseticida Campo 301.pdf | NAO processado -> nao foi encontrada a chave de acesso (44 digitos)
2026-09-23 12:34:13 | INFO     | pipeline | [27/226] processando 01_DADOS_OPERACIONAIS\DEFENSIVOS\ALGODAO\Inseticida Campo 302.pdf
2026-09-23 12:34:13 | INFO     | 01_DADOS_OPERACIONAIS\DEFENSIVOS\ALGODAO\Inseticida Campo 302.pdf | inicio de extracao
2026-09-23 12:34:13 | INFO     | 01_DADOS_OPERACIONAIS\DEFENSIVOS\ALGODAO\Inseticida Campo 302.pdf | origem=texto itens=113
2026-09-23 12:34:13 | WARNING  | 01_DADOS_OPERACIONAIS\DEFENSIVOS\ALGODAO\Inseticida Campo 302.pdf | chave de acesso (44 digitos) NAO encontrada
2026-09-23 12:34:13 | ERROR    | pipeline | 01_DADOS_OPERACIONAIS\DEFENSIVOS\ALGODAO\Inseticida Campo 302.pdf | NAO processado -> nao foi encontrada a chave de acesso (44 digitos)
2026-09-23 12:34:13 | INFO     | pipeline | [28/226] processando 01_DADOS_OPERACIONAIS\DEFENSIVOS\ALGODAO\Inseticida Campo 305.pdf
2026-09-23 12:34:13 | INFO     | 01_DADOS_OPERACIONAIS\DEFENSIVOS\ALGODAO\Inseticida Campo 305.pdf | inicio de extracao
2026-09-23 12:34:13 | INFO     | 01_DADOS_OPERACIONAIS\DEFENSIVOS\ALGODAO\Inseticida Campo 305.pdf | origem=texto itens=113
2026-09-23 12:34:13 | WARNING  | 01_DADOS_OPERACIONAIS\DEFENSIVOS\ALGODAO\Inseticida Campo 305.pdf | chave de acesso (44 digitos) NAO encontrada
2026-09-23 12:34:13 | ERROR    | pipeline | 01_DADOS_OPERACIONAIS\DEFENSIVOS\ALGODAO\Inseticida Campo 305.pdf | NAO processado -> nao foi encontrada a chave de acesso (44 digitos)
2026-09-23 12:34:13 | INFO     | pipeline | [29/226] processando 01_DADOS_OPERACIONAIS\DEFENSIVOS\ALGODAO\Inseticida Campo Pivo 01.pdf
2026-09-23 12:34:13 | INFO     | 01_DADOS_OPERACIONAIS\DEFENSIVOS\ALGODAO\Inseticida Campo Pivo 01.pdf | inicio de extracao
2026-09-23 12:34:13 | INFO     | 01_DADOS_OPERACIONAIS\DEFENSIVOS\ALGODAO\Inseticida Campo Pivo 01.pdf | origem=texto itens=140
2026-09-23 12:34:13 | WARNING  | 01_DADOS_OPERACIONAIS\DEFENSIVOS\ALGODAO\Inseticida Campo Pivo 01.pdf | chave de acesso (44 digitos) NAO encontrada
2026-09-23 12:34:13 | ERROR    | pipeline | 01_DADOS_OPERACIONAIS\DEFENSIVOS\ALGODAO\Inseticida Campo Pivo 01.pdf | NAO processado -> nao foi encontrada a chave de acesso (44 digitos)
2026-09-23 12:34:13 | INFO     | pipeline | [30/226] processando 01_DADOS_OPERACIONAIS\DEFENSIVOS\ALGODAO\Inseticida Campo Pivo 02.pdf
2026-09-23 12:34:13 | INFO     | 01_DADOS_OPERACIONAIS\DEFENSIVOS\ALGODAO\Inseticida Campo Pivo 02.pdf | inicio de extracao
2026-09-23 12:34:13 | INFO     | 01_DADOS_OPERACIONAIS\DEFENSIVOS\ALGODAO\Inseticida Campo Pivo 02.pdf | origem=texto itens=160
2026-09-23 12:34:13 | WARNING  | 01_DADOS_OPERACIONAIS\DEFENSIVOS\ALGODAO\Inseticida Campo Pivo 02.pdf | chave de acesso (44 digitos) NAO encontrada
2026-09-23 12:34:13 | ERROR    | pipeline | 01_DADOS_OPERACIONAIS\DEFENSIVOS\ALGODAO\Inseticida Campo Pivo 02.pdf | NAO processado -> nao foi encontrada a chave de acesso (44 digitos)
2026-09-23 12:34:13 | INFO     | pipeline | [31/226] processando 01_DADOS_OPERACIONAIS\DEFENSIVOS\MILHO\Fungicida Campo 102.pdf
2026-09-23 12:34:13 | INFO     | 01_DADOS_OPERACIONAIS\DEFENSIVOS\MILHO\Fungicida Campo 102.pdf | inicio de extracao
2026-09-23 12:34:13 | INFO     | 01_DADOS_OPERACIONAIS\DEFENSIVOS\MILHO\Fungicida Campo 102.pdf | origem=texto itens=96
2026-09-23 12:34:13 | WARNING  | 01_DADOS_OPERACIONAIS\DEFENSIVOS\MILHO\Fungicida Campo 102.pdf | chave de acesso (44 digitos) NAO encontrada
2026-09-23 12:34:13 | ERROR    | pipeline | 01_DADOS_OPERACIONAIS\DEFENSIVOS\MILHO\Fungicida Campo 102.pdf | NAO processado -> nao foi encontrada a chave de acesso (44 digitos)
2026-09-23 12:34:13 | INFO     | pipeline | [32/226] processando 01_DADOS_OPERACIONAIS\DEFENSIVOS\MILHO\Fungicida Campo 103.pdf
2026-09-23 12:34:13 | INFO     | 01_DADOS_OPERACIONAIS\DEFENSIVOS\MILHO\Fungicida Campo 103.pdf | inicio de extracao
2026-09-23 12:34:13 | INFO     | 01_DADOS_OPERACIONAIS\DEFENSIVOS\MILHO\Fungicida Campo 103.pdf | origem=texto itens=96
2026-09-23 12:34:13 | WARNING  | 01_DADOS_OPERACIONAIS\DEFENSIVOS\MILHO\Fungicida Campo 103.pdf | chave de acesso (44 digitos) NAO encontrada
2026-09-23 12:34:13 | ERROR    | pipeline | 01_DADOS_OPERACIONAIS\DEFENSIVOS\MILHO\Fungicida Campo 103.pdf | NAO processado -> nao foi encontrada a chave de acesso (44 digitos)
2026-09-23 12:34:13 | INFO     | pipeline | [33/226] processando 01_DADOS_OPERACIONAIS\DEFENSIVOS\MILHO\Fungicida Campo 104.pdf
2026-09-23 12:34:13 | INFO     | 01_DADOS_OPERACIONAIS\DEFENSIVOS\MILHO\Fungicida Campo 104.pdf | inicio de extracao
2026-09-23 12:34:13 | INFO     | 01_DADOS_OPERACIONAIS\DEFENSIVOS\MILHO\Fungicida Campo 104.pdf | origem=texto itens=96
2026-09-23 12:34:13 | WARNING  | 01_DADOS_OPERACIONAIS\DEFENSIVOS\MILHO\Fungicida Campo 104.pdf | chave de acesso (44 digitos) NAO encontrada
2026-09-23 12:34:13 | ERROR    | pipeline | 01_DADOS_OPERACIONAIS\DEFENSIVOS\MILHO\Fungicida Campo 104.pdf | NAO processado -> nao foi encontrada a chave de acesso (44 digitos)
2026-09-23 12:34:13 | INFO     | pipeline | [34/226] processando 01_DADOS_OPERACIONAIS\DEFENSIVOS\MILHO\Fungicida Campo 105.pdf
2026-09-23 12:34:13 | INFO     | 01_DADOS_OPERACIONAIS\DEFENSIVOS\MILHO\Fungicida Campo 105.pdf | inicio de extracao
2026-09-23 12:34:13 | INFO     | 01_DADOS_OPERACIONAIS\DEFENSIVOS\MILHO\Fungicida Campo 105.pdf | origem=texto itens=96
2026-09-23 12:34:13 | WARNING  | 01_DADOS_OPERACIONAIS\DEFENSIVOS\MILHO\Fungicida Campo 105.pdf | chave de acesso (44 digitos) NAO encontrada
2026-09-23 12:34:13 | ERROR    | pipeline | 01_DADOS_OPERACIONAIS\DEFENSIVOS\MILHO\Fungicida Campo 105.pdf | NAO processado -> nao foi encontrada a chave de acesso (44 digitos)
2026-09-23 12:34:13 | INFO     | pipeline | [35/226] processando 01_DADOS_OPERACIONAIS\DEFENSIVOS\MILHO\Fungicida Campo 106.pdf
2026-09-23 12:34:13 | INFO     | 01_DADOS_OPERACIONAIS\DEFENSIVOS\MILHO\Fungicida Campo 106.pdf | inicio de extracao
2026-09-23 12:34:13 | INFO     | 01_DADOS_OPERACIONAIS\DEFENSIVOS\MILHO\Fungicida Campo 106.pdf | origem=texto itens=105
2026-09-23 12:34:13 | WARNING  | 01_DADOS_OPERACIONAIS\DEFENSIVOS\MILHO\Fungicida Campo 106.pdf | chave de acesso (44 digitos) NAO encontrada
2026-09-23 12:34:13 | ERROR    | pipeline | 01_DADOS_OPERACIONAIS\DEFENSIVOS\MILHO\Fungicida Campo 106.pdf | NAO processado -> nao foi encontrada a chave de acesso (44 digitos)
2026-09-23 12:34:13 | INFO     | pipeline | [36/226] processando 01_DADOS_OPERACIONAIS\DEFENSIVOS\MILHO\Fungicida Campo 107.pdf
2026-09-23 12:34:13 | INFO     | 01_DADOS_OPERACIONAIS\DEFENSIVOS\MILHO\Fungicida Campo 107.pdf | inicio de extracao
2026-09-23 12:34:13 | INFO     | 01_DADOS_OPERACIONAIS\DEFENSIVOS\MILHO\Fungicida Campo 107.pdf | origem=texto itens=96
2026-09-23 12:34:13 | WARNING  | 01_DADOS_OPERACIONAIS\DEFENSIVOS\MILHO\Fungicida Campo 107.pdf | chave de acesso (44 digitos) NAO encontrada
2026-09-23 12:34:13 | ERROR    | pipeline | 01_DADOS_OPERACIONAIS\DEFENSIVOS\MILHO\Fungicida Campo 107.pdf | NAO processado -> nao foi encontrada a chave de acesso (44 digitos)
2026-09-23 12:34:13 | INFO     | pipeline | [37/226] processando 01_DADOS_OPERACIONAIS\DEFENSIVOS\MILHO\Fungicida Campo 108.pdf
2026-09-23 12:34:13 | INFO     | 01_DADOS_OPERACIONAIS\DEFENSIVOS\MILHO\Fungicida Campo 108.pdf | inicio de extracao
2026-09-23 12:34:13 | INFO     | 01_DADOS_OPERACIONAIS\DEFENSIVOS\MILHO\Fungicida Campo 108.pdf | origem=texto itens=96
2026-09-23 12:34:13 | WARNING  | 01_DADOS_OPERACIONAIS\DEFENSIVOS\MILHO\Fungicida Campo 108.pdf | chave de acesso (44 digitos) NAO encontrada
2026-09-23 12:34:13 | ERROR    | pipeline | 01_DADOS_OPERACIONAIS\DEFENSIVOS\MILHO\Fungicida Campo 108.pdf | NAO processado -> nao foi encontrada a chave de acesso (44 digitos)
2026-09-23 12:34:13 | INFO     | pipeline | [38/226] processando 01_DADOS_OPERACIONAIS\DEFENSIVOS\MILHO\Fungicida Campo 109.pdf
2026-09-23 12:34:13 | INFO     | 01_DADOS_OPERACIONAIS\DEFENSIVOS\MILHO\Fungicida Campo 109.pdf | inicio de extracao
2026-09-23 12:34:13 | INFO     | 01_DADOS_OPERACIONAIS\DEFENSIVOS\MILHO\Fungicida Campo 109.pdf | origem=texto itens=107
2026-09-23 12:34:13 | WARNING  | 01_DADOS_OPERACIONAIS\DEFENSIVOS\MILHO\Fungicida Campo 109.pdf | chave de acesso (44 digitos) NAO encontrada
2026-09-23 12:34:13 | ERROR    | pipeline | 01_DADOS_OPERACIONAIS\DEFENSIVOS\MILHO\Fungicida Campo 109.pdf | NAO processado -> nao foi encontrada a chave de acesso (44 digitos)
2026-09-23 12:34:13 | INFO     | pipeline | [39/226] processando 01_DADOS_OPERACIONAIS\DEFENSIVOS\MILHO\Fungicida Campo 110.pdf
2026-09-23 12:34:13 | INFO     | 01_DADOS_OPERACIONAIS\DEFENSIVOS\MILHO\Fungicida Campo 110.pdf | inicio de extracao
2026-09-23 12:34:13 | INFO     | 01_DADOS_OPERACIONAIS\DEFENSIVOS\MILHO\Fungicida Campo 110.pdf | origem=texto itens=96
2026-09-23 12:34:13 | WARNING  | 01_DADOS_OPERACIONAIS\DEFENSIVOS\MILHO\Fungicida Campo 110.pdf | chave de acesso (44 digitos) NAO encontrada
2026-09-23 12:34:13 | ERROR    | pipeline | 01_DADOS_OPERACIONAIS\DEFENSIVOS\MILHO\Fungicida Campo 110.pdf | NAO processado -> nao foi encontrada a chave de acesso (44 digitos)
2026-09-23 12:34:13 | INFO     | pipeline | [40/226] processando 01_DADOS_OPERACIONAIS\DEFENSIVOS\MILHO\Fungicida Campo 201.pdf
2026-09-23 12:34:13 | INFO     | 01_DADOS_OPERACIONAIS\DEFENSIVOS\MILHO\Fungicida Campo 201.pdf | inicio de extracao
2026-09-23 12:34:13 | INFO     | 01_DADOS_OPERACIONAIS\DEFENSIVOS\MILHO\Fungicida Campo 201.pdf | origem=texto itens=96
2026-09-23 12:34:13 | WARNING  | 01_DADOS_OPERACIONAIS\DEFENSIVOS\MILHO\Fungicida Campo 201.pdf | chave de acesso (44 digitos) NAO encontrada
2026-09-23 12:34:13 | ERROR    | pipeline | 01_DADOS_OPERACIONAIS\DEFENSIVOS\MILHO\Fungicida Campo 201.pdf | NAO processado -> nao foi encontrada a chave de acesso (44 digitos)
2026-09-23 12:34:13 | INFO     | pipeline | [41/226] processando 01_DADOS_OPERACIONAIS\DEFENSIVOS\MILHO\Fungicida Campo 202.pdf
2026-09-23 12:34:13 | INFO     | 01_DADOS_OPERACIONAIS\DEFENSIVOS\MILHO\Fungicida Campo 202.pdf | inicio de extracao
2026-09-23 12:34:13 | INFO     | 01_DADOS_OPERACIONAIS\DEFENSIVOS\MILHO\Fungicida Campo 202.pdf | origem=texto itens=96
2026-09-23 12:34:13 | WARNING  | 01_DADOS_OPERACIONAIS\DEFENSIVOS\MILHO\Fungicida Campo 202.pdf | chave de acesso (44 digitos) NAO encontrada
2026-09-23 12:34:13 | ERROR    | pipeline | 01_DADOS_OPERACIONAIS\DEFENSIVOS\MILHO\Fungicida Campo 202.pdf | NAO processado -> nao foi encontrada a chave de acesso (44 digitos)
2026-09-23 12:34:13 | INFO     | pipeline | [42/226] processando 01_DADOS_OPERACIONAIS\DEFENSIVOS\MILHO\Fungicida Campo 205.pdf
2026-09-23 12:34:13 | INFO     | 01_DADOS_OPERACIONAIS\DEFENSIVOS\MILHO\Fungicida Campo 205.pdf | inicio de extracao
2026-09-23 12:34:13 | INFO     | 01_DADOS_OPERACIONAIS\DEFENSIVOS\MILHO\Fungicida Campo 205.pdf | origem=texto itens=96
2026-09-23 12:34:13 | WARNING  | 01_DADOS_OPERACIONAIS\DEFENSIVOS\MILHO\Fungicida Campo 205.pdf | chave de acesso (44 digitos) NAO encontrada
2026-09-23 12:34:13 | ERROR    | pipeline | 01_DADOS_OPERACIONAIS\DEFENSIVOS\MILHO\Fungicida Campo 205.pdf | NAO processado -> nao foi encontrada a chave de acesso (44 digitos)
2026-09-23 12:34:13 | INFO     | pipeline | [43/226] processando 01_DADOS_OPERACIONAIS\DEFENSIVOS\MILHO\Fungicida Campo 206.pdf
2026-09-23 12:34:13 | INFO     | 01_DADOS_OPERACIONAIS\DEFENSIVOS\MILHO\Fungicida Campo 206.pdf | inicio de extracao
2026-09-23 12:34:13 | INFO     | 01_DADOS_OPERACIONAIS\DEFENSIVOS\MILHO\Fungicida Campo 206.pdf | origem=texto itens=96
2026-09-23 12:34:13 | WARNING  | 01_DADOS_OPERACIONAIS\DEFENSIVOS\MILHO\Fungicida Campo 206.pdf | chave de acesso (44 digitos) NAO encontrada
2026-09-23 12:34:13 | ERROR    | pipeline | 01_DADOS_OPERACIONAIS\DEFENSIVOS\MILHO\Fungicida Campo 206.pdf | NAO processado -> nao foi encontrada a chave de acesso (44 digitos)
2026-09-23 12:34:13 | INFO     | pipeline | [44/226] processando 01_DADOS_OPERACIONAIS\DEFENSIVOS\MILHO\Fungicida Campo 207.pdf
2026-09-23 12:34:13 | INFO     | 01_DADOS_OPERACIONAIS\DEFENSIVOS\MILHO\Fungicida Campo 207.pdf | inicio de extracao
2026-09-23 12:34:13 | INFO     | 01_DADOS_OPERACIONAIS\DEFENSIVOS\MILHO\Fungicida Campo 207.pdf | origem=texto itens=96
2026-09-23 12:34:13 | WARNING  | 01_DADOS_OPERACIONAIS\DEFENSIVOS\MILHO\Fungicida Campo 207.pdf | chave de acesso (44 digitos) NAO encontrada
2026-09-23 12:34:13 | ERROR    | pipeline | 01_DADOS_OPERACIONAIS\DEFENSIVOS\MILHO\Fungicida Campo 207.pdf | NAO processado -> nao foi encontrada a chave de acesso (44 digitos)
2026-09-23 12:34:13 | INFO     | pipeline | [45/226] processando 01_DADOS_OPERACIONAIS\DEFENSIVOS\MILHO\Fungicida Campo 208.pdf
2026-09-23 12:34:13 | INFO     | 01_DADOS_OPERACIONAIS\DEFENSIVOS\MILHO\Fungicida Campo 208.pdf | inicio de extracao
2026-09-23 12:34:13 | INFO     | 01_DADOS_OPERACIONAIS\DEFENSIVOS\MILHO\Fungicida Campo 208.pdf | origem=texto itens=96
2026-09-23 12:34:13 | WARNING  | 01_DADOS_OPERACIONAIS\DEFENSIVOS\MILHO\Fungicida Campo 208.pdf | chave de acesso (44 digitos) NAO encontrada
2026-09-23 12:34:13 | ERROR    | pipeline | 01_DADOS_OPERACIONAIS\DEFENSIVOS\MILHO\Fungicida Campo 208.pdf | NAO processado -> nao foi encontrada a chave de acesso (44 digitos)
2026-09-23 12:34:13 | INFO     | pipeline | [46/226] processando 01_DADOS_OPERACIONAIS\DEFENSIVOS\MILHO\Fungicida Campo 212.pdf
2026-09-23 12:34:13 | INFO     | 01_DADOS_OPERACIONAIS\DEFENSIVOS\MILHO\Fungicida Campo 212.pdf | inicio de extracao
2026-09-23 12:34:13 | INFO     | 01_DADOS_OPERACIONAIS\DEFENSIVOS\MILHO\Fungicida Campo 212.pdf | origem=texto itens=96
2026-09-23 12:34:13 | WARNING  | 01_DADOS_OPERACIONAIS\DEFENSIVOS\MILHO\Fungicida Campo 212.pdf | chave de acesso (44 digitos) NAO encontrada
2026-09-23 12:34:13 | ERROR    | pipeline | 01_DADOS_OPERACIONAIS\DEFENSIVOS\MILHO\Fungicida Campo 212.pdf | NAO processado -> nao foi encontrada a chave de acesso (44 digitos)
2026-09-23 12:34:13 | INFO     | pipeline | [47/226] processando 01_DADOS_OPERACIONAIS\DEFENSIVOS\MILHO\Fungicida Campo 501.pdf
2026-09-23 12:34:13 | INFO     | 01_DADOS_OPERACIONAIS\DEFENSIVOS\MILHO\Fungicida Campo 501.pdf | inicio de extracao
2026-09-23 12:34:13 | INFO     | 01_DADOS_OPERACIONAIS\DEFENSIVOS\MILHO\Fungicida Campo 501.pdf | origem=texto itens=96
2026-09-23 12:34:13 | WARNING  | 01_DADOS_OPERACIONAIS\DEFENSIVOS\MILHO\Fungicida Campo 501.pdf | chave de acesso (44 digitos) NAO encontrada
2026-09-23 12:34:13 | ERROR    | pipeline | 01_DADOS_OPERACIONAIS\DEFENSIVOS\MILHO\Fungicida Campo 501.pdf | NAO processado -> nao foi encontrada a chave de acesso (44 digitos)
2026-09-23 12:34:13 | INFO     | pipeline | [48/226] processando 01_DADOS_OPERACIONAIS\DEFENSIVOS\MILHO\Fungicida Campo 502.pdf
2026-09-23 12:34:13 | INFO     | 01_DADOS_OPERACIONAIS\DEFENSIVOS\MILHO\Fungicida Campo 502.pdf | inicio de extracao
2026-09-23 12:34:13 | INFO     | 01_DADOS_OPERACIONAIS\DEFENSIVOS\MILHO\Fungicida Campo 502.pdf | origem=texto itens=96
2026-09-23 12:34:13 | WARNING  | 01_DADOS_OPERACIONAIS\DEFENSIVOS\MILHO\Fungicida Campo 502.pdf | chave de acesso (44 digitos) NAO encontrada
2026-09-23 12:34:13 | ERROR    | pipeline | 01_DADOS_OPERACIONAIS\DEFENSIVOS\MILHO\Fungicida Campo 502.pdf | NAO processado -> nao foi encontrada a chave de acesso (44 digitos)
2026-09-23 12:34:13 | INFO     | pipeline | [49/226] processando 01_DADOS_OPERACIONAIS\DEFENSIVOS\MILHO\Fungicida Campo 503.pdf
2026-09-23 12:34:13 | INFO     | 01_DADOS_OPERACIONAIS\DEFENSIVOS\MILHO\Fungicida Campo 503.pdf | inicio de extracao
2026-09-23 12:34:13 | INFO     | 01_DADOS_OPERACIONAIS\DEFENSIVOS\MILHO\Fungicida Campo 503.pdf | origem=texto itens=96
2026-09-23 12:34:13 | WARNING  | 01_DADOS_OPERACIONAIS\DEFENSIVOS\MILHO\Fungicida Campo 503.pdf | chave de acesso (44 digitos) NAO encontrada
2026-09-23 12:34:13 | ERROR    | pipeline | 01_DADOS_OPERACIONAIS\DEFENSIVOS\MILHO\Fungicida Campo 503.pdf | NAO processado -> nao foi encontrada a chave de acesso (44 digitos)
2026-09-23 12:34:13 | INFO     | pipeline | [50/226] processando 01_DADOS_OPERACIONAIS\DEFENSIVOS\MILHO\Fungicida Campo 504.pdf
2026-09-23 12:34:13 | INFO     | 01_DADOS_OPERACIONAIS\DEFENSIVOS\MILHO\Fungicida Campo 504.pdf | inicio de extracao
2026-09-23 12:34:13 | INFO     | 01_DADOS_OPERACIONAIS\DEFENSIVOS\MILHO\Fungicida Campo 504.pdf | origem=texto itens=104
2026-09-23 12:34:13 | WARNING  | 01_DADOS_OPERACIONAIS\DEFENSIVOS\MILHO\Fungicida Campo 504.pdf | chave de acesso (44 digitos) NAO encontrada
2026-09-23 12:34:13 | ERROR    | pipeline | 01_DADOS_OPERACIONAIS\DEFENSIVOS\MILHO\Fungicida Campo 504.pdf | NAO processado -> nao foi encontrada a chave de acesso (44 digitos)
2026-09-23 12:34:13 | INFO     | pipeline | [51/226] processando 01_DADOS_OPERACIONAIS\DEFENSIVOS\MILHO\Fungicida Campo 506.pdf
2026-09-23 12:34:13 | INFO     | 01_DADOS_OPERACIONAIS\DEFENSIVOS\MILHO\Fungicida Campo 506.pdf | inicio de extracao
2026-09-23 12:34:13 | INFO     | 01_DADOS_OPERACIONAIS\DEFENSIVOS\MILHO\Fungicida Campo 506.pdf | origem=texto itens=96
2026-09-23 12:34:13 | WARNING  | 01_DADOS_OPERACIONAIS\DEFENSIVOS\MILHO\Fungicida Campo 506.pdf | chave de acesso (44 digitos) NAO encontrada
2026-09-23 12:34:13 | ERROR    | pipeline | 01_DADOS_OPERACIONAIS\DEFENSIVOS\MILHO\Fungicida Campo 506.pdf | NAO processado -> nao foi encontrada a chave de acesso (44 digitos)
2026-09-23 12:34:13 | INFO     | pipeline | [52/226] processando 01_DADOS_OPERACIONAIS\DEFENSIVOS\MILHO\Fungicida Campo 507.pdf
2026-09-23 12:34:13 | INFO     | 01_DADOS_OPERACIONAIS\DEFENSIVOS\MILHO\Fungicida Campo 507.pdf | inicio de extracao
2026-09-23 12:34:13 | INFO     | 01_DADOS_OPERACIONAIS\DEFENSIVOS\MILHO\Fungicida Campo 507.pdf | origem=texto itens=104
2026-09-23 12:34:13 | WARNING  | 01_DADOS_OPERACIONAIS\DEFENSIVOS\MILHO\Fungicida Campo 507.pdf | chave de acesso (44 digitos) NAO encontrada
2026-09-23 12:34:13 | ERROR    | pipeline | 01_DADOS_OPERACIONAIS\DEFENSIVOS\MILHO\Fungicida Campo 507.pdf | NAO processado -> nao foi encontrada a chave de acesso (44 digitos)
2026-09-23 12:34:13 | INFO     | pipeline | [53/226] processando 01_DADOS_OPERACIONAIS\DEFENSIVOS\MILHO\Fungicida Campo 508.pdf
2026-09-23 12:34:13 | INFO     | 01_DADOS_OPERACIONAIS\DEFENSIVOS\MILHO\Fungicida Campo 508.pdf | inicio de extracao
2026-09-23 12:34:13 | INFO     | 01_DADOS_OPERACIONAIS\DEFENSIVOS\MILHO\Fungicida Campo 508.pdf | origem=texto itens=96
2026-09-23 12:34:13 | WARNING  | 01_DADOS_OPERACIONAIS\DEFENSIVOS\MILHO\Fungicida Campo 508.pdf | chave de acesso (44 digitos) NAO encontrada
2026-09-23 12:34:13 | ERROR    | pipeline | 01_DADOS_OPERACIONAIS\DEFENSIVOS\MILHO\Fungicida Campo 508.pdf | NAO processado -> nao foi encontrada a chave de acesso (44 digitos)
2026-09-23 12:34:13 | INFO     | pipeline | [54/226] processando 01_DADOS_OPERACIONAIS\DEFENSIVOS\MILHO\Fungicidas Campo 301.pdf
2026-09-23 12:34:13 | INFO     | 01_DADOS_OPERACIONAIS\DEFENSIVOS\MILHO\Fungicidas Campo 301.pdf | inicio de extracao
2026-09-23 12:34:13 | INFO     | 01_DADOS_OPERACIONAIS\DEFENSIVOS\MILHO\Fungicidas Campo 301.pdf | origem=texto itens=95
2026-09-23 12:34:13 | WARNING  | 01_DADOS_OPERACIONAIS\DEFENSIVOS\MILHO\Fungicidas Campo 301.pdf | chave de acesso (44 digitos) NAO encontrada
2026-09-23 12:34:13 | ERROR    | pipeline | 01_DADOS_OPERACIONAIS\DEFENSIVOS\MILHO\Fungicidas Campo 301.pdf | NAO processado -> nao foi encontrada a chave de acesso (44 digitos)
2026-09-23 12:34:13 | INFO     | pipeline | [55/226] processando 01_DADOS_OPERACIONAIS\DEFENSIVOS\MILHO\Fungicidas Campo 303.pdf
2026-09-23 12:34:13 | INFO     | 01_DADOS_OPERACIONAIS\DEFENSIVOS\MILHO\Fungicidas Campo 303.pdf | inicio de extracao
2026-09-23 12:34:13 | INFO     | 01_DADOS_OPERACIONAIS\DEFENSIVOS\MILHO\Fungicidas Campo 303.pdf | origem=texto itens=95
2026-09-23 12:34:13 | WARNING  | 01_DADOS_OPERACIONAIS\DEFENSIVOS\MILHO\Fungicidas Campo 303.pdf | chave de acesso (44 digitos) NAO encontrada
2026-09-23 12:34:13 | ERROR    | pipeline | 01_DADOS_OPERACIONAIS\DEFENSIVOS\MILHO\Fungicidas Campo 303.pdf | NAO processado -> nao foi encontrada a chave de acesso (44 digitos)
2026-09-23 12:34:13 | INFO     | pipeline | [56/226] processando 01_DADOS_OPERACIONAIS\DEFENSIVOS\MILHO\Fungicidas Campo 304.pdf
2026-09-23 12:34:13 | INFO     | 01_DADOS_OPERACIONAIS\DEFENSIVOS\MILHO\Fungicidas Campo 304.pdf | inicio de extracao
2026-09-23 12:34:13 | INFO     | 01_DADOS_OPERACIONAIS\DEFENSIVOS\MILHO\Fungicidas Campo 304.pdf | origem=texto itens=95
2026-09-23 12:34:13 | WARNING  | 01_DADOS_OPERACIONAIS\DEFENSIVOS\MILHO\Fungicidas Campo 304.pdf | chave de acesso (44 digitos) NAO encontrada
2026-09-23 12:34:13 | ERROR    | pipeline | 01_DADOS_OPERACIONAIS\DEFENSIVOS\MILHO\Fungicidas Campo 304.pdf | NAO processado -> nao foi encontrada a chave de acesso (44 digitos)
2026-09-23 12:34:13 | INFO     | pipeline | [57/226] processando 01_DADOS_OPERACIONAIS\DEFENSIVOS\MILHO\Fungicidas Campo 306.pdf
2026-09-23 12:34:13 | INFO     | 01_DADOS_OPERACIONAIS\DEFENSIVOS\MILHO\Fungicidas Campo 306.pdf | inicio de extracao
2026-09-23 12:34:13 | INFO     | 01_DADOS_OPERACIONAIS\DEFENSIVOS\MILHO\Fungicidas Campo 306.pdf | origem=texto itens=87
2026-09-23 12:34:13 | WARNING  | 01_DADOS_OPERACIONAIS\DEFENSIVOS\MILHO\Fungicidas Campo 306.pdf | chave de acesso (44 digitos) NAO encontrada
2026-09-23 12:34:13 | ERROR    | pipeline | 01_DADOS_OPERACIONAIS\DEFENSIVOS\MILHO\Fungicidas Campo 306.pdf | NAO processado -> nao foi encontrada a chave de acesso (44 digitos)
2026-09-23 12:34:13 | INFO     | pipeline | [58/226] processando 01_DADOS_OPERACIONAIS\DEFENSIVOS\MILHO\Herbicida Campo 102.pdf
2026-09-23 12:34:13 | INFO     | 01_DADOS_OPERACIONAIS\DEFENSIVOS\MILHO\Herbicida Campo 102.pdf | inicio de extracao
2026-09-23 12:34:13 | INFO     | 01_DADOS_OPERACIONAIS\DEFENSIVOS\MILHO\Herbicida Campo 102.pdf | origem=texto itens=108
2026-09-23 12:34:13 | WARNING  | 01_DADOS_OPERACIONAIS\DEFENSIVOS\MILHO\Herbicida Campo 102.pdf | chave de acesso (44 digitos) NAO encontrada
2026-09-23 12:34:13 | ERROR    | pipeline | 01_DADOS_OPERACIONAIS\DEFENSIVOS\MILHO\Herbicida Campo 102.pdf | NAO processado -> nao foi encontrada a chave de acesso (44 digitos)
2026-09-23 12:34:13 | INFO     | pipeline | [59/226] processando 01_DADOS_OPERACIONAIS\DEFENSIVOS\MILHO\Herbicida Campo 103.pdf
2026-09-23 12:34:13 | INFO     | 01_DADOS_OPERACIONAIS\DEFENSIVOS\MILHO\Herbicida Campo 103.pdf | inicio de extracao
2026-09-23 12:34:13 | INFO     | 01_DADOS_OPERACIONAIS\DEFENSIVOS\MILHO\Herbicida Campo 103.pdf | origem=texto itens=117
2026-09-23 12:34:13 | WARNING  | 01_DADOS_OPERACIONAIS\DEFENSIVOS\MILHO\Herbicida Campo 103.pdf | chave de acesso (44 digitos) NAO encontrada
2026-09-23 12:34:13 | ERROR    | pipeline | 01_DADOS_OPERACIONAIS\DEFENSIVOS\MILHO\Herbicida Campo 103.pdf | NAO processado -> nao foi encontrada a chave de acesso (44 digitos)
2026-09-23 12:34:13 | INFO     | pipeline | [60/226] processando 01_DADOS_OPERACIONAIS\DEFENSIVOS\MILHO\Herbicida Campo 104.pdf
2026-09-23 12:34:13 | INFO     | 01_DADOS_OPERACIONAIS\DEFENSIVOS\MILHO\Herbicida Campo 104.pdf | inicio de extracao
2026-09-23 12:34:14 | INFO     | 01_DADOS_OPERACIONAIS\DEFENSIVOS\MILHO\Herbicida Campo 104.pdf | origem=texto itens=117
2026-09-23 12:34:14 | WARNING  | 01_DADOS_OPERACIONAIS\DEFENSIVOS\MILHO\Herbicida Campo 104.pdf | chave de acesso (44 digitos) NAO encontrada
2026-09-23 12:34:14 | ERROR    | pipeline | 01_DADOS_OPERACIONAIS\DEFENSIVOS\MILHO\Herbicida Campo 104.pdf | NAO processado -> nao foi encontrada a chave de acesso (44 digitos)
2026-09-23 12:34:14 | INFO     | pipeline | [61/226] processando 01_DADOS_OPERACIONAIS\DEFENSIVOS\MILHO\Herbicida Campo 105.pdf
2026-09-23 12:34:14 | INFO     | 01_DADOS_OPERACIONAIS\DEFENSIVOS\MILHO\Herbicida Campo 105.pdf | inicio de extracao
2026-09-23 12:34:14 | INFO     | 01_DADOS_OPERACIONAIS\DEFENSIVOS\MILHO\Herbicida Campo 105.pdf | origem=texto itens=117
2026-09-23 12:34:14 | WARNING  | 01_DADOS_OPERACIONAIS\DEFENSIVOS\MILHO\Herbicida Campo 105.pdf | chave de acesso (44 digitos) NAO encontrada
2026-09-23 12:34:14 | ERROR    | pipeline | 01_DADOS_OPERACIONAIS\DEFENSIVOS\MILHO\Herbicida Campo 105.pdf | NAO processado -> nao foi encontrada a chave de acesso (44 digitos)
2026-09-23 12:34:14 | INFO     | pipeline | [62/226] processando 01_DADOS_OPERACIONAIS\DEFENSIVOS\MILHO\Herbicida Campo 106.pdf
2026-09-23 12:34:14 | INFO     | 01_DADOS_OPERACIONAIS\DEFENSIVOS\MILHO\Herbicida Campo 106.pdf | inicio de extracao
2026-09-23 12:34:14 | INFO     | 01_DADOS_OPERACIONAIS\DEFENSIVOS\MILHO\Herbicida Campo 106.pdf | origem=texto itens=117
2026-09-23 12:34:14 | WARNING  | 01_DADOS_OPERACIONAIS\DEFENSIVOS\MILHO\Herbicida Campo 106.pdf | chave de acesso (44 digitos) NAO encontrada
2026-09-23 12:34:14 | ERROR    | pipeline | 01_DADOS_OPERACIONAIS\DEFENSIVOS\MILHO\Herbicida Campo 106.pdf | NAO processado -> nao foi encontrada a chave de acesso (44 digitos)
2026-09-23 12:34:14 | INFO     | pipeline | [63/226] processando 01_DADOS_OPERACIONAIS\DEFENSIVOS\MILHO\Herbicida Campo 107.pdf
2026-09-23 12:34:14 | INFO     | 01_DADOS_OPERACIONAIS\DEFENSIVOS\MILHO\Herbicida Campo 107.pdf | inicio de extracao
2026-09-23 12:34:14 | INFO     | 01_DADOS_OPERACIONAIS\DEFENSIVOS\MILHO\Herbicida Campo 107.pdf | origem=texto itens=108
2026-09-23 12:34:14 | WARNING  | 01_DADOS_OPERACIONAIS\DEFENSIVOS\MILHO\Herbicida Campo 107.pdf | chave de acesso (44 digitos) NAO encontrada
2026-09-23 12:34:14 | ERROR    | pipeline | 01_DADOS_OPERACIONAIS\DEFENSIVOS\MILHO\Herbicida Campo 107.pdf | NAO processado -> nao foi encontrada a chave de acesso (44 digitos)
2026-09-23 12:34:14 | INFO     | pipeline | [64/226] processando 01_DADOS_OPERACIONAIS\DEFENSIVOS\MILHO\Herbicida Campo 108.pdf
2026-09-23 12:34:14 | INFO     | 01_DADOS_OPERACIONAIS\DEFENSIVOS\MILHO\Herbicida Campo 108.pdf | inicio de extracao
2026-09-23 12:34:14 | INFO     | 01_DADOS_OPERACIONAIS\DEFENSIVOS\MILHO\Herbicida Campo 108.pdf | origem=texto itens=108
2026-09-23 12:34:14 | WARNING  | 01_DADOS_OPERACIONAIS\DEFENSIVOS\MILHO\Herbicida Campo 108.pdf | chave de acesso (44 digitos) NAO encontrada
2026-09-23 12:34:14 | ERROR    | pipeline | 01_DADOS_OPERACIONAIS\DEFENSIVOS\MILHO\Herbicida Campo 108.pdf | NAO processado -> nao foi encontrada a chave de acesso (44 digitos)
2026-09-23 12:34:14 | INFO     | pipeline | [65/226] processando 01_DADOS_OPERACIONAIS\DEFENSIVOS\MILHO\Herbicida Campo 109.pdf
2026-09-23 12:34:14 | INFO     | 01_DADOS_OPERACIONAIS\DEFENSIVOS\MILHO\Herbicida Campo 109.pdf | inicio de extracao
2026-09-23 12:34:14 | INFO     | 01_DADOS_OPERACIONAIS\DEFENSIVOS\MILHO\Herbicida Campo 109.pdf | origem=texto itens=97
2026-09-23 12:34:14 | WARNING  | 01_DADOS_OPERACIONAIS\DEFENSIVOS\MILHO\Herbicida Campo 109.pdf | chave de acesso (44 digitos) NAO encontrada
2026-09-23 12:34:14 | ERROR    | pipeline | 01_DADOS_OPERACIONAIS\DEFENSIVOS\MILHO\Herbicida Campo 109.pdf | NAO processado -> nao foi encontrada a chave de acesso (44 digitos)
2026-09-23 12:34:14 | INFO     | pipeline | [66/226] processando 01_DADOS_OPERACIONAIS\DEFENSIVOS\MILHO\Herbicida Campo 110.pdf
2026-09-23 12:34:14 | INFO     | 01_DADOS_OPERACIONAIS\DEFENSIVOS\MILHO\Herbicida Campo 110.pdf | inicio de extracao
2026-09-23 12:34:14 | INFO     | 01_DADOS_OPERACIONAIS\DEFENSIVOS\MILHO\Herbicida Campo 110.pdf | origem=texto itens=106
2026-09-23 12:34:14 | WARNING  | 01_DADOS_OPERACIONAIS\DEFENSIVOS\MILHO\Herbicida Campo 110.pdf | chave de acesso (44 digitos) NAO encontrada
2026-09-23 12:34:14 | ERROR    | pipeline | 01_DADOS_OPERACIONAIS\DEFENSIVOS\MILHO\Herbicida Campo 110.pdf | NAO processado -> nao foi encontrada a chave de acesso (44 digitos)
2026-09-23 12:34:14 | INFO     | pipeline | [67/226] processando 01_DADOS_OPERACIONAIS\DEFENSIVOS\MILHO\Herbicida Campo 201.pdf
2026-09-23 12:34:14 | INFO     | 01_DADOS_OPERACIONAIS\DEFENSIVOS\MILHO\Herbicida Campo 201.pdf | inicio de extracao
2026-09-23 12:34:14 | INFO     | 01_DADOS_OPERACIONAIS\DEFENSIVOS\MILHO\Herbicida Campo 201.pdf | origem=texto itens=89
2026-09-23 12:34:14 | WARNING  | 01_DADOS_OPERACIONAIS\DEFENSIVOS\MILHO\Herbicida Campo 201.pdf | chave de acesso (44 digitos) NAO encontrada
2026-09-23 12:34:14 | ERROR    | pipeline | 01_DADOS_OPERACIONAIS\DEFENSIVOS\MILHO\Herbicida Campo 201.pdf | NAO processado -> nao foi encontrada a chave de acesso (44 digitos)
2026-09-23 12:34:14 | INFO     | pipeline | [68/226] processando 01_DADOS_OPERACIONAIS\DEFENSIVOS\MILHO\Herbicida Campo 202.pdf
2026-09-23 12:34:14 | INFO     | 01_DADOS_OPERACIONAIS\DEFENSIVOS\MILHO\Herbicida Campo 202.pdf | inicio de extracao
2026-09-23 12:34:14 | INFO     | 01_DADOS_OPERACIONAIS\DEFENSIVOS\MILHO\Herbicida Campo 202.pdf | origem=texto itens=89
2026-09-23 12:34:14 | WARNING  | 01_DADOS_OPERACIONAIS\DEFENSIVOS\MILHO\Herbicida Campo 202.pdf | chave de acesso (44 digitos) NAO encontrada
2026-09-23 12:34:14 | ERROR    | pipeline | 01_DADOS_OPERACIONAIS\DEFENSIVOS\MILHO\Herbicida Campo 202.pdf | NAO processado -> nao foi encontrada a chave de acesso (44 digitos)
2026-09-23 12:34:14 | INFO     | pipeline | [69/226] processando 01_DADOS_OPERACIONAIS\DEFENSIVOS\MILHO\Herbicida Campo 205.pdf
2026-09-23 12:34:14 | INFO     | 01_DADOS_OPERACIONAIS\DEFENSIVOS\MILHO\Herbicida Campo 205.pdf | inicio de extracao
2026-09-23 12:34:14 | INFO     | 01_DADOS_OPERACIONAIS\DEFENSIVOS\MILHO\Herbicida Campo 205.pdf | origem=texto itens=107
2026-09-23 12:34:14 | WARNING  | 01_DADOS_OPERACIONAIS\DEFENSIVOS\MILHO\Herbicida Campo 205.pdf | chave de acesso (44 digitos) NAO encontrada
2026-09-23 12:34:14 | ERROR    | pipeline | 01_DADOS_OPERACIONAIS\DEFENSIVOS\MILHO\Herbicida Campo 205.pdf | NAO processado -> nao foi encontrada a chave de acesso (44 digitos)
2026-09-23 12:34:14 | INFO     | pipeline | [70/226] processando 01_DADOS_OPERACIONAIS\DEFENSIVOS\MILHO\Herbicida Campo 206.pdf
2026-09-23 12:34:14 | INFO     | 01_DADOS_OPERACIONAIS\DEFENSIVOS\MILHO\Herbicida Campo 206.pdf | inicio de extracao
2026-09-23 12:34:14 | INFO     | 01_DADOS_OPERACIONAIS\DEFENSIVOS\MILHO\Herbicida Campo 206.pdf | origem=texto itens=107
2026-09-23 12:34:14 | WARNING  | 01_DADOS_OPERACIONAIS\DEFENSIVOS\MILHO\Herbicida Campo 206.pdf | chave de acesso (44 digitos) NAO encontrada
2026-09-23 12:34:14 | ERROR    | pipeline | 01_DADOS_OPERACIONAIS\DEFENSIVOS\MILHO\Herbicida Campo 206.pdf | NAO processado -> nao foi encontrada a chave de acesso (44 digitos)
2026-09-23 12:34:14 | INFO     | pipeline | [71/226] processando 01_DADOS_OPERACIONAIS\DEFENSIVOS\MILHO\Herbicida Campo 207.pdf
2026-09-23 12:34:14 | INFO     | 01_DADOS_OPERACIONAIS\DEFENSIVOS\MILHO\Herbicida Campo 207.pdf | inicio de extracao
2026-09-23 12:34:14 | INFO     | 01_DADOS_OPERACIONAIS\DEFENSIVOS\MILHO\Herbicida Campo 207.pdf | origem=texto itens=117
2026-09-23 12:34:14 | WARNING  | 01_DADOS_OPERACIONAIS\DEFENSIVOS\MILHO\Herbicida Campo 207.pdf | chave de acesso (44 digitos) NAO encontrada
2026-09-23 12:34:14 | ERROR    | pipeline | 01_DADOS_OPERACIONAIS\DEFENSIVOS\MILHO\Herbicida Campo 207.pdf | NAO processado -> nao foi encontrada a chave de acesso (44 digitos)
2026-09-23 12:34:14 | INFO     | pipeline | [72/226] processando 01_DADOS_OPERACIONAIS\DEFENSIVOS\MILHO\Herbicida Campo 208.pdf
2026-09-23 12:34:14 | INFO     | 01_DADOS_OPERACIONAIS\DEFENSIVOS\MILHO\Herbicida Campo 208.pdf | inicio de extracao
2026-09-23 12:34:14 | INFO     | 01_DADOS_OPERACIONAIS\DEFENSIVOS\MILHO\Herbicida Campo 208.pdf | origem=texto itens=107
2026-09-23 12:34:14 | WARNING  | 01_DADOS_OPERACIONAIS\DEFENSIVOS\MILHO\Herbicida Campo 208.pdf | chave de acesso (44 digitos) NAO encontrada
2026-09-23 12:34:14 | ERROR    | pipeline | 01_DADOS_OPERACIONAIS\DEFENSIVOS\MILHO\Herbicida Campo 208.pdf | NAO processado -> nao foi encontrada a chave de acesso (44 digitos)
2026-09-23 12:34:14 | INFO     | pipeline | [73/226] processando 01_DADOS_OPERACIONAIS\DEFENSIVOS\MILHO\Herbicida Campo 212.pdf
2026-09-23 12:34:14 | INFO     | 01_DADOS_OPERACIONAIS\DEFENSIVOS\MILHO\Herbicida Campo 212.pdf | inicio de extracao
2026-09-23 12:34:14 | INFO     | 01_DADOS_OPERACIONAIS\DEFENSIVOS\MILHO\Herbicida Campo 212.pdf | origem=texto itens=117
2026-09-23 12:34:14 | WARNING  | 01_DADOS_OPERACIONAIS\DEFENSIVOS\MILHO\Herbicida Campo 212.pdf | chave de acesso (44 digitos) NAO encontrada
2026-09-23 12:34:14 | ERROR    | pipeline | 01_DADOS_OPERACIONAIS\DEFENSIVOS\MILHO\Herbicida Campo 212.pdf | NAO processado -> nao foi encontrada a chave de acesso (44 digitos)
2026-09-23 12:34:14 | INFO     | pipeline | [74/226] processando 01_DADOS_OPERACIONAIS\DEFENSIVOS\MILHO\Herbicida Campo 301.pdf
2026-09-23 12:34:14 | INFO     | 01_DADOS_OPERACIONAIS\DEFENSIVOS\MILHO\Herbicida Campo 301.pdf | inicio de extracao
2026-09-23 12:34:14 | INFO     | 01_DADOS_OPERACIONAIS\DEFENSIVOS\MILHO\Herbicida Campo 301.pdf | origem=texto itens=97
2026-09-23 12:34:14 | WARNING  | 01_DADOS_OPERACIONAIS\DEFENSIVOS\MILHO\Herbicida Campo 301.pdf | chave de acesso (44 digitos) NAO encontrada
2026-09-23 12:34:14 | ERROR    | pipeline | 01_DADOS_OPERACIONAIS\DEFENSIVOS\MILHO\Herbicida Campo 301.pdf | NAO processado -> nao foi encontrada a chave de acesso (44 digitos)
2026-09-23 12:34:14 | INFO     | pipeline | [75/226] processando 01_DADOS_OPERACIONAIS\DEFENSIVOS\MILHO\Herbicida Campo 303.pdf
2026-09-23 12:34:14 | INFO     | 01_DADOS_OPERACIONAIS\DEFENSIVOS\MILHO\Herbicida Campo 303.pdf | inicio de extracao
2026-09-23 12:34:14 | INFO     | 01_DADOS_OPERACIONAIS\DEFENSIVOS\MILHO\Herbicida Campo 303.pdf | origem=texto itens=107
2026-09-23 12:34:14 | WARNING  | 01_DADOS_OPERACIONAIS\DEFENSIVOS\MILHO\Herbicida Campo 303.pdf | chave de acesso (44 digitos) NAO encontrada
2026-09-23 12:34:14 | ERROR    | pipeline | 01_DADOS_OPERACIONAIS\DEFENSIVOS\MILHO\Herbicida Campo 303.pdf | NAO processado -> nao foi encontrada a chave de acesso (44 digitos)
2026-09-23 12:34:14 | INFO     | pipeline | [76/226] processando 01_DADOS_OPERACIONAIS\DEFENSIVOS\MILHO\Herbicida Campo 304.pdf
2026-09-23 12:34:14 | INFO     | 01_DADOS_OPERACIONAIS\DEFENSIVOS\MILHO\Herbicida Campo 304.pdf | inicio de extracao
2026-09-23 12:34:14 | INFO     | 01_DADOS_OPERACIONAIS\DEFENSIVOS\MILHO\Herbicida Campo 304.pdf | origem=texto itens=107
2026-09-23 12:34:14 | WARNING  | 01_DADOS_OPERACIONAIS\DEFENSIVOS\MILHO\Herbicida Campo 304.pdf | chave de acesso (44 digitos) NAO encontrada
2026-09-23 12:34:14 | ERROR    | pipeline | 01_DADOS_OPERACIONAIS\DEFENSIVOS\MILHO\Herbicida Campo 304.pdf | NAO processado -> nao foi encontrada a chave de acesso (44 digitos)
2026-09-23 12:34:14 | INFO     | pipeline | [77/226] processando 01_DADOS_OPERACIONAIS\DEFENSIVOS\MILHO\Herbicida Campo 306.pdf
2026-09-23 12:34:14 | INFO     | 01_DADOS_OPERACIONAIS\DEFENSIVOS\MILHO\Herbicida Campo 306.pdf | inicio de extracao
2026-09-23 12:34:14 | INFO     | 01_DADOS_OPERACIONAIS\DEFENSIVOS\MILHO\Herbicida Campo 306.pdf | origem=texto itens=106
2026-09-23 12:34:14 | WARNING  | 01_DADOS_OPERACIONAIS\DEFENSIVOS\MILHO\Herbicida Campo 306.pdf | chave de acesso (44 digitos) NAO encontrada
2026-09-23 12:34:14 | ERROR    | pipeline | 01_DADOS_OPERACIONAIS\DEFENSIVOS\MILHO\Herbicida Campo 306.pdf | NAO processado -> nao foi encontrada a chave de acesso (44 digitos)
2026-09-23 12:34:14 | INFO     | pipeline | [78/226] processando 01_DADOS_OPERACIONAIS\DEFENSIVOS\MILHO\Herbicida Campo 501.pdf
2026-09-23 12:34:14 | INFO     | 01_DADOS_OPERACIONAIS\DEFENSIVOS\MILHO\Herbicida Campo 501.pdf | inicio de extracao
2026-09-23 12:34:14 | INFO     | 01_DADOS_OPERACIONAIS\DEFENSIVOS\MILHO\Herbicida Campo 501.pdf | origem=texto itens=123
2026-09-23 12:34:14 | WARNING  | 01_DADOS_OPERACIONAIS\DEFENSIVOS\MILHO\Herbicida Campo 501.pdf | chave de acesso (44 digitos) NAO encontrada
2026-09-23 12:34:14 | ERROR    | pipeline | 01_DADOS_OPERACIONAIS\DEFENSIVOS\MILHO\Herbicida Campo 501.pdf | NAO processado -> nao foi encontrada a chave de acesso (44 digitos)
2026-09-23 12:34:14 | INFO     | pipeline | [79/226] processando 01_DADOS_OPERACIONAIS\DEFENSIVOS\MILHO\Herbicida Campo 502.pdf
2026-09-23 12:34:14 | INFO     | 01_DADOS_OPERACIONAIS\DEFENSIVOS\MILHO\Herbicida Campo 502.pdf | inicio de extracao
2026-09-23 12:34:14 | INFO     | 01_DADOS_OPERACIONAIS\DEFENSIVOS\MILHO\Herbicida Campo 502.pdf | origem=texto itens=115
2026-09-23 12:34:14 | WARNING  | 01_DADOS_OPERACIONAIS\DEFENSIVOS\MILHO\Herbicida Campo 502.pdf | chave de acesso (44 digitos) NAO encontrada
2026-09-23 12:34:14 | ERROR    | pipeline | 01_DADOS_OPERACIONAIS\DEFENSIVOS\MILHO\Herbicida Campo 502.pdf | NAO processado -> nao foi encontrada a chave de acesso (44 digitos)
2026-09-23 12:34:14 | INFO     | pipeline | [80/226] processando 01_DADOS_OPERACIONAIS\DEFENSIVOS\MILHO\Herbicida Campo 503.pdf
2026-09-23 12:34:14 | INFO     | 01_DADOS_OPERACIONAIS\DEFENSIVOS\MILHO\Herbicida Campo 503.pdf | inicio de extracao
2026-09-23 12:34:14 | INFO     | 01_DADOS_OPERACIONAIS\DEFENSIVOS\MILHO\Herbicida Campo 503.pdf | origem=texto itens=105
2026-09-23 12:34:14 | WARNING  | 01_DADOS_OPERACIONAIS\DEFENSIVOS\MILHO\Herbicida Campo 503.pdf | chave de acesso (44 digitos) NAO encontrada
2026-09-23 12:34:14 | ERROR    | pipeline | 01_DADOS_OPERACIONAIS\DEFENSIVOS\MILHO\Herbicida Campo 503.pdf | NAO processado -> nao foi encontrada a chave de acesso (44 digitos)
2026-09-23 12:34:14 | INFO     | pipeline | [81/226] processando 01_DADOS_OPERACIONAIS\DEFENSIVOS\MILHO\Herbicida Campo 504.pdf
2026-09-23 12:34:14 | INFO     | 01_DADOS_OPERACIONAIS\DEFENSIVOS\MILHO\Herbicida Campo 504.pdf | inicio de extracao
2026-09-23 12:34:14 | INFO     | 01_DADOS_OPERACIONAIS\DEFENSIVOS\MILHO\Herbicida Campo 504.pdf | origem=texto itens=123
2026-09-23 12:34:14 | WARNING  | 01_DADOS_OPERACIONAIS\DEFENSIVOS\MILHO\Herbicida Campo 504.pdf | chave de acesso (44 digitos) NAO encontrada
2026-09-23 12:34:14 | ERROR    | pipeline | 01_DADOS_OPERACIONAIS\DEFENSIVOS\MILHO\Herbicida Campo 504.pdf | NAO processado -> nao foi encontrada a chave de acesso (44 digitos)
2026-09-23 12:34:14 | INFO     | pipeline | [82/226] processando 01_DADOS_OPERACIONAIS\DEFENSIVOS\MILHO\Herbicida Campo 506.pdf
2026-09-23 12:34:14 | INFO     | 01_DADOS_OPERACIONAIS\DEFENSIVOS\MILHO\Herbicida Campo 506.pdf | inicio de extracao
2026-09-23 12:34:14 | INFO     | 01_DADOS_OPERACIONAIS\DEFENSIVOS\MILHO\Herbicida Campo 506.pdf | origem=texto itens=98
2026-09-23 12:34:14 | WARNING  | 01_DADOS_OPERACIONAIS\DEFENSIVOS\MILHO\Herbicida Campo 506.pdf | chave de acesso (44 digitos) NAO encontrada
2026-09-23 12:34:14 | ERROR    | pipeline | 01_DADOS_OPERACIONAIS\DEFENSIVOS\MILHO\Herbicida Campo 506.pdf | NAO processado -> nao foi encontrada a chave de acesso (44 digitos)
2026-09-23 12:34:14 | INFO     | pipeline | [83/226] processando 01_DADOS_OPERACIONAIS\DEFENSIVOS\MILHO\Herbicida Campo 507.pdf
2026-09-23 12:34:14 | INFO     | 01_DADOS_OPERACIONAIS\DEFENSIVOS\MILHO\Herbicida Campo 507.pdf | inicio de extracao
2026-09-23 12:34:14 | INFO     | 01_DADOS_OPERACIONAIS\DEFENSIVOS\MILHO\Herbicida Campo 507.pdf | origem=texto itens=124
2026-09-23 12:34:14 | WARNING  | 01_DADOS_OPERACIONAIS\DEFENSIVOS\MILHO\Herbicida Campo 507.pdf | chave de acesso (44 digitos) NAO encontrada
2026-09-23 12:34:14 | ERROR    | pipeline | 01_DADOS_OPERACIONAIS\DEFENSIVOS\MILHO\Herbicida Campo 507.pdf | NAO processado -> nao foi encontrada a chave de acesso (44 digitos)
2026-09-23 12:34:14 | INFO     | pipeline | [84/226] processando 01_DADOS_OPERACIONAIS\DEFENSIVOS\MILHO\Herbicida Campo 508.pdf
2026-09-23 12:34:14 | INFO     | 01_DADOS_OPERACIONAIS\DEFENSIVOS\MILHO\Herbicida Campo 508.pdf | inicio de extracao
2026-09-23 12:34:14 | INFO     | 01_DADOS_OPERACIONAIS\DEFENSIVOS\MILHO\Herbicida Campo 508.pdf | origem=texto itens=115
2026-09-23 12:34:14 | WARNING  | 01_DADOS_OPERACIONAIS\DEFENSIVOS\MILHO\Herbicida Campo 508.pdf | chave de acesso (44 digitos) NAO encontrada
2026-09-23 12:34:14 | ERROR    | pipeline | 01_DADOS_OPERACIONAIS\DEFENSIVOS\MILHO\Herbicida Campo 508.pdf | NAO processado -> nao foi encontrada a chave de acesso (44 digitos)
2026-09-23 12:34:14 | INFO     | pipeline | [85/226] processando 01_DADOS_OPERACIONAIS\DEFENSIVOS\MILHO\Inseticida Campo 102.pdf
2026-09-23 12:34:14 | INFO     | 01_DADOS_OPERACIONAIS\DEFENSIVOS\MILHO\Inseticida Campo 102.pdf | inicio de extracao
2026-09-23 12:34:14 | INFO     | 01_DADOS_OPERACIONAIS\DEFENSIVOS\MILHO\Inseticida Campo 102.pdf | origem=texto itens=96
2026-09-23 12:34:14 | WARNING  | 01_DADOS_OPERACIONAIS\DEFENSIVOS\MILHO\Inseticida Campo 102.pdf | chave de acesso (44 digitos) NAO encontrada
2026-09-23 12:34:14 | ERROR    | pipeline | 01_DADOS_OPERACIONAIS\DEFENSIVOS\MILHO\Inseticida Campo 102.pdf | NAO processado -> nao foi encontrada a chave de acesso (44 digitos)
2026-09-23 12:34:14 | INFO     | pipeline | [86/226] processando 01_DADOS_OPERACIONAIS\DEFENSIVOS\MILHO\Inseticida Campo 103.pdf
2026-09-23 12:34:14 | INFO     | 01_DADOS_OPERACIONAIS\DEFENSIVOS\MILHO\Inseticida Campo 103.pdf | inicio de extracao
2026-09-23 12:34:14 | INFO     | 01_DADOS_OPERACIONAIS\DEFENSIVOS\MILHO\Inseticida Campo 103.pdf | origem=texto itens=120
2026-09-23 12:34:14 | WARNING  | 01_DADOS_OPERACIONAIS\DEFENSIVOS\MILHO\Inseticida Campo 103.pdf | chave de acesso (44 digitos) NAO encontrada
2026-09-23 12:34:14 | ERROR    | pipeline | 01_DADOS_OPERACIONAIS\DEFENSIVOS\MILHO\Inseticida Campo 103.pdf | NAO processado -> nao foi encontrada a chave de acesso (44 digitos)
2026-09-23 12:34:14 | INFO     | pipeline | [87/226] processando 01_DADOS_OPERACIONAIS\DEFENSIVOS\MILHO\Inseticida Campo 104.pdf
2026-09-23 12:34:14 | INFO     | 01_DADOS_OPERACIONAIS\DEFENSIVOS\MILHO\Inseticida Campo 104.pdf | inicio de extracao
2026-09-23 12:34:14 | INFO     | 01_DADOS_OPERACIONAIS\DEFENSIVOS\MILHO\Inseticida Campo 104.pdf | origem=texto itens=114
2026-09-23 12:34:14 | WARNING  | 01_DADOS_OPERACIONAIS\DEFENSIVOS\MILHO\Inseticida Campo 104.pdf | chave de acesso (44 digitos) NAO encontrada
2026-09-23 12:34:14 | ERROR    | pipeline | 01_DADOS_OPERACIONAIS\DEFENSIVOS\MILHO\Inseticida Campo 104.pdf | NAO processado -> nao foi encontrada a chave de acesso (44 digitos)
2026-09-23 12:34:14 | INFO     | pipeline | [88/226] processando 01_DADOS_OPERACIONAIS\DEFENSIVOS\MILHO\Inseticida Campo 105.pdf
2026-09-23 12:34:14 | INFO     | 01_DADOS_OPERACIONAIS\DEFENSIVOS\MILHO\Inseticida Campo 105.pdf | inicio de extracao
2026-09-23 12:34:14 | INFO     | 01_DADOS_OPERACIONAIS\DEFENSIVOS\MILHO\Inseticida Campo 105.pdf | origem=texto itens=95
2026-09-23 12:34:14 | WARNING  | 01_DADOS_OPERACIONAIS\DEFENSIVOS\MILHO\Inseticida Campo 105.pdf | chave de acesso (44 digitos) NAO encontrada
2026-09-23 12:34:14 | ERROR    | pipeline | 01_DADOS_OPERACIONAIS\DEFENSIVOS\MILHO\Inseticida Campo 105.pdf | NAO processado -> nao foi encontrada a chave de acesso (44 digitos)
2026-09-23 12:34:14 | INFO     | pipeline | [89/226] processando 01_DADOS_OPERACIONAIS\DEFENSIVOS\MILHO\Inseticida Campo 106.pdf
2026-09-23 12:34:14 | INFO     | 01_DADOS_OPERACIONAIS\DEFENSIVOS\MILHO\Inseticida Campo 106.pdf | inicio de extracao
2026-09-23 12:34:14 | INFO     | 01_DADOS_OPERACIONAIS\DEFENSIVOS\MILHO\Inseticida Campo 106.pdf | origem=texto itens=112
2026-09-23 12:34:14 | WARNING  | 01_DADOS_OPERACIONAIS\DEFENSIVOS\MILHO\Inseticida Campo 106.pdf | chave de acesso (44 digitos) NAO encontrada
2026-09-23 12:34:14 | ERROR    | pipeline | 01_DADOS_OPERACIONAIS\DEFENSIVOS\MILHO\Inseticida Campo 106.pdf | NAO processado -> nao foi encontrada a chave de acesso (44 digitos)
2026-09-23 12:34:14 | INFO     | pipeline | [90/226] processando 01_DADOS_OPERACIONAIS\DEFENSIVOS\MILHO\Inseticida Campo 107.pdf
2026-09-23 12:34:14 | INFO     | 01_DADOS_OPERACIONAIS\DEFENSIVOS\MILHO\Inseticida Campo 107.pdf | inicio de extracao
2026-09-23 12:34:14 | INFO     | 01_DADOS_OPERACIONAIS\DEFENSIVOS\MILHO\Inseticida Campo 107.pdf | origem=texto itens=104
2026-09-23 12:34:14 | WARNING  | 01_DADOS_OPERACIONAIS\DEFENSIVOS\MILHO\Inseticida Campo 107.pdf | chave de acesso (44 digitos) NAO encontrada
2026-09-23 12:34:14 | ERROR    | pipeline | 01_DADOS_OPERACIONAIS\DEFENSIVOS\MILHO\Inseticida Campo 107.pdf | NAO processado -> nao foi encontrada a chave de acesso (44 digitos)
2026-09-23 12:34:14 | INFO     | pipeline | [91/226] processando 01_DADOS_OPERACIONAIS\DEFENSIVOS\MILHO\Inseticida Campo 108.pdf
2026-09-23 12:34:14 | INFO     | 01_DADOS_OPERACIONAIS\DEFENSIVOS\MILHO\Inseticida Campo 108.pdf | inicio de extracao
2026-09-23 12:34:14 | INFO     | 01_DADOS_OPERACIONAIS\DEFENSIVOS\MILHO\Inseticida Campo 108.pdf | origem=texto itens=113
2026-09-23 12:34:14 | WARNING  | 01_DADOS_OPERACIONAIS\DEFENSIVOS\MILHO\Inseticida Campo 108.pdf | chave de acesso (44 digitos) NAO encontrada
2026-09-23 12:34:14 | ERROR    | pipeline | 01_DADOS_OPERACIONAIS\DEFENSIVOS\MILHO\Inseticida Campo 108.pdf | NAO processado -> nao foi encontrada a chave de acesso (44 digitos)
2026-09-23 12:34:14 | INFO     | pipeline | [92/226] processando 01_DADOS_OPERACIONAIS\DEFENSIVOS\MILHO\Inseticida Campo 109.pdf
2026-09-23 12:34:14 | INFO     | 01_DADOS_OPERACIONAIS\DEFENSIVOS\MILHO\Inseticida Campo 109.pdf | inicio de extracao
2026-09-23 12:34:14 | INFO     | 01_DADOS_OPERACIONAIS\DEFENSIVOS\MILHO\Inseticida Campo 109.pdf | origem=texto itens=96
2026-09-23 12:34:14 | WARNING  | 01_DADOS_OPERACIONAIS\DEFENSIVOS\MILHO\Inseticida Campo 109.pdf | chave de acesso (44 digitos) NAO encontrada
2026-09-23 12:34:14 | ERROR    | pipeline | 01_DADOS_OPERACIONAIS\DEFENSIVOS\MILHO\Inseticida Campo 109.pdf | NAO processado -> nao foi encontrada a chave de acesso (44 digitos)
2026-09-23 12:34:14 | INFO     | pipeline | [93/226] processando 01_DADOS_OPERACIONAIS\DEFENSIVOS\MILHO\Inseticida Campo 110.pdf
2026-09-23 12:34:14 | INFO     | 01_DADOS_OPERACIONAIS\DEFENSIVOS\MILHO\Inseticida Campo 110.pdf | inicio de extracao
2026-09-23 12:34:14 | INFO     | 01_DADOS_OPERACIONAIS\DEFENSIVOS\MILHO\Inseticida Campo 110.pdf | origem=texto itens=103
2026-09-23 12:34:14 | WARNING  | 01_DADOS_OPERACIONAIS\DEFENSIVOS\MILHO\Inseticida Campo 110.pdf | chave de acesso (44 digitos) NAO encontrada
2026-09-23 12:34:14 | ERROR    | pipeline | 01_DADOS_OPERACIONAIS\DEFENSIVOS\MILHO\Inseticida Campo 110.pdf | NAO processado -> nao foi encontrada a chave de acesso (44 digitos)
2026-09-23 12:34:14 | INFO     | pipeline | [94/226] processando 01_DADOS_OPERACIONAIS\DEFENSIVOS\MILHO\Inseticida Campo 201.pdf
2026-09-23 12:34:14 | INFO     | 01_DADOS_OPERACIONAIS\DEFENSIVOS\MILHO\Inseticida Campo 201.pdf | inicio de extracao
2026-09-23 12:34:14 | INFO     | 01_DADOS_OPERACIONAIS\DEFENSIVOS\MILHO\Inseticida Campo 201.pdf | origem=texto itens=129
2026-09-23 12:34:14 | WARNING  | 01_DADOS_OPERACIONAIS\DEFENSIVOS\MILHO\Inseticida Campo 201.pdf | chave de acesso (44 digitos) NAO encontrada
2026-09-23 12:34:14 | ERROR    | pipeline | 01_DADOS_OPERACIONAIS\DEFENSIVOS\MILHO\Inseticida Campo 201.pdf | NAO processado -> nao foi encontrada a chave de acesso (44 digitos)
2026-09-23 12:34:14 | INFO     | pipeline | [95/226] processando 01_DADOS_OPERACIONAIS\DEFENSIVOS\MILHO\Inseticida Campo 202.pdf
2026-09-23 12:34:14 | INFO     | 01_DADOS_OPERACIONAIS\DEFENSIVOS\MILHO\Inseticida Campo 202.pdf | inicio de extracao
2026-09-23 12:34:14 | INFO     | 01_DADOS_OPERACIONAIS\DEFENSIVOS\MILHO\Inseticida Campo 202.pdf | origem=texto itens=129
2026-09-23 12:34:14 | WARNING  | 01_DADOS_OPERACIONAIS\DEFENSIVOS\MILHO\Inseticida Campo 202.pdf | chave de acesso (44 digitos) NAO encontrada
2026-09-23 12:34:14 | ERROR    | pipeline | 01_DADOS_OPERACIONAIS\DEFENSIVOS\MILHO\Inseticida Campo 202.pdf | NAO processado -> nao foi encontrada a chave de acesso (44 digitos)
2026-09-23 12:34:14 | INFO     | pipeline | [96/226] processando 01_DADOS_OPERACIONAIS\DEFENSIVOS\MILHO\Inseticida Campo 205.pdf
2026-09-23 12:34:14 | INFO     | 01_DADOS_OPERACIONAIS\DEFENSIVOS\MILHO\Inseticida Campo 205.pdf | inicio de extracao
2026-09-23 12:34:14 | INFO     | 01_DADOS_OPERACIONAIS\DEFENSIVOS\MILHO\Inseticida Campo 205.pdf | origem=texto itens=121
2026-09-23 12:34:14 | WARNING  | 01_DADOS_OPERACIONAIS\DEFENSIVOS\MILHO\Inseticida Campo 205.pdf | chave de acesso (44 digitos) NAO encontrada
2026-09-23 12:34:14 | ERROR    | pipeline | 01_DADOS_OPERACIONAIS\DEFENSIVOS\MILHO\Inseticida Campo 205.pdf | NAO processado -> nao foi encontrada a chave de acesso (44 digitos)
2026-09-23 12:34:14 | INFO     | pipeline | [97/226] processando 01_DADOS_OPERACIONAIS\DEFENSIVOS\MILHO\Inseticida Campo 206.pdf
2026-09-23 12:34:14 | INFO     | 01_DADOS_OPERACIONAIS\DEFENSIVOS\MILHO\Inseticida Campo 206.pdf | inicio de extracao
2026-09-23 12:34:14 | INFO     | 01_DADOS_OPERACIONAIS\DEFENSIVOS\MILHO\Inseticida Campo 206.pdf | origem=texto itens=121
2026-09-23 12:34:14 | WARNING  | 01_DADOS_OPERACIONAIS\DEFENSIVOS\MILHO\Inseticida Campo 206.pdf | chave de acesso (44 digitos) NAO encontrada
2026-09-23 12:34:14 | ERROR    | pipeline | 01_DADOS_OPERACIONAIS\DEFENSIVOS\MILHO\Inseticida Campo 206.pdf | NAO processado -> nao foi encontrada a chave de acesso (44 digitos)
2026-09-23 12:34:14 | INFO     | pipeline | [98/226] processando 01_DADOS_OPERACIONAIS\DEFENSIVOS\MILHO\Inseticida Campo 207.pdf
2026-09-23 12:34:14 | INFO     | 01_DADOS_OPERACIONAIS\DEFENSIVOS\MILHO\Inseticida Campo 207.pdf | inicio de extracao
2026-09-23 12:34:14 | INFO     | 01_DADOS_OPERACIONAIS\DEFENSIVOS\MILHO\Inseticida Campo 207.pdf | origem=texto itens=113
2026-09-23 12:34:14 | WARNING  | 01_DADOS_OPERACIONAIS\DEFENSIVOS\MILHO\Inseticida Campo 207.pdf | chave de acesso (44 digitos) NAO encontrada
2026-09-23 12:34:14 | ERROR    | pipeline | 01_DADOS_OPERACIONAIS\DEFENSIVOS\MILHO\Inseticida Campo 207.pdf | NAO processado -> nao foi encontrada a chave de acesso (44 digitos)
2026-09-23 12:34:14 | INFO     | pipeline | [99/226] processando 01_DADOS_OPERACIONAIS\DEFENSIVOS\MILHO\Inseticida Campo 208.pdf
2026-09-23 12:34:14 | INFO     | 01_DADOS_OPERACIONAIS\DEFENSIVOS\MILHO\Inseticida Campo 208.pdf | inicio de extracao
2026-09-23 12:34:14 | INFO     | 01_DADOS_OPERACIONAIS\DEFENSIVOS\MILHO\Inseticida Campo 208.pdf | origem=texto itens=113
2026-09-23 12:34:14 | WARNING  | 01_DADOS_OPERACIONAIS\DEFENSIVOS\MILHO\Inseticida Campo 208.pdf | chave de acesso (44 digitos) NAO encontrada
2026-09-23 12:34:14 | ERROR    | pipeline | 01_DADOS_OPERACIONAIS\DEFENSIVOS\MILHO\Inseticida Campo 208.pdf | NAO processado -> nao foi encontrada a chave de acesso (44 digitos)
2026-09-23 12:34:14 | INFO     | pipeline | [100/226] processando 01_DADOS_OPERACIONAIS\DEFENSIVOS\MILHO\Inseticida Campo 212.pdf
2026-09-23 12:34:14 | INFO     | 01_DADOS_OPERACIONAIS\DEFENSIVOS\MILHO\Inseticida Campo 212.pdf | inicio de extracao
2026-09-23 12:34:14 | INFO     | 01_DADOS_OPERACIONAIS\DEFENSIVOS\MILHO\Inseticida Campo 212.pdf | origem=texto itens=113
2026-09-23 12:34:14 | WARNING  | 01_DADOS_OPERACIONAIS\DEFENSIVOS\MILHO\Inseticida Campo 212.pdf | chave de acesso (44 digitos) NAO encontrada
2026-09-23 12:34:14 | ERROR    | pipeline | 01_DADOS_OPERACIONAIS\DEFENSIVOS\MILHO\Inseticida Campo 212.pdf | NAO processado -> nao foi encontrada a chave de acesso (44 digitos)
2026-09-23 12:34:14 | INFO     | pipeline | [101/226] processando 01_DADOS_OPERACIONAIS\DEFENSIVOS\MILHO\Inseticida Campo 301.pdf
2026-09-23 12:34:14 | INFO     | 01_DADOS_OPERACIONAIS\DEFENSIVOS\MILHO\Inseticida Campo 301.pdf | inicio de extracao
2026-09-23 12:34:14 | INFO     | 01_DADOS_OPERACIONAIS\DEFENSIVOS\MILHO\Inseticida Campo 301.pdf | origem=texto itens=137
2026-09-23 12:34:14 | WARNING  | 01_DADOS_OPERACIONAIS\DEFENSIVOS\MILHO\Inseticida Campo 301.pdf | chave de acesso (44 digitos) NAO encontrada
2026-09-23 12:34:14 | ERROR    | pipeline | 01_DADOS_OPERACIONAIS\DEFENSIVOS\MILHO\Inseticida Campo 301.pdf | NAO processado -> nao foi encontrada a chave de acesso (44 digitos)
2026-09-23 12:34:14 | INFO     | pipeline | [102/226] processando 01_DADOS_OPERACIONAIS\DEFENSIVOS\MILHO\Inseticida Campo 303.pdf
2026-09-23 12:34:14 | INFO     | 01_DADOS_OPERACIONAIS\DEFENSIVOS\MILHO\Inseticida Campo 303.pdf | inicio de extracao
2026-09-23 12:34:14 | INFO     | 01_DADOS_OPERACIONAIS\DEFENSIVOS\MILHO\Inseticida Campo 303.pdf | origem=texto itens=145
2026-09-23 12:34:14 | WARNING  | 01_DADOS_OPERACIONAIS\DEFENSIVOS\MILHO\Inseticida Campo 303.pdf | chave de acesso (44 digitos) NAO encontrada
2026-09-23 12:34:14 | ERROR    | pipeline | 01_DADOS_OPERACIONAIS\DEFENSIVOS\MILHO\Inseticida Campo 303.pdf | NAO processado -> nao foi encontrada a chave de acesso (44 digitos)
2026-09-23 12:34:14 | INFO     | pipeline | [103/226] processando 01_DADOS_OPERACIONAIS\DEFENSIVOS\MILHO\Inseticida Campo 304.pdf
2026-09-23 12:34:14 | INFO     | 01_DADOS_OPERACIONAIS\DEFENSIVOS\MILHO\Inseticida Campo 304.pdf | inicio de extracao
2026-09-23 12:34:14 | INFO     | 01_DADOS_OPERACIONAIS\DEFENSIVOS\MILHO\Inseticida Campo 304.pdf | origem=texto itens=137
2026-09-23 12:34:14 | WARNING  | 01_DADOS_OPERACIONAIS\DEFENSIVOS\MILHO\Inseticida Campo 304.pdf | chave de acesso (44 digitos) NAO encontrada
2026-09-23 12:34:14 | ERROR    | pipeline | 01_DADOS_OPERACIONAIS\DEFENSIVOS\MILHO\Inseticida Campo 304.pdf | NAO processado -> nao foi encontrada a chave de acesso (44 digitos)
2026-09-23 12:34:14 | INFO     | pipeline | [104/226] processando 01_DADOS_OPERACIONAIS\DEFENSIVOS\MILHO\Inseticida Campo 306.pdf
2026-09-23 12:34:14 | INFO     | 01_DADOS_OPERACIONAIS\DEFENSIVOS\MILHO\Inseticida Campo 306.pdf | inicio de extracao
2026-09-23 12:34:14 | INFO     | 01_DADOS_OPERACIONAIS\DEFENSIVOS\MILHO\Inseticida Campo 306.pdf | origem=texto itens=104
2026-09-23 12:34:14 | WARNING  | 01_DADOS_OPERACIONAIS\DEFENSIVOS\MILHO\Inseticida Campo 306.pdf | chave de acesso (44 digitos) NAO encontrada
2026-09-23 12:34:14 | ERROR    | pipeline | 01_DADOS_OPERACIONAIS\DEFENSIVOS\MILHO\Inseticida Campo 306.pdf | NAO processado -> nao foi encontrada a chave de acesso (44 digitos)
2026-09-23 12:34:14 | INFO     | pipeline | [105/226] processando 01_DADOS_OPERACIONAIS\DEFENSIVOS\MILHO\Inseticida Campo 501.pdf
2026-09-23 12:34:14 | INFO     | 01_DADOS_OPERACIONAIS\DEFENSIVOS\MILHO\Inseticida Campo 501.pdf | inicio de extracao
2026-09-23 12:34:14 | INFO     | 01_DADOS_OPERACIONAIS\DEFENSIVOS\MILHO\Inseticida Campo 501.pdf | origem=texto itens=112
2026-09-23 12:34:14 | WARNING  | 01_DADOS_OPERACIONAIS\DEFENSIVOS\MILHO\Inseticida Campo 501.pdf | chave de acesso (44 digitos) NAO encontrada
2026-09-23 12:34:14 | ERROR    | pipeline | 01_DADOS_OPERACIONAIS\DEFENSIVOS\MILHO\Inseticida Campo 501.pdf | NAO processado -> nao foi encontrada a chave de acesso (44 digitos)
2026-09-23 12:34:14 | INFO     | pipeline | [106/226] processando 01_DADOS_OPERACIONAIS\DEFENSIVOS\MILHO\Inseticida Campo 502.pdf
2026-09-23 12:34:14 | INFO     | 01_DADOS_OPERACIONAIS\DEFENSIVOS\MILHO\Inseticida Campo 502.pdf | inicio de extracao
2026-09-23 12:34:14 | INFO     | 01_DADOS_OPERACIONAIS\DEFENSIVOS\MILHO\Inseticida Campo 502.pdf | origem=texto itens=128
2026-09-23 12:34:14 | WARNING  | 01_DADOS_OPERACIONAIS\DEFENSIVOS\MILHO\Inseticida Campo 502.pdf | chave de acesso (44 digitos) NAO encontrada
2026-09-23 12:34:14 | ERROR    | pipeline | 01_DADOS_OPERACIONAIS\DEFENSIVOS\MILHO\Inseticida Campo 502.pdf | NAO processado -> nao foi encontrada a chave de acesso (44 digitos)
2026-09-23 12:34:14 | INFO     | pipeline | [107/226] processando 01_DADOS_OPERACIONAIS\DEFENSIVOS\MILHO\Inseticida Campo 503.pdf
2026-09-23 12:34:14 | INFO     | 01_DADOS_OPERACIONAIS\DEFENSIVOS\MILHO\Inseticida Campo 503.pdf | inicio de extracao
2026-09-23 12:34:14 | INFO     | 01_DADOS_OPERACIONAIS\DEFENSIVOS\MILHO\Inseticida Campo 503.pdf | origem=texto itens=94
2026-09-23 12:34:14 | WARNING  | 01_DADOS_OPERACIONAIS\DEFENSIVOS\MILHO\Inseticida Campo 503.pdf | chave de acesso (44 digitos) NAO encontrada
2026-09-23 12:34:14 | ERROR    | pipeline | 01_DADOS_OPERACIONAIS\DEFENSIVOS\MILHO\Inseticida Campo 503.pdf | NAO processado -> nao foi encontrada a chave de acesso (44 digitos)
2026-09-23 12:34:14 | INFO     | pipeline | [108/226] processando 01_DADOS_OPERACIONAIS\DEFENSIVOS\MILHO\Inseticida Campo 504.pdf
2026-09-23 12:34:14 | INFO     | 01_DADOS_OPERACIONAIS\DEFENSIVOS\MILHO\Inseticida Campo 504.pdf | inicio de extracao
2026-09-23 12:34:14 | INFO     | 01_DADOS_OPERACIONAIS\DEFENSIVOS\MILHO\Inseticida Campo 504.pdf | origem=texto itens=128
2026-09-23 12:34:14 | WARNING  | 01_DADOS_OPERACIONAIS\DEFENSIVOS\MILHO\Inseticida Campo 504.pdf | chave de acesso (44 digitos) NAO encontrada
2026-09-23 12:34:14 | ERROR    | pipeline | 01_DADOS_OPERACIONAIS\DEFENSIVOS\MILHO\Inseticida Campo 504.pdf | NAO processado -> nao foi encontrada a chave de acesso (44 digitos)
2026-09-23 12:34:14 | INFO     | pipeline | [109/226] processando 01_DADOS_OPERACIONAIS\DEFENSIVOS\MILHO\Inseticida Campo 506.pdf
2026-09-23 12:34:14 | INFO     | 01_DADOS_OPERACIONAIS\DEFENSIVOS\MILHO\Inseticida Campo 506.pdf | inicio de extracao
2026-09-23 12:34:14 | INFO     | 01_DADOS_OPERACIONAIS\DEFENSIVOS\MILHO\Inseticida Campo 506.pdf | origem=texto itens=120
2026-09-23 12:34:14 | WARNING  | 01_DADOS_OPERACIONAIS\DEFENSIVOS\MILHO\Inseticida Campo 506.pdf | chave de acesso (44 digitos) NAO encontrada
2026-09-23 12:34:14 | ERROR    | pipeline | 01_DADOS_OPERACIONAIS\DEFENSIVOS\MILHO\Inseticida Campo 506.pdf | NAO processado -> nao foi encontrada a chave de acesso (44 digitos)
2026-09-23 12:34:14 | INFO     | pipeline | [110/226] processando 01_DADOS_OPERACIONAIS\DEFENSIVOS\MILHO\Inseticida Campo 507.pdf
2026-09-23 12:34:14 | INFO     | 01_DADOS_OPERACIONAIS\DEFENSIVOS\MILHO\Inseticida Campo 507.pdf | inicio de extracao
2026-09-23 12:34:14 | INFO     | 01_DADOS_OPERACIONAIS\DEFENSIVOS\MILHO\Inseticida Campo 507.pdf | origem=texto itens=112
2026-09-23 12:34:14 | WARNING  | 01_DADOS_OPERACIONAIS\DEFENSIVOS\MILHO\Inseticida Campo 507.pdf | chave de acesso (44 digitos) NAO encontrada
2026-09-23 12:34:14 | ERROR    | pipeline | 01_DADOS_OPERACIONAIS\DEFENSIVOS\MILHO\Inseticida Campo 507.pdf | NAO processado -> nao foi encontrada a chave de acesso (44 digitos)
2026-09-23 12:34:14 | INFO     | pipeline | [111/226] processando 01_DADOS_OPERACIONAIS\DEFENSIVOS\MILHO\Inseticida Campo 508.pdf
2026-09-23 12:34:14 | INFO     | 01_DADOS_OPERACIONAIS\DEFENSIVOS\MILHO\Inseticida Campo 508.pdf | inicio de extracao
2026-09-23 12:34:14 | INFO     | 01_DADOS_OPERACIONAIS\DEFENSIVOS\MILHO\Inseticida Campo 508.pdf | origem=texto itens=129
2026-09-23 12:34:14 | WARNING  | 01_DADOS_OPERACIONAIS\DEFENSIVOS\MILHO\Inseticida Campo 508.pdf | chave de acesso (44 digitos) NAO encontrada
2026-09-23 12:34:14 | ERROR    | pipeline | 01_DADOS_OPERACIONAIS\DEFENSIVOS\MILHO\Inseticida Campo 508.pdf | NAO processado -> nao foi encontrada a chave de acesso (44 digitos)
2026-09-23 12:34:14 | INFO     | pipeline | [112/226] processando 01_DADOS_OPERACIONAIS\FERTILIZANTES\ALGODAO\Fertilizantes Campo 204.pdf
2026-09-23 12:34:14 | INFO     | 01_DADOS_OPERACIONAIS\FERTILIZANTES\ALGODAO\Fertilizantes Campo 204.pdf | inicio de extracao
2026-09-23 12:34:14 | INFO     | 01_DADOS_OPERACIONAIS\FERTILIZANTES\ALGODAO\Fertilizantes Campo 204.pdf | origem=texto itens=134
2026-09-23 12:34:14 | WARNING  | 01_DADOS_OPERACIONAIS\FERTILIZANTES\ALGODAO\Fertilizantes Campo 204.pdf | chave de acesso (44 digitos) NAO encontrada
2026-09-23 12:34:14 | ERROR    | pipeline | 01_DADOS_OPERACIONAIS\FERTILIZANTES\ALGODAO\Fertilizantes Campo 204.pdf | NAO processado -> nao foi encontrada a chave de acesso (44 digitos)
2026-09-23 12:34:14 | INFO     | pipeline | [113/226] processando 01_DADOS_OPERACIONAIS\FERTILIZANTES\ALGODAO\Fertilizantes Campo 209.pdf
2026-09-23 12:34:14 | INFO     | 01_DADOS_OPERACIONAIS\FERTILIZANTES\ALGODAO\Fertilizantes Campo 209.pdf | inicio de extracao
2026-09-23 12:34:14 | INFO     | 01_DADOS_OPERACIONAIS\FERTILIZANTES\ALGODAO\Fertilizantes Campo 209.pdf | origem=texto itens=134
2026-09-23 12:34:14 | WARNING  | 01_DADOS_OPERACIONAIS\FERTILIZANTES\ALGODAO\Fertilizantes Campo 209.pdf | chave de acesso (44 digitos) NAO encontrada
2026-09-23 12:34:14 | ERROR    | pipeline | 01_DADOS_OPERACIONAIS\FERTILIZANTES\ALGODAO\Fertilizantes Campo 209.pdf | NAO processado -> nao foi encontrada a chave de acesso (44 digitos)
2026-09-23 12:34:14 | INFO     | pipeline | [114/226] processando 01_DADOS_OPERACIONAIS\FERTILIZANTES\ALGODAO\Fertilizantes Campo 210.pdf
2026-09-23 12:34:14 | INFO     | 01_DADOS_OPERACIONAIS\FERTILIZANTES\ALGODAO\Fertilizantes Campo 210.pdf | inicio de extracao
2026-09-23 12:34:14 | INFO     | 01_DADOS_OPERACIONAIS\FERTILIZANTES\ALGODAO\Fertilizantes Campo 210.pdf | origem=texto itens=134
2026-09-23 12:34:14 | WARNING  | 01_DADOS_OPERACIONAIS\FERTILIZANTES\ALGODAO\Fertilizantes Campo 210.pdf | chave de acesso (44 digitos) NAO encontrada
2026-09-23 12:34:14 | ERROR    | pipeline | 01_DADOS_OPERACIONAIS\FERTILIZANTES\ALGODAO\Fertilizantes Campo 210.pdf | NAO processado -> nao foi encontrada a chave de acesso (44 digitos)
2026-09-23 12:34:14 | INFO     | pipeline | [115/226] processando 01_DADOS_OPERACIONAIS\FERTILIZANTES\ALGODAO\Fertilizantes Campo 211.pdf
2026-09-23 12:34:14 | INFO     | 01_DADOS_OPERACIONAIS\FERTILIZANTES\ALGODAO\Fertilizantes Campo 211.pdf | inicio de extracao
2026-09-23 12:34:14 | INFO     | 01_DADOS_OPERACIONAIS\FERTILIZANTES\ALGODAO\Fertilizantes Campo 211.pdf | origem=texto itens=143
2026-09-23 12:34:14 | WARNING  | 01_DADOS_OPERACIONAIS\FERTILIZANTES\ALGODAO\Fertilizantes Campo 211.pdf | chave de acesso (44 digitos) NAO encontrada
2026-09-23 12:34:14 | ERROR    | pipeline | 01_DADOS_OPERACIONAIS\FERTILIZANTES\ALGODAO\Fertilizantes Campo 211.pdf | NAO processado -> nao foi encontrada a chave de acesso (44 digitos)
2026-09-23 12:34:14 | INFO     | pipeline | [116/226] processando 01_DADOS_OPERACIONAIS\FERTILIZANTES\ALGODAO\Fertilizantes Campo 301.pdf
2026-09-23 12:34:14 | INFO     | 01_DADOS_OPERACIONAIS\FERTILIZANTES\ALGODAO\Fertilizantes Campo 301.pdf | inicio de extracao
2026-09-23 12:34:14 | INFO     | 01_DADOS_OPERACIONAIS\FERTILIZANTES\ALGODAO\Fertilizantes Campo 301.pdf | origem=texto itens=135
2026-09-23 12:34:14 | WARNING  | 01_DADOS_OPERACIONAIS\FERTILIZANTES\ALGODAO\Fertilizantes Campo 301.pdf | chave de acesso (44 digitos) NAO encontrada
2026-09-23 12:34:14 | ERROR    | pipeline | 01_DADOS_OPERACIONAIS\FERTILIZANTES\ALGODAO\Fertilizantes Campo 301.pdf | NAO processado -> nao foi encontrada a chave de acesso (44 digitos)
2026-09-23 12:34:14 | INFO     | pipeline | [117/226] processando 01_DADOS_OPERACIONAIS\FERTILIZANTES\ALGODAO\Fertilizantes Campo 302.pdf
2026-09-23 12:34:14 | INFO     | 01_DADOS_OPERACIONAIS\FERTILIZANTES\ALGODAO\Fertilizantes Campo 302.pdf | inicio de extracao
2026-09-23 12:34:14 | INFO     | 01_DADOS_OPERACIONAIS\FERTILIZANTES\ALGODAO\Fertilizantes Campo 302.pdf | origem=texto itens=135
2026-09-23 12:34:14 | WARNING  | 01_DADOS_OPERACIONAIS\FERTILIZANTES\ALGODAO\Fertilizantes Campo 302.pdf | chave de acesso (44 digitos) NAO encontrada
2026-09-23 12:34:14 | ERROR    | pipeline | 01_DADOS_OPERACIONAIS\FERTILIZANTES\ALGODAO\Fertilizantes Campo 302.pdf | NAO processado -> nao foi encontrada a chave de acesso (44 digitos)
2026-09-23 12:34:14 | INFO     | pipeline | [118/226] processando 01_DADOS_OPERACIONAIS\FERTILIZANTES\ALGODAO\Fertilizantes Campo 305.pdf
2026-09-23 12:34:14 | INFO     | 01_DADOS_OPERACIONAIS\FERTILIZANTES\ALGODAO\Fertilizantes Campo 305.pdf | inicio de extracao
2026-09-23 12:34:14 | INFO     | 01_DADOS_OPERACIONAIS\FERTILIZANTES\ALGODAO\Fertilizantes Campo 305.pdf | origem=texto itens=145
2026-09-23 12:34:14 | WARNING  | 01_DADOS_OPERACIONAIS\FERTILIZANTES\ALGODAO\Fertilizantes Campo 305.pdf | chave de acesso (44 digitos) NAO encontrada
2026-09-23 12:34:14 | ERROR    | pipeline | 01_DADOS_OPERACIONAIS\FERTILIZANTES\ALGODAO\Fertilizantes Campo 305.pdf | NAO processado -> nao foi encontrada a chave de acesso (44 digitos)
2026-09-23 12:34:14 | INFO     | pipeline | [119/226] processando 01_DADOS_OPERACIONAIS\FERTILIZANTES\ALGODAO\Fertilizantes Campo Pivo 01.pdf
2026-09-23 12:34:14 | INFO     | 01_DADOS_OPERACIONAIS\FERTILIZANTES\ALGODAO\Fertilizantes Campo Pivo 01.pdf | inicio de extracao
2026-09-23 12:34:14 | INFO     | 01_DADOS_OPERACIONAIS\FERTILIZANTES\ALGODAO\Fertilizantes Campo Pivo 01.pdf | origem=texto itens=165
2026-09-23 12:34:14 | WARNING  | 01_DADOS_OPERACIONAIS\FERTILIZANTES\ALGODAO\Fertilizantes Campo Pivo 01.pdf | chave de acesso (44 digitos) NAO encontrada
2026-09-23 12:34:14 | ERROR    | pipeline | 01_DADOS_OPERACIONAIS\FERTILIZANTES\ALGODAO\Fertilizantes Campo Pivo 01.pdf | NAO processado -> nao foi encontrada a chave de acesso (44 digitos)
2026-09-23 12:34:14 | INFO     | pipeline | [120/226] processando 01_DADOS_OPERACIONAIS\FERTILIZANTES\ALGODAO\Fertilizantes Campo Pivo 02.pdf
2026-09-23 12:34:14 | INFO     | 01_DADOS_OPERACIONAIS\FERTILIZANTES\ALGODAO\Fertilizantes Campo Pivo 02.pdf | inicio de extracao
2026-09-23 12:34:14 | INFO     | 01_DADOS_OPERACIONAIS\FERTILIZANTES\ALGODAO\Fertilizantes Campo Pivo 02.pdf | origem=texto itens=164
2026-09-23 12:34:14 | WARNING  | 01_DADOS_OPERACIONAIS\FERTILIZANTES\ALGODAO\Fertilizantes Campo Pivo 02.pdf | chave de acesso (44 digitos) NAO encontrada
2026-09-23 12:34:14 | ERROR    | pipeline | 01_DADOS_OPERACIONAIS\FERTILIZANTES\ALGODAO\Fertilizantes Campo Pivo 02.pdf | NAO processado -> nao foi encontrada a chave de acesso (44 digitos)
2026-09-23 12:34:14 | INFO     | pipeline | [121/226] processando 01_DADOS_OPERACIONAIS\FERTILIZANTES\MILHO\Fertilizantes Campo 102.pdf
2026-09-23 12:34:14 | INFO     | 01_DADOS_OPERACIONAIS\FERTILIZANTES\MILHO\Fertilizantes Campo 102.pdf | inicio de extracao
2026-09-23 12:34:14 | INFO     | 01_DADOS_OPERACIONAIS\FERTILIZANTES\MILHO\Fertilizantes Campo 102.pdf | origem=texto itens=104
2026-09-23 12:34:14 | WARNING  | 01_DADOS_OPERACIONAIS\FERTILIZANTES\MILHO\Fertilizantes Campo 102.pdf | chave de acesso (44 digitos) NAO encontrada
2026-09-23 12:34:14 | ERROR    | pipeline | 01_DADOS_OPERACIONAIS\FERTILIZANTES\MILHO\Fertilizantes Campo 102.pdf | NAO processado -> nao foi encontrada a chave de acesso (44 digitos)
2026-09-23 12:34:14 | INFO     | pipeline | [122/226] processando 01_DADOS_OPERACIONAIS\FERTILIZANTES\MILHO\Fertilizantes Campo 103.pdf
2026-09-23 12:34:14 | INFO     | 01_DADOS_OPERACIONAIS\FERTILIZANTES\MILHO\Fertilizantes Campo 103.pdf | inicio de extracao
2026-09-23 12:34:14 | INFO     | 01_DADOS_OPERACIONAIS\FERTILIZANTES\MILHO\Fertilizantes Campo 103.pdf | origem=texto itens=119
2026-09-23 12:34:14 | WARNING  | 01_DADOS_OPERACIONAIS\FERTILIZANTES\MILHO\Fertilizantes Campo 103.pdf | chave de acesso (44 digitos) NAO encontrada
2026-09-23 12:34:14 | ERROR    | pipeline | 01_DADOS_OPERACIONAIS\FERTILIZANTES\MILHO\Fertilizantes Campo 103.pdf | NAO processado -> nao foi encontrada a chave de acesso (44 digitos)
2026-09-23 12:34:14 | INFO     | pipeline | [123/226] processando 01_DADOS_OPERACIONAIS\FERTILIZANTES\MILHO\Fertilizantes Campo 104.pdf
2026-09-23 12:34:14 | INFO     | 01_DADOS_OPERACIONAIS\FERTILIZANTES\MILHO\Fertilizantes Campo 104.pdf | inicio de extracao
2026-09-23 12:34:14 | INFO     | 01_DADOS_OPERACIONAIS\FERTILIZANTES\MILHO\Fertilizantes Campo 104.pdf | origem=texto itens=109
2026-09-23 12:34:14 | WARNING  | 01_DADOS_OPERACIONAIS\FERTILIZANTES\MILHO\Fertilizantes Campo 104.pdf | chave de acesso (44 digitos) NAO encontrada
2026-09-23 12:34:14 | ERROR    | pipeline | 01_DADOS_OPERACIONAIS\FERTILIZANTES\MILHO\Fertilizantes Campo 104.pdf | NAO processado -> nao foi encontrada a chave de acesso (44 digitos)
2026-09-23 12:34:14 | INFO     | pipeline | [124/226] processando 01_DADOS_OPERACIONAIS\FERTILIZANTES\MILHO\Fertilizantes Campo 105.pdf
2026-09-23 12:34:14 | INFO     | 01_DADOS_OPERACIONAIS\FERTILIZANTES\MILHO\Fertilizantes Campo 105.pdf | inicio de extracao
2026-09-23 12:34:14 | INFO     | 01_DADOS_OPERACIONAIS\FERTILIZANTES\MILHO\Fertilizantes Campo 105.pdf | origem=texto itens=109
2026-09-23 12:34:14 | WARNING  | 01_DADOS_OPERACIONAIS\FERTILIZANTES\MILHO\Fertilizantes Campo 105.pdf | chave de acesso (44 digitos) NAO encontrada
2026-09-23 12:34:14 | ERROR    | pipeline | 01_DADOS_OPERACIONAIS\FERTILIZANTES\MILHO\Fertilizantes Campo 105.pdf | NAO processado -> nao foi encontrada a chave de acesso (44 digitos)
2026-09-23 12:34:14 | INFO     | pipeline | [125/226] processando 01_DADOS_OPERACIONAIS\FERTILIZANTES\MILHO\Fertilizantes Campo 106.pdf
2026-09-23 12:34:14 | INFO     | 01_DADOS_OPERACIONAIS\FERTILIZANTES\MILHO\Fertilizantes Campo 106.pdf | inicio de extracao
2026-09-23 12:34:14 | INFO     | 01_DADOS_OPERACIONAIS\FERTILIZANTES\MILHO\Fertilizantes Campo 106.pdf | origem=texto itens=109
2026-09-23 12:34:14 | WARNING  | 01_DADOS_OPERACIONAIS\FERTILIZANTES\MILHO\Fertilizantes Campo 106.pdf | chave de acesso (44 digitos) NAO encontrada
2026-09-23 12:34:14 | ERROR    | pipeline | 01_DADOS_OPERACIONAIS\FERTILIZANTES\MILHO\Fertilizantes Campo 106.pdf | NAO processado -> nao foi encontrada a chave de acesso (44 digitos)
2026-09-23 12:34:14 | INFO     | pipeline | [126/226] processando 01_DADOS_OPERACIONAIS\FERTILIZANTES\MILHO\Fertilizantes Campo 107.pdf
2026-09-23 12:34:14 | INFO     | 01_DADOS_OPERACIONAIS\FERTILIZANTES\MILHO\Fertilizantes Campo 107.pdf | inicio de extracao
2026-09-23 12:34:14 | INFO     | 01_DADOS_OPERACIONAIS\FERTILIZANTES\MILHO\Fertilizantes Campo 107.pdf | origem=texto itens=109
2026-09-23 12:34:14 | WARNING  | 01_DADOS_OPERACIONAIS\FERTILIZANTES\MILHO\Fertilizantes Campo 107.pdf | chave de acesso (44 digitos) NAO encontrada
2026-09-23 12:34:14 | ERROR    | pipeline | 01_DADOS_OPERACIONAIS\FERTILIZANTES\MILHO\Fertilizantes Campo 107.pdf | NAO processado -> nao foi encontrada a chave de acesso (44 digitos)
2026-09-23 12:34:14 | INFO     | pipeline | [127/226] processando 01_DADOS_OPERACIONAIS\FERTILIZANTES\MILHO\Fertilizantes Campo 108.pdf
2026-09-23 12:34:14 | INFO     | 01_DADOS_OPERACIONAIS\FERTILIZANTES\MILHO\Fertilizantes Campo 108.pdf | inicio de extracao
2026-09-23 12:34:14 | INFO     | 01_DADOS_OPERACIONAIS\FERTILIZANTES\MILHO\Fertilizantes Campo 108.pdf | origem=texto itens=99
2026-09-23 12:34:14 | WARNING  | 01_DADOS_OPERACIONAIS\FERTILIZANTES\MILHO\Fertilizantes Campo 108.pdf | chave de acesso (44 digitos) NAO encontrada
2026-09-23 12:34:14 | ERROR    | pipeline | 01_DADOS_OPERACIONAIS\FERTILIZANTES\MILHO\Fertilizantes Campo 108.pdf | NAO processado -> nao foi encontrada a chave de acesso (44 digitos)
2026-09-23 12:34:14 | INFO     | pipeline | [128/226] processando 01_DADOS_OPERACIONAIS\FERTILIZANTES\MILHO\Fertilizantes Campo 109.pdf
2026-09-23 12:34:14 | INFO     | 01_DADOS_OPERACIONAIS\FERTILIZANTES\MILHO\Fertilizantes Campo 109.pdf | inicio de extracao
2026-09-23 12:34:14 | INFO     | 01_DADOS_OPERACIONAIS\FERTILIZANTES\MILHO\Fertilizantes Campo 109.pdf | origem=texto itens=99
2026-09-23 12:34:14 | WARNING  | 01_DADOS_OPERACIONAIS\FERTILIZANTES\MILHO\Fertilizantes Campo 109.pdf | chave de acesso (44 digitos) NAO encontrada
2026-09-23 12:34:14 | ERROR    | pipeline | 01_DADOS_OPERACIONAIS\FERTILIZANTES\MILHO\Fertilizantes Campo 109.pdf | NAO processado -> nao foi encontrada a chave de acesso (44 digitos)
2026-09-23 12:34:14 | INFO     | pipeline | [129/226] processando 01_DADOS_OPERACIONAIS\FERTILIZANTES\MILHO\Fertilizantes Campo 110.pdf
2026-09-23 12:34:14 | INFO     | 01_DADOS_OPERACIONAIS\FERTILIZANTES\MILHO\Fertilizantes Campo 110.pdf | inicio de extracao
2026-09-23 12:34:14 | INFO     | 01_DADOS_OPERACIONAIS\FERTILIZANTES\MILHO\Fertilizantes Campo 110.pdf | origem=texto itens=109
2026-09-23 12:34:14 | WARNING  | 01_DADOS_OPERACIONAIS\FERTILIZANTES\MILHO\Fertilizantes Campo 110.pdf | chave de acesso (44 digitos) NAO encontrada
2026-09-23 12:34:14 | ERROR    | pipeline | 01_DADOS_OPERACIONAIS\FERTILIZANTES\MILHO\Fertilizantes Campo 110.pdf | NAO processado -> nao foi encontrada a chave de acesso (44 digitos)
2026-09-23 12:34:14 | INFO     | pipeline | [130/226] processando 01_DADOS_OPERACIONAIS\FERTILIZANTES\MILHO\Fertilizantes Campo 201.pdf
2026-09-23 12:34:14 | INFO     | 01_DADOS_OPERACIONAIS\FERTILIZANTES\MILHO\Fertilizantes Campo 201.pdf | inicio de extracao
2026-09-23 12:34:14 | INFO     | 01_DADOS_OPERACIONAIS\FERTILIZANTES\MILHO\Fertilizantes Campo 201.pdf | origem=texto itens=112
2026-09-23 12:34:14 | WARNING  | 01_DADOS_OPERACIONAIS\FERTILIZANTES\MILHO\Fertilizantes Campo 201.pdf | chave de acesso (44 digitos) NAO encontrada
2026-09-23 12:34:14 | ERROR    | pipeline | 01_DADOS_OPERACIONAIS\FERTILIZANTES\MILHO\Fertilizantes Campo 201.pdf | NAO processado -> nao foi encontrada a chave de acesso (44 digitos)
2026-09-23 12:34:14 | INFO     | pipeline | [131/226] processando 01_DADOS_OPERACIONAIS\FERTILIZANTES\MILHO\Fertilizantes Campo 202.pdf
2026-09-23 12:34:14 | INFO     | 01_DADOS_OPERACIONAIS\FERTILIZANTES\MILHO\Fertilizantes Campo 202.pdf | inicio de extracao
2026-09-23 12:34:14 | INFO     | 01_DADOS_OPERACIONAIS\FERTILIZANTES\MILHO\Fertilizantes Campo 202.pdf | origem=texto itens=117
2026-09-23 12:34:14 | WARNING  | 01_DADOS_OPERACIONAIS\FERTILIZANTES\MILHO\Fertilizantes Campo 202.pdf | chave de acesso (44 digitos) NAO encontrada
2026-09-23 12:34:14 | ERROR    | pipeline | 01_DADOS_OPERACIONAIS\FERTILIZANTES\MILHO\Fertilizantes Campo 202.pdf | NAO processado -> nao foi encontrada a chave de acesso (44 digitos)
2026-09-23 12:34:14 | INFO     | pipeline | [132/226] processando 01_DADOS_OPERACIONAIS\FERTILIZANTES\MILHO\Fertilizantes Campo 205.pdf
2026-09-23 12:34:14 | INFO     | 01_DADOS_OPERACIONAIS\FERTILIZANTES\MILHO\Fertilizantes Campo 205.pdf | inicio de extracao
2026-09-23 12:34:14 | INFO     | 01_DADOS_OPERACIONAIS\FERTILIZANTES\MILHO\Fertilizantes Campo 205.pdf | origem=texto itens=117
2026-09-23 12:34:14 | WARNING  | 01_DADOS_OPERACIONAIS\FERTILIZANTES\MILHO\Fertilizantes Campo 205.pdf | chave de acesso (44 digitos) NAO encontrada
2026-09-23 12:34:14 | ERROR    | pipeline | 01_DADOS_OPERACIONAIS\FERTILIZANTES\MILHO\Fertilizantes Campo 205.pdf | NAO processado -> nao foi encontrada a chave de acesso (44 digitos)
2026-09-23 12:34:14 | INFO     | pipeline | [133/226] processando 01_DADOS_OPERACIONAIS\FERTILIZANTES\MILHO\Fertilizantes Campo 206.pdf
2026-09-23 12:34:14 | INFO     | 01_DADOS_OPERACIONAIS\FERTILIZANTES\MILHO\Fertilizantes Campo 206.pdf | inicio de extracao
2026-09-23 12:34:14 | INFO     | 01_DADOS_OPERACIONAIS\FERTILIZANTES\MILHO\Fertilizantes Campo 206.pdf | origem=texto itens=117
2026-09-23 12:34:14 | WARNING  | 01_DADOS_OPERACIONAIS\FERTILIZANTES\MILHO\Fertilizantes Campo 206.pdf | chave de acesso (44 digitos) NAO encontrada
2026-09-23 12:34:14 | ERROR    | pipeline | 01_DADOS_OPERACIONAIS\FERTILIZANTES\MILHO\Fertilizantes Campo 206.pdf | NAO processado -> nao foi encontrada a chave de acesso (44 digitos)
2026-09-23 12:34:14 | INFO     | pipeline | [134/226] processando 01_DADOS_OPERACIONAIS\FERTILIZANTES\MILHO\Fertilizantes Campo 207.pdf
2026-09-23 12:34:14 | INFO     | 01_DADOS_OPERACIONAIS\FERTILIZANTES\MILHO\Fertilizantes Campo 207.pdf | inicio de extracao
2026-09-23 12:34:14 | INFO     | 01_DADOS_OPERACIONAIS\FERTILIZANTES\MILHO\Fertilizantes Campo 207.pdf | origem=texto itens=117
2026-09-23 12:34:14 | WARNING  | 01_DADOS_OPERACIONAIS\FERTILIZANTES\MILHO\Fertilizantes Campo 207.pdf | chave de acesso (44 digitos) NAO encontrada
2026-09-23 12:34:14 | ERROR    | pipeline | 01_DADOS_OPERACIONAIS\FERTILIZANTES\MILHO\Fertilizantes Campo 207.pdf | NAO processado -> nao foi encontrada a chave de acesso (44 digitos)
2026-09-23 12:34:14 | INFO     | pipeline | [135/226] processando 01_DADOS_OPERACIONAIS\FERTILIZANTES\MILHO\Fertilizantes Campo 208.pdf
2026-09-23 12:34:14 | INFO     | 01_DADOS_OPERACIONAIS\FERTILIZANTES\MILHO\Fertilizantes Campo 208.pdf | inicio de extracao
2026-09-23 12:34:14 | INFO     | 01_DADOS_OPERACIONAIS\FERTILIZANTES\MILHO\Fertilizantes Campo 208.pdf | origem=texto itens=117
2026-09-23 12:34:14 | WARNING  | 01_DADOS_OPERACIONAIS\FERTILIZANTES\MILHO\Fertilizantes Campo 208.pdf | chave de acesso (44 digitos) NAO encontrada
2026-09-23 12:34:14 | ERROR    | pipeline | 01_DADOS_OPERACIONAIS\FERTILIZANTES\MILHO\Fertilizantes Campo 208.pdf | NAO processado -> nao foi encontrada a chave de acesso (44 digitos)
2026-09-23 12:34:14 | INFO     | pipeline | [136/226] processando 01_DADOS_OPERACIONAIS\FERTILIZANTES\MILHO\Fertilizantes Campo 212.pdf
2026-09-23 12:34:14 | INFO     | 01_DADOS_OPERACIONAIS\FERTILIZANTES\MILHO\Fertilizantes Campo 212.pdf | inicio de extracao
2026-09-23 12:34:14 | INFO     | 01_DADOS_OPERACIONAIS\FERTILIZANTES\MILHO\Fertilizantes Campo 212.pdf | origem=texto itens=126
2026-09-23 12:34:14 | WARNING  | 01_DADOS_OPERACIONAIS\FERTILIZANTES\MILHO\Fertilizantes Campo 212.pdf | chave de acesso (44 digitos) NAO encontrada
2026-09-23 12:34:14 | ERROR    | pipeline | 01_DADOS_OPERACIONAIS\FERTILIZANTES\MILHO\Fertilizantes Campo 212.pdf | NAO processado -> nao foi encontrada a chave de acesso (44 digitos)
2026-09-23 12:34:14 | INFO     | pipeline | [137/226] processando 01_DADOS_OPERACIONAIS\FERTILIZANTES\MILHO\Fertilizantes Campo 301.pdf
2026-09-23 12:34:14 | INFO     | 01_DADOS_OPERACIONAIS\FERTILIZANTES\MILHO\Fertilizantes Campo 301.pdf | inicio de extracao
2026-09-23 12:34:14 | INFO     | 01_DADOS_OPERACIONAIS\FERTILIZANTES\MILHO\Fertilizantes Campo 301.pdf | origem=texto itens=126
2026-09-23 12:34:14 | WARNING  | 01_DADOS_OPERACIONAIS\FERTILIZANTES\MILHO\Fertilizantes Campo 301.pdf | chave de acesso (44 digitos) NAO encontrada
2026-09-23 12:34:14 | ERROR    | pipeline | 01_DADOS_OPERACIONAIS\FERTILIZANTES\MILHO\Fertilizantes Campo 301.pdf | NAO processado -> nao foi encontrada a chave de acesso (44 digitos)
2026-09-23 12:34:14 | INFO     | pipeline | [138/226] processando 01_DADOS_OPERACIONAIS\FERTILIZANTES\MILHO\Fertilizantes Campo 303.pdf
2026-09-23 12:34:14 | INFO     | 01_DADOS_OPERACIONAIS\FERTILIZANTES\MILHO\Fertilizantes Campo 303.pdf | inicio de extracao
2026-09-23 12:34:14 | INFO     | 01_DADOS_OPERACIONAIS\FERTILIZANTES\MILHO\Fertilizantes Campo 303.pdf | origem=texto itens=126
2026-09-23 12:34:14 | WARNING  | 01_DADOS_OPERACIONAIS\FERTILIZANTES\MILHO\Fertilizantes Campo 303.pdf | chave de acesso (44 digitos) NAO encontrada
2026-09-23 12:34:14 | ERROR    | pipeline | 01_DADOS_OPERACIONAIS\FERTILIZANTES\MILHO\Fertilizantes Campo 303.pdf | NAO processado -> nao foi encontrada a chave de acesso (44 digitos)
2026-09-23 12:34:14 | INFO     | pipeline | [139/226] processando 01_DADOS_OPERACIONAIS\FERTILIZANTES\MILHO\Fertilizantes Campo 304.pdf
2026-09-23 12:34:14 | INFO     | 01_DADOS_OPERACIONAIS\FERTILIZANTES\MILHO\Fertilizantes Campo 304.pdf | inicio de extracao
2026-09-23 12:34:14 | INFO     | 01_DADOS_OPERACIONAIS\FERTILIZANTES\MILHO\Fertilizantes Campo 304.pdf | origem=texto itens=126
2026-09-23 12:34:14 | WARNING  | 01_DADOS_OPERACIONAIS\FERTILIZANTES\MILHO\Fertilizantes Campo 304.pdf | chave de acesso (44 digitos) NAO encontrada
2026-09-23 12:34:14 | ERROR    | pipeline | 01_DADOS_OPERACIONAIS\FERTILIZANTES\MILHO\Fertilizantes Campo 304.pdf | NAO processado -> nao foi encontrada a chave de acesso (44 digitos)
2026-09-23 12:34:14 | INFO     | pipeline | [140/226] processando 01_DADOS_OPERACIONAIS\FERTILIZANTES\MILHO\Fertilizantes Campo 306.pdf
2026-09-23 12:34:14 | INFO     | 01_DADOS_OPERACIONAIS\FERTILIZANTES\MILHO\Fertilizantes Campo 306.pdf | inicio de extracao
2026-09-23 12:34:14 | INFO     | 01_DADOS_OPERACIONAIS\FERTILIZANTES\MILHO\Fertilizantes Campo 306.pdf | origem=texto itens=118
2026-09-23 12:34:14 | WARNING  | 01_DADOS_OPERACIONAIS\FERTILIZANTES\MILHO\Fertilizantes Campo 306.pdf | chave de acesso (44 digitos) NAO encontrada
2026-09-23 12:34:14 | ERROR    | pipeline | 01_DADOS_OPERACIONAIS\FERTILIZANTES\MILHO\Fertilizantes Campo 306.pdf | NAO processado -> nao foi encontrada a chave de acesso (44 digitos)
2026-09-23 12:34:14 | INFO     | pipeline | [141/226] processando 01_DADOS_OPERACIONAIS\FERTILIZANTES\MILHO\Fertilizantes Campo 501.pdf
2026-09-23 12:34:14 | INFO     | 01_DADOS_OPERACIONAIS\FERTILIZANTES\MILHO\Fertilizantes Campo 501.pdf | inicio de extracao
2026-09-23 12:34:14 | INFO     | 01_DADOS_OPERACIONAIS\FERTILIZANTES\MILHO\Fertilizantes Campo 501.pdf | origem=texto itens=98
2026-09-23 12:34:14 | WARNING  | 01_DADOS_OPERACIONAIS\FERTILIZANTES\MILHO\Fertilizantes Campo 501.pdf | chave de acesso (44 digitos) NAO encontrada
2026-09-23 12:34:14 | ERROR    | pipeline | 01_DADOS_OPERACIONAIS\FERTILIZANTES\MILHO\Fertilizantes Campo 501.pdf | NAO processado -> nao foi encontrada a chave de acesso (44 digitos)
2026-09-23 12:34:14 | INFO     | pipeline | [142/226] processando 01_DADOS_OPERACIONAIS\FERTILIZANTES\MILHO\Fertilizantes Campo 502.pdf
2026-09-23 12:34:14 | INFO     | 01_DADOS_OPERACIONAIS\FERTILIZANTES\MILHO\Fertilizantes Campo 502.pdf | inicio de extracao
2026-09-23 12:34:14 | INFO     | 01_DADOS_OPERACIONAIS\FERTILIZANTES\MILHO\Fertilizantes Campo 502.pdf | origem=texto itens=98
2026-09-23 12:34:14 | WARNING  | 01_DADOS_OPERACIONAIS\FERTILIZANTES\MILHO\Fertilizantes Campo 502.pdf | chave de acesso (44 digitos) NAO encontrada
2026-09-23 12:34:14 | ERROR    | pipeline | 01_DADOS_OPERACIONAIS\FERTILIZANTES\MILHO\Fertilizantes Campo 502.pdf | NAO processado -> nao foi encontrada a chave de acesso (44 digitos)
2026-09-23 12:34:14 | INFO     | pipeline | [143/226] processando 01_DADOS_OPERACIONAIS\FERTILIZANTES\MILHO\Fertilizantes Campo 503.pdf
2026-09-23 12:34:14 | INFO     | 01_DADOS_OPERACIONAIS\FERTILIZANTES\MILHO\Fertilizantes Campo 503.pdf | inicio de extracao
2026-09-23 12:34:14 | INFO     | 01_DADOS_OPERACIONAIS\FERTILIZANTES\MILHO\Fertilizantes Campo 503.pdf | origem=texto itens=98
2026-09-23 12:34:14 | WARNING  | 01_DADOS_OPERACIONAIS\FERTILIZANTES\MILHO\Fertilizantes Campo 503.pdf | chave de acesso (44 digitos) NAO encontrada
2026-09-23 12:34:14 | ERROR    | pipeline | 01_DADOS_OPERACIONAIS\FERTILIZANTES\MILHO\Fertilizantes Campo 503.pdf | NAO processado -> nao foi encontrada a chave de acesso (44 digitos)
2026-09-23 12:34:14 | INFO     | pipeline | [144/226] processando 01_DADOS_OPERACIONAIS\FERTILIZANTES\MILHO\Fertilizantes Campo 504.pdf
2026-09-23 12:34:14 | INFO     | 01_DADOS_OPERACIONAIS\FERTILIZANTES\MILHO\Fertilizantes Campo 504.pdf | inicio de extracao
2026-09-23 12:34:14 | INFO     | 01_DADOS_OPERACIONAIS\FERTILIZANTES\MILHO\Fertilizantes Campo 504.pdf | origem=texto itens=98
2026-09-23 12:34:14 | WARNING  | 01_DADOS_OPERACIONAIS\FERTILIZANTES\MILHO\Fertilizantes Campo 504.pdf | chave de acesso (44 digitos) NAO encontrada
2026-09-23 12:34:14 | ERROR    | pipeline | 01_DADOS_OPERACIONAIS\FERTILIZANTES\MILHO\Fertilizantes Campo 504.pdf | NAO processado -> nao foi encontrada a chave de acesso (44 digitos)
2026-09-23 12:34:14 | INFO     | pipeline | [145/226] processando 01_DADOS_OPERACIONAIS\FERTILIZANTES\MILHO\Fertilizantes Campo 506.pdf
2026-09-23 12:34:14 | INFO     | 01_DADOS_OPERACIONAIS\FERTILIZANTES\MILHO\Fertilizantes Campo 506.pdf | inicio de extracao
2026-09-23 12:34:14 | INFO     | 01_DADOS_OPERACIONAIS\FERTILIZANTES\MILHO\Fertilizantes Campo 506.pdf | origem=texto itens=98
2026-09-23 12:34:14 | WARNING  | 01_DADOS_OPERACIONAIS\FERTILIZANTES\MILHO\Fertilizantes Campo 506.pdf | chave de acesso (44 digitos) NAO encontrada
2026-09-23 12:34:14 | ERROR    | pipeline | 01_DADOS_OPERACIONAIS\FERTILIZANTES\MILHO\Fertilizantes Campo 506.pdf | NAO processado -> nao foi encontrada a chave de acesso (44 digitos)
2026-09-23 12:34:14 | INFO     | pipeline | [146/226] processando 01_DADOS_OPERACIONAIS\FERTILIZANTES\MILHO\Fertilizantes Campo 507.pdf
2026-09-23 12:34:14 | INFO     | 01_DADOS_OPERACIONAIS\FERTILIZANTES\MILHO\Fertilizantes Campo 507.pdf | inicio de extracao
2026-09-23 12:34:14 | INFO     | 01_DADOS_OPERACIONAIS\FERTILIZANTES\MILHO\Fertilizantes Campo 507.pdf | origem=texto itens=108
2026-09-23 12:34:14 | WARNING  | 01_DADOS_OPERACIONAIS\FERTILIZANTES\MILHO\Fertilizantes Campo 507.pdf | chave de acesso (44 digitos) NAO encontrada
2026-09-23 12:34:14 | ERROR    | pipeline | 01_DADOS_OPERACIONAIS\FERTILIZANTES\MILHO\Fertilizantes Campo 507.pdf | NAO processado -> nao foi encontrada a chave de acesso (44 digitos)
2026-09-23 12:34:14 | INFO     | pipeline | [147/226] processando 01_DADOS_OPERACIONAIS\FERTILIZANTES\MILHO\Fertilizantes Campo 508.pdf
2026-09-23 12:34:14 | INFO     | 01_DADOS_OPERACIONAIS\FERTILIZANTES\MILHO\Fertilizantes Campo 508.pdf | inicio de extracao
2026-09-23 12:34:14 | INFO     | 01_DADOS_OPERACIONAIS\FERTILIZANTES\MILHO\Fertilizantes Campo 508.pdf | origem=texto itens=98
2026-09-23 12:34:14 | WARNING  | 01_DADOS_OPERACIONAIS\FERTILIZANTES\MILHO\Fertilizantes Campo 508.pdf | chave de acesso (44 digitos) NAO encontrada
2026-09-23 12:34:14 | ERROR    | pipeline | 01_DADOS_OPERACIONAIS\FERTILIZANTES\MILHO\Fertilizantes Campo 508.pdf | NAO processado -> nao foi encontrada a chave de acesso (44 digitos)
2026-09-23 12:34:14 | INFO     | pipeline | [148/226] processando 01_DADOS_OPERACIONAIS\FERTILIZANTES\MILHO\Fertilizantes Campo Pivo 01.pdf
2026-09-23 12:34:14 | INFO     | 01_DADOS_OPERACIONAIS\FERTILIZANTES\MILHO\Fertilizantes Campo Pivo 01.pdf | inicio de extracao
2026-09-23 12:34:14 | INFO     | 01_DADOS_OPERACIONAIS\FERTILIZANTES\MILHO\Fertilizantes Campo Pivo 01.pdf | origem=texto itens=88
2026-09-23 12:34:14 | WARNING  | 01_DADOS_OPERACIONAIS\FERTILIZANTES\MILHO\Fertilizantes Campo Pivo 01.pdf | chave de acesso (44 digitos) NAO encontrada
2026-09-23 12:34:14 | ERROR    | pipeline | 01_DADOS_OPERACIONAIS\FERTILIZANTES\MILHO\Fertilizantes Campo Pivo 01.pdf | NAO processado -> nao foi encontrada a chave de acesso (44 digitos)
2026-09-23 12:34:14 | INFO     | pipeline | [149/226] processando 01_DADOS_OPERACIONAIS\PRODUTIVIDADE\Faz.AG Algodao Safra 23-23 Produtividade.pdf
2026-09-23 12:34:14 | INFO     | 01_DADOS_OPERACIONAIS\PRODUTIVIDADE\Faz.AG Algodao Safra 23-23 Produtividade.pdf | inicio de extracao
2026-09-23 12:34:14 | INFO     | 01_DADOS_OPERACIONAIS\PRODUTIVIDADE\Faz.AG Algodao Safra 23-23 Produtividade.pdf | origem=texto itens=272
2026-09-23 12:34:14 | INFO     | 01_DADOS_OPERACIONAIS\PRODUTIVIDADE\Faz.AG Algodao Safra 23-23 Produtividade.pdf | chave=31368006800354213621460000000000000000000000 DV_valido=True
2026-09-23 12:34:14 | DEBUG    | campos: rotulo 'DADOS DO PRODUTO' nao encontrado
2026-09-23 12:34:14 | DEBUG    | campos: rotulo 'DADOS ADICIONAIS' nao encontrado
2026-09-23 12:34:14 | WARNING  | produtos: regiao de produtos invalida (e1=False e2=False ini_y=None fin_y=None)
2026-09-23 12:34:14 | WARNING  | 01_DADOS_OPERACIONAIS\PRODUTIVIDADE\Faz.AG Algodao Safra 23-23 Produtividade.pdf | extracao PARCIAL -> campos nucleares ausentes: numero_nota, data_emissao, valor_da_nota, serie, emitente.razao_social, emitente.cnpj_cpf, destinatario.nome, destinatario.cnpj_cpf
2026-09-23 12:34:14 | INFO     | 01_DADOS_OPERACIONAIS\PRODUTIVIDADE\Faz.AG Algodao Safra 23-23 Produtividade.pdf | produtos=0 status=parcial
2026-09-23 12:34:14 | INFO     | pipeline | 01_DADOS_OPERACIONAIS\PRODUTIVIDADE\Faz.AG Algodao Safra 23-23 Produtividade.pdf | chave 31368006800354213621460000000000000000000000 INSERTADA
2026-09-23 12:34:14 | INFO     | pipeline | [150/226] processando 01_DADOS_OPERACIONAIS\PRODUTIVIDADE\Faz.AG Milho Safra 23-23 Produtividade.pdf
2026-09-23 12:34:14 | INFO     | 01_DADOS_OPERACIONAIS\PRODUTIVIDADE\Faz.AG Milho Safra 23-23 Produtividade.pdf | inicio de extracao
2026-09-23 12:34:14 | INFO     | 01_DADOS_OPERACIONAIS\PRODUTIVIDADE\Faz.AG Milho Safra 23-23 Produtividade.pdf | origem=texto itens=428
2026-09-23 12:34:14 | INFO     | 01_DADOS_OPERACIONAIS\PRODUTIVIDADE\Faz.AG Milho Safra 23-23 Produtividade.pdf | chave=00176384567114231719181661136000000000000000 DV_valido=True
2026-09-23 12:34:14 | DEBUG    | campos: rotulo 'DADOS DO PRODUTO' nao encontrado
2026-09-23 12:34:14 | DEBUG    | campos: rotulo 'DADOS ADICIONAIS' nao encontrado
2026-09-23 12:34:14 | WARNING  | produtos: regiao de produtos invalida (e1=False e2=False ini_y=None fin_y=None)
2026-09-23 12:34:14 | WARNING  | 01_DADOS_OPERACIONAIS\PRODUTIVIDADE\Faz.AG Milho Safra 23-23 Produtividade.pdf | extracao PARCIAL -> campos nucleares ausentes: numero_nota, data_emissao, valor_da_nota, serie, emitente.razao_social, emitente.cnpj_cpf, destinatario.nome, destinatario.cnpj_cpf
2026-09-23 12:34:14 | INFO     | 01_DADOS_OPERACIONAIS\PRODUTIVIDADE\Faz.AG Milho Safra 23-23 Produtividade.pdf | produtos=0 status=parcial
2026-09-23 12:34:14 | INFO     | pipeline | 01_DADOS_OPERACIONAIS\PRODUTIVIDADE\Faz.AG Milho Safra 23-23 Produtividade.pdf | chave 00176384567114231719181661136000000000000000 INSERTADA
2026-09-23 12:34:14 | INFO     | pipeline | [151/226] processando 01_DADOS_OPERACIONAIS\PRODUTIVIDADE\Faz.AG Soja Safra 22-23 Produtividade.pdf
2026-09-23 12:34:14 | INFO     | 01_DADOS_OPERACIONAIS\PRODUTIVIDADE\Faz.AG Soja Safra 22-23 Produtividade.pdf | inicio de extracao
2026-09-23 12:34:14 | INFO     | 01_DADOS_OPERACIONAIS\PRODUTIVIDADE\Faz.AG Soja Safra 22-23 Produtividade.pdf | origem=texto itens=565
2026-09-23 12:34:14 | INFO     | 01_DADOS_OPERACIONAIS\PRODUTIVIDADE\Faz.AG Soja Safra 22-23 Produtividade.pdf | chave=39003900858620983880741621848140000000000000 DV_valido=True
2026-09-23 12:34:14 | DEBUG    | campos: rotulo 'DADOS DO PRODUTO' nao encontrado
2026-09-23 12:34:14 | DEBUG    | campos: rotulo 'DADOS ADICIONAIS' nao encontrado
2026-09-23 12:34:14 | WARNING  | produtos: regiao de produtos invalida (e1=False e2=False ini_y=None fin_y=None)
2026-09-23 12:34:14 | WARNING  | 01_DADOS_OPERACIONAIS\PRODUTIVIDADE\Faz.AG Soja Safra 22-23 Produtividade.pdf | extracao PARCIAL -> campos nucleares ausentes: numero_nota, data_emissao, valor_da_nota, serie, emitente.razao_social, emitente.cnpj_cpf, destinatario.nome, destinatario.cnpj_cpf
2026-09-23 12:34:14 | INFO     | 01_DADOS_OPERACIONAIS\PRODUTIVIDADE\Faz.AG Soja Safra 22-23 Produtividade.pdf | produtos=0 status=parcial
2026-09-23 12:34:14 | INFO     | pipeline | 01_DADOS_OPERACIONAIS\PRODUTIVIDADE\Faz.AG Soja Safra 22-23 Produtividade.pdf | chave 39003900858620983880741621848140000000000000 INSERTADA
2026-09-23 12:34:14 | INFO     | pipeline | [152/226] processando 01_DADOS_OPERACIONAIS\PRODUTIVIDADE\Faz.Arizona Algodao Safra 23-23 Produtividade.pdf
2026-09-23 12:34:14 | INFO     | 01_DADOS_OPERACIONAIS\PRODUTIVIDADE\Faz.Arizona Algodao Safra 23-23 Produtividade.pdf | inicio de extracao
2026-09-23 12:34:14 | INFO     | 01_DADOS_OPERACIONAIS\PRODUTIVIDADE\Faz.Arizona Algodao Safra 23-23 Produtividade.pdf | origem=texto itens=260
2026-09-23 12:34:14 | INFO     | 01_DADOS_OPERACIONAIS\PRODUTIVIDADE\Faz.Arizona Algodao Safra 23-23 Produtividade.pdf | chave=02442750075002926433003000000000000000000000 DV_valido=True
2026-09-23 12:34:14 | DEBUG    | campos: rotulo 'DADOS DO PRODUTO' nao encontrado
2026-09-23 12:34:14 | DEBUG    | campos: rotulo 'DADOS ADICIONAIS' nao encontrado
2026-09-23 12:34:14 | WARNING  | produtos: regiao de produtos invalida (e1=False e2=False ini_y=None fin_y=None)
2026-09-23 12:34:14 | WARNING  | 01_DADOS_OPERACIONAIS\PRODUTIVIDADE\Faz.Arizona Algodao Safra 23-23 Produtividade.pdf | extracao PARCIAL -> campos nucleares ausentes: numero_nota, data_emissao, valor_da_nota, serie, emitente.razao_social, emitente.cnpj_cpf, destinatario.nome, destinatario.cnpj_cpf
2026-09-23 12:34:14 | INFO     | 01_DADOS_OPERACIONAIS\PRODUTIVIDADE\Faz.Arizona Algodao Safra 23-23 Produtividade.pdf | produtos=0 status=parcial
2026-09-23 12:34:14 | INFO     | pipeline | 01_DADOS_OPERACIONAIS\PRODUTIVIDADE\Faz.Arizona Algodao Safra 23-23 Produtividade.pdf | chave 02442750075002926433003000000000000000000000 INSERTADA
2026-09-23 12:34:14 | INFO     | pipeline | [153/226] processando 01_DADOS_OPERACIONAIS\PRODUTIVIDADE\Faz.Arizona Milho Safra 23-23 Produtividade.pdf
2026-09-23 12:34:14 | INFO     | 01_DADOS_OPERACIONAIS\PRODUTIVIDADE\Faz.Arizona Milho Safra 23-23 Produtividade.pdf | inicio de extracao
2026-09-23 12:34:14 | INFO     | 01_DADOS_OPERACIONAIS\PRODUTIVIDADE\Faz.Arizona Milho Safra 23-23 Produtividade.pdf | origem=texto itens=301
2026-09-23 12:34:14 | INFO     | 01_DADOS_OPERACIONAIS\PRODUTIVIDADE\Faz.Arizona Milho Safra 23-23 Produtividade.pdf | chave=27338503850141113744604708821181397137000000 DV_valido=True
2026-09-23 12:34:14 | DEBUG    | campos: rotulo 'DADOS DO PRODUTO' nao encontrado
2026-09-23 12:34:14 | DEBUG    | campos: rotulo 'DADOS ADICIONAIS' nao encontrado
2026-09-23 12:34:14 | WARNING  | produtos: regiao de produtos invalida (e1=False e2=False ini_y=None fin_y=None)
2026-09-23 12:34:14 | WARNING  | 01_DADOS_OPERACIONAIS\PRODUTIVIDADE\Faz.Arizona Milho Safra 23-23 Produtividade.pdf | extracao PARCIAL -> campos nucleares ausentes: numero_nota, data_emissao, valor_da_nota, serie, emitente.razao_social, emitente.cnpj_cpf, destinatario.nome, destinatario.cnpj_cpf
2026-09-23 12:34:14 | INFO     | 01_DADOS_OPERACIONAIS\PRODUTIVIDADE\Faz.Arizona Milho Safra 23-23 Produtividade.pdf | produtos=0 status=parcial
2026-09-23 12:34:14 | INFO     | pipeline | 01_DADOS_OPERACIONAIS\PRODUTIVIDADE\Faz.Arizona Milho Safra 23-23 Produtividade.pdf | chave 27338503850141113744604708821181397137000000 INSERTADA
2026-09-23 12:34:14 | INFO     | pipeline | [154/226] processando 01_DADOS_OPERACIONAIS\PRODUTIVIDADE\Faz.Arizona Soja Safra 22-23 Produtividade.pdf
2026-09-23 12:34:14 | INFO     | 01_DADOS_OPERACIONAIS\PRODUTIVIDADE\Faz.Arizona Soja Safra 22-23 Produtividade.pdf | inicio de extracao
2026-09-23 12:34:14 | INFO     | 01_DADOS_OPERACIONAIS\PRODUTIVIDADE\Faz.Arizona Soja Safra 22-23 Produtividade.pdf | origem=texto itens=489
2026-09-23 12:34:14 | INFO     | 01_DADOS_OPERACIONAIS\PRODUTIVIDADE\Faz.Arizona Soja Safra 22-23 Produtividade.pdf | chave=01676885008500793742666619410167124901500000 DV_valido=True
2026-09-23 12:34:14 | DEBUG    | campos: rotulo 'DADOS DO PRODUTO' nao encontrado
2026-09-23 12:34:14 | DEBUG    | campos: rotulo 'DADOS ADICIONAIS' nao encontrado
2026-09-23 12:34:14 | WARNING  | produtos: regiao de produtos invalida (e1=False e2=False ini_y=None fin_y=None)
2026-09-23 12:34:14 | WARNING  | 01_DADOS_OPERACIONAIS\PRODUTIVIDADE\Faz.Arizona Soja Safra 22-23 Produtividade.pdf | extracao PARCIAL -> campos nucleares ausentes: numero_nota, data_emissao, valor_da_nota, serie, emitente.razao_social, emitente.cnpj_cpf, destinatario.nome, destinatario.cnpj_cpf
2026-09-23 12:34:14 | INFO     | 01_DADOS_OPERACIONAIS\PRODUTIVIDADE\Faz.Arizona Soja Safra 22-23 Produtividade.pdf | produtos=0 status=parcial
2026-09-23 12:34:14 | INFO     | pipeline | 01_DADOS_OPERACIONAIS\PRODUTIVIDADE\Faz.Arizona Soja Safra 22-23 Produtividade.pdf | chave 01676885008500793742666619410167124901500000 INSERTADA
2026-09-23 12:34:14 | INFO     | pipeline | [155/226] processando 01_DADOS_OPERACIONAIS\PRODUTIVIDADE\Faz.Tropical Milho Safra 23-23 Produtividade.pdf
2026-09-23 12:34:14 | INFO     | 01_DADOS_OPERACIONAIS\PRODUTIVIDADE\Faz.Tropical Milho Safra 23-23 Produtividade.pdf | inicio de extracao
2026-09-23 12:34:14 | INFO     | 01_DADOS_OPERACIONAIS\PRODUTIVIDADE\Faz.Tropical Milho Safra 23-23 Produtividade.pdf | origem=texto itens=587
2026-09-23 12:34:14 | INFO     | 01_DADOS_OPERACIONAIS\PRODUTIVIDADE\Faz.Tropical Milho Safra 23-23 Produtividade.pdf | chave=02385810700107001617711216907863417984521140 DV_valido=True
2026-09-23 12:34:14 | DEBUG    | campos: rotulo 'DADOS DO PRODUTO' nao encontrado
2026-09-23 12:34:14 | DEBUG    | campos: rotulo 'DADOS ADICIONAIS' nao encontrado
2026-09-23 12:34:14 | WARNING  | produtos: regiao de produtos invalida (e1=False e2=False ini_y=None fin_y=None)
2026-09-23 12:34:14 | WARNING  | 01_DADOS_OPERACIONAIS\PRODUTIVIDADE\Faz.Tropical Milho Safra 23-23 Produtividade.pdf | extracao PARCIAL -> campos nucleares ausentes: numero_nota, data_emissao, valor_da_nota, serie, emitente.razao_social, emitente.cnpj_cpf, destinatario.nome, destinatario.cnpj_cpf
2026-09-23 12:34:14 | INFO     | 01_DADOS_OPERACIONAIS\PRODUTIVIDADE\Faz.Tropical Milho Safra 23-23 Produtividade.pdf | produtos=0 status=parcial
2026-09-23 12:34:14 | INFO     | pipeline | 01_DADOS_OPERACIONAIS\PRODUTIVIDADE\Faz.Tropical Milho Safra 23-23 Produtividade.pdf | chave 02385810700107001617711216907863417984521140 INSERTADA
2026-09-23 12:34:14 | INFO     | pipeline | [156/226] processando 01_DADOS_OPERACIONAIS\PRODUTIVIDADE\Faz.Tropical Soja Safra 22-23 Produtividade.pdf
2026-09-23 12:34:14 | INFO     | 01_DADOS_OPERACIONAIS\PRODUTIVIDADE\Faz.Tropical Soja Safra 22-23 Produtividade.pdf | inicio de extracao
2026-09-23 12:34:14 | INFO     | 01_DADOS_OPERACIONAIS\PRODUTIVIDADE\Faz.Tropical Soja Safra 22-23 Produtividade.pdf | origem=texto itens=390
2026-09-23 12:34:14 | INFO     | 01_DADOS_OPERACIONAIS\PRODUTIVIDADE\Faz.Tropical Soja Safra 22-23 Produtividade.pdf | chave=23721090010900721047654030261375195614000000 DV_valido=True
2026-09-23 12:34:14 | DEBUG    | campos: rotulo 'DADOS DO PRODUTO' nao encontrado
2026-09-23 12:34:14 | DEBUG    | campos: rotulo 'DADOS ADICIONAIS' nao encontrado
2026-09-23 12:34:14 | WARNING  | produtos: regiao de produtos invalida (e1=False e2=False ini_y=None fin_y=None)
2026-09-23 12:34:14 | WARNING  | 01_DADOS_OPERACIONAIS\PRODUTIVIDADE\Faz.Tropical Soja Safra 22-23 Produtividade.pdf | extracao PARCIAL -> campos nucleares ausentes: numero_nota, data_emissao, valor_da_nota, serie, emitente.razao_social, emitente.cnpj_cpf, destinatario.nome, destinatario.cnpj_cpf
2026-09-23 12:34:14 | INFO     | 01_DADOS_OPERACIONAIS\PRODUTIVIDADE\Faz.Tropical Soja Safra 22-23 Produtividade.pdf | produtos=0 status=parcial
2026-09-23 12:34:14 | INFO     | pipeline | 01_DADOS_OPERACIONAIS\PRODUTIVIDADE\Faz.Tropical Soja Safra 22-23 Produtividade.pdf | chave 23721090010900721047654030261375195614000000 INSERTADA
2026-09-23 12:34:14 | INFO     | pipeline | [157/226] processando 03_NOTAS_FISCAIS\NF_ENERGIA\Faz tropical extrato.pdf
2026-09-23 12:34:14 | INFO     | 03_NOTAS_FISCAIS\NF_ENERGIA\Faz tropical extrato.pdf | inicio de extracao
2026-09-23 12:34:14 | INFO     | 03_NOTAS_FISCAIS\NF_ENERGIA\Faz tropical extrato.pdf | origem=texto itens=146
2026-09-23 12:34:14 | WARNING  | 03_NOTAS_FISCAIS\NF_ENERGIA\Faz tropical extrato.pdf | chave de acesso (44 digitos) NAO encontrada
2026-09-23 12:34:14 | ERROR    | pipeline | 03_NOTAS_FISCAIS\NF_ENERGIA\Faz tropical extrato.pdf | NAO processado -> nao foi encontrada a chave de acesso (44 digitos)
2026-09-23 12:34:14 | INFO     | pipeline | [158/226] processando 03_NOTAS_FISCAIS\NF_ENERGIA\Faz. Ag extrato.pdf
2026-09-23 12:34:14 | INFO     | 03_NOTAS_FISCAIS\NF_ENERGIA\Faz. Ag extrato.pdf | inicio de extracao
2026-09-23 12:34:14 | INFO     | 03_NOTAS_FISCAIS\NF_ENERGIA\Faz. Ag extrato.pdf | origem=texto itens=148
2026-09-23 12:34:14 | WARNING  | 03_NOTAS_FISCAIS\NF_ENERGIA\Faz. Ag extrato.pdf | chave de acesso (44 digitos) NAO encontrada
2026-09-23 12:34:14 | ERROR    | pipeline | 03_NOTAS_FISCAIS\NF_ENERGIA\Faz. Ag extrato.pdf | NAO processado -> nao foi encontrada a chave de acesso (44 digitos)
2026-09-23 12:34:14 | INFO     | pipeline | [159/226] processando 03_NOTAS_FISCAIS\NF_ENERGIA\Faz. Antares extrato.pdf
2026-09-23 12:34:14 | INFO     | 03_NOTAS_FISCAIS\NF_ENERGIA\Faz. Antares extrato.pdf | inicio de extracao
2026-09-23 12:34:14 | INFO     | 03_NOTAS_FISCAIS\NF_ENERGIA\Faz. Antares extrato.pdf | origem=texto itens=150
2026-09-23 12:34:14 | WARNING  | 03_NOTAS_FISCAIS\NF_ENERGIA\Faz. Antares extrato.pdf | chave de acesso (44 digitos) NAO encontrada
2026-09-23 12:34:14 | ERROR    | pipeline | 03_NOTAS_FISCAIS\NF_ENERGIA\Faz. Antares extrato.pdf | NAO processado -> nao foi encontrada a chave de acesso (44 digitos)
2026-09-23 12:34:14 | INFO     | pipeline | [160/226] processando 03_NOTAS_FISCAIS\NF_ENERGIA\Faz. Arizona extrato.pdf
2026-09-23 12:34:14 | INFO     | 03_NOTAS_FISCAIS\NF_ENERGIA\Faz. Arizona extrato.pdf | inicio de extracao
2026-09-23 12:34:14 | INFO     | 03_NOTAS_FISCAIS\NF_ENERGIA\Faz. Arizona extrato.pdf | origem=texto itens=148
2026-09-23 12:34:14 | WARNING  | 03_NOTAS_FISCAIS\NF_ENERGIA\Faz. Arizona extrato.pdf | chave de acesso (44 digitos) NAO encontrada
2026-09-23 12:34:14 | ERROR    | pipeline | 03_NOTAS_FISCAIS\NF_ENERGIA\Faz. Arizona extrato.pdf | NAO processado -> nao foi encontrada a chave de acesso (44 digitos)
2026-09-23 12:34:14 | INFO     | pipeline | [161/226] processando 03_NOTAS_FISCAIS\NF_ENERGIA\Faz. Ponte de Pedra extrato.pdf
2026-09-23 12:34:14 | INFO     | 03_NOTAS_FISCAIS\NF_ENERGIA\Faz. Ponte de Pedra extrato.pdf | inicio de extracao
2026-09-23 12:34:15 | INFO     | 03_NOTAS_FISCAIS\NF_ENERGIA\Faz. Ponte de Pedra extrato.pdf | origem=texto itens=142
2026-09-23 12:34:15 | WARNING  | 03_NOTAS_FISCAIS\NF_ENERGIA\Faz. Ponte de Pedra extrato.pdf | chave de acesso (44 digitos) NAO encontrada
2026-09-23 12:34:15 | ERROR    | pipeline | 03_NOTAS_FISCAIS\NF_ENERGIA\Faz. Ponte de Pedra extrato.pdf | NAO processado -> nao foi encontrada a chave de acesso (44 digitos)
2026-09-23 12:34:15 | INFO     | pipeline | [162/226] processando 03_NOTAS_FISCAIS\NF_FERTILIZANTE\CALCARIO\13015.pdf
2026-09-23 12:34:15 | INFO     | 03_NOTAS_FISCAIS\NF_FERTILIZANTE\CALCARIO\13015.pdf | inicio de extracao
2026-09-23 12:34:19 | INFO     | 03_NOTAS_FISCAIS\NF_FERTILIZANTE\CALCARIO\13015.pdf | origem=ocr itens=157
2026-09-23 12:34:19 | INFO     | 03_NOTAS_FISCAIS\NF_FERTILIZANTE\CALCARIO\13015.pdf | chave=51221001043306000198550010000130151016898150 DV_valido=True
2026-09-23 12:34:19 | DEBUG    | campos: rotulo 'DADOS DO PRODUTO' nao encontrado
2026-09-23 12:34:19 | WARNING  | produtos: regiao de produtos invalida (e1=False e2=True ini_y=None fin_y=2779.6837158203125)
2026-09-23 12:34:19 | WARNING  | 03_NOTAS_FISCAIS\NF_FERTILIZANTE\CALCARIO\13015.pdf | extracao PARCIAL -> campos nucleares ausentes: data_emissao, valor_da_nota, destinatario.nome, destinatario.cnpj_cpf
2026-09-23 12:34:19 | INFO     | 03_NOTAS_FISCAIS\NF_FERTILIZANTE\CALCARIO\13015.pdf | produtos=0 status=parcial
2026-09-23 12:34:19 | INFO     | pipeline | 03_NOTAS_FISCAIS\NF_FERTILIZANTE\CALCARIO\13015.pdf | chave 51221001043306000198550010000130151016898150 INSERTADA
2026-09-23 12:34:19 | INFO     | pipeline | [163/226] processando 03_NOTAS_FISCAIS\NF_FERTILIZANTE\CALCARIO\13016.pdf
2026-09-23 12:34:19 | INFO     | 03_NOTAS_FISCAIS\NF_FERTILIZANTE\CALCARIO\13016.pdf | inicio de extracao
2026-09-23 12:34:48 | INFO     | 03_NOTAS_FISCAIS\NF_FERTILIZANTE\CALCARIO\13016.pdf | origem=ocr itens=149
2026-09-23 12:34:48 | INFO     | 03_NOTAS_FISCAIS\NF_FERTILIZANTE\CALCARIO\13016.pdf | chave=51221001043306000198550010000130161782818770 DV_valido=True
2026-09-23 12:34:48 | DEBUG    | campos: rotulo 'DADOS DO PRODUTO' nao encontrado
2026-09-23 12:34:48 | WARNING  | produtos: regiao de produtos invalida (e1=False e2=True ini_y=None fin_y=2525.1751708984375)
2026-09-23 12:34:48 | WARNING  | 03_NOTAS_FISCAIS\NF_FERTILIZANTE\CALCARIO\13016.pdf | extracao PARCIAL -> campos nucleares ausentes: data_emissao, valor_da_nota, destinatario.nome, destinatario.cnpj_cpf
2026-09-23 12:34:48 | INFO     | 03_NOTAS_FISCAIS\NF_FERTILIZANTE\CALCARIO\13016.pdf | produtos=0 status=parcial
2026-09-23 12:34:48 | INFO     | pipeline | 03_NOTAS_FISCAIS\NF_FERTILIZANTE\CALCARIO\13016.pdf | chave 51221001043306000198550010000130161782818770 INSERTADA
2026-09-23 12:34:48 | INFO     | pipeline | [164/226] processando 03_NOTAS_FISCAIS\NF_FERTILIZANTE\CALCARIO\13023.pdf
2026-09-23 12:34:48 | INFO     | 03_NOTAS_FISCAIS\NF_FERTILIZANTE\CALCARIO\13023.pdf | inicio de extracao
2026-09-23 12:35:16 | INFO     | 03_NOTAS_FISCAIS\NF_FERTILIZANTE\CALCARIO\13023.pdf | origem=ocr itens=151
2026-09-23 12:35:16 | INFO     | 03_NOTAS_FISCAIS\NF_FERTILIZANTE\CALCARIO\13023.pdf | chave=51221001043306000198550010000130231952562466 DV_valido=True
2026-09-23 12:35:16 | DEBUG    | campos: rotulo 'DADOS DO PRODUTO' nao encontrado
2026-09-23 12:35:16 | WARNING  | produtos: regiao de produtos invalida (e1=False e2=True ini_y=None fin_y=2409.174560546875)
2026-09-23 12:35:16 | WARNING  | 03_NOTAS_FISCAIS\NF_FERTILIZANTE\CALCARIO\13023.pdf | extracao PARCIAL -> campos nucleares ausentes: data_emissao, valor_da_nota, destinatario.nome
2026-09-23 12:35:16 | INFO     | 03_NOTAS_FISCAIS\NF_FERTILIZANTE\CALCARIO\13023.pdf | produtos=0 status=parcial
2026-09-23 12:35:16 | INFO     | pipeline | 03_NOTAS_FISCAIS\NF_FERTILIZANTE\CALCARIO\13023.pdf | chave 51221001043306000198550010000130231952562466 INSERTADA
2026-09-23 12:35:16 | INFO     | pipeline | [165/226] processando 03_NOTAS_FISCAIS\NF_FERTILIZANTE\CALCARIO\13029.pdf
2026-09-23 12:35:16 | INFO     | 03_NOTAS_FISCAIS\NF_FERTILIZANTE\CALCARIO\13029.pdf | inicio de extracao
2026-09-23 12:35:46 | INFO     | 03_NOTAS_FISCAIS\NF_FERTILIZANTE\CALCARIO\13029.pdf | origem=ocr itens=147
2026-09-23 12:35:46 | INFO     | 03_NOTAS_FISCAIS\NF_FERTILIZANTE\CALCARIO\13029.pdf | chave=51221001043306000198550010000130291962663250 DV_valido=True
2026-09-23 12:35:46 | DEBUG    | campos: rotulo 'DADOS DO PRODUTO' nao encontrado
2026-09-23 12:35:46 | WARNING  | produtos: regiao de produtos invalida (e1=False e2=True ini_y=None fin_y=2410.906005859375)
2026-09-23 12:35:46 | WARNING  | 03_NOTAS_FISCAIS\NF_FERTILIZANTE\CALCARIO\13029.pdf | extracao PARCIAL -> campos nucleares ausentes: data_emissao, valor_da_nota, destinatario.nome, destinatario.cnpj_cpf
2026-09-23 12:35:46 | INFO     | 03_NOTAS_FISCAIS\NF_FERTILIZANTE\CALCARIO\13029.pdf | produtos=0 status=parcial
2026-09-23 12:35:46 | INFO     | pipeline | 03_NOTAS_FISCAIS\NF_FERTILIZANTE\CALCARIO\13029.pdf | chave 51221001043306000198550010000130291962663250 INSERTADA
2026-09-23 12:35:46 | INFO     | pipeline | [166/226] processando 03_NOTAS_FISCAIS\NF_FERTILIZANTE\CALCARIO\13031.pdf
2026-09-23 12:35:46 | INFO     | 03_NOTAS_FISCAIS\NF_FERTILIZANTE\CALCARIO\13031.pdf | inicio de extracao
2026-09-23 12:36:17 | INFO     | 03_NOTAS_FISCAIS\NF_FERTILIZANTE\CALCARIO\13031.pdf | origem=ocr itens=149
2026-09-23 12:36:17 | INFO     | 03_NOTAS_FISCAIS\NF_FERTILIZANTE\CALCARIO\13031.pdf | chave=51221001043306000198550010000130311661543467 DV_valido=True
2026-09-23 12:36:17 | DEBUG    | campos: rotulo 'DADOS DO PRODUTO' nao encontrado
2026-09-23 12:36:17 | WARNING  | produtos: regiao de produtos invalida (e1=False e2=True ini_y=None fin_y=2575.38427734375)
2026-09-23 12:36:17 | WARNING  | 03_NOTAS_FISCAIS\NF_FERTILIZANTE\CALCARIO\13031.pdf | extracao PARCIAL -> campos nucleares ausentes: data_emissao, valor_da_nota, destinatario.nome, destinatario.cnpj_cpf
2026-09-23 12:36:17 | INFO     | 03_NOTAS_FISCAIS\NF_FERTILIZANTE\CALCARIO\13031.pdf | produtos=0 status=parcial
2026-09-23 12:36:17 | INFO     | pipeline | 03_NOTAS_FISCAIS\NF_FERTILIZANTE\CALCARIO\13031.pdf | chave 51221001043306000198550010000130311661543467 INSERTADA
2026-09-23 12:36:17 | INFO     | pipeline | [167/226] processando 03_NOTAS_FISCAIS\NF_FERTILIZANTE\CALCARIO\13032.pdf
2026-09-23 12:36:17 | INFO     | 03_NOTAS_FISCAIS\NF_FERTILIZANTE\CALCARIO\13032.pdf | inicio de extracao
2026-09-23 12:36:46 | INFO     | 03_NOTAS_FISCAIS\NF_FERTILIZANTE\CALCARIO\13032.pdf | origem=ocr itens=151
2026-09-23 12:36:46 | INFO     | 03_NOTAS_FISCAIS\NF_FERTILIZANTE\CALCARIO\13032.pdf | chave=11512210010433060001985500100001303218369606 DV_valido=True
2026-09-23 12:36:46 | DEBUG    | campos: rotulo 'DADOS DO PRODUTO' nao encontrado
2026-09-23 12:36:46 | WARNING  | produtos: regiao de produtos invalida (e1=False e2=True ini_y=None fin_y=2588.369384765625)
2026-09-23 12:36:46 | WARNING  | 03_NOTAS_FISCAIS\NF_FERTILIZANTE\CALCARIO\13032.pdf | extracao PARCIAL -> campos nucleares ausentes: data_emissao, valor_da_nota, destinatario.nome, destinatario.cnpj_cpf
2026-09-23 12:36:46 | INFO     | 03_NOTAS_FISCAIS\NF_FERTILIZANTE\CALCARIO\13032.pdf | produtos=0 status=parcial
2026-09-23 12:36:46 | INFO     | pipeline | 03_NOTAS_FISCAIS\NF_FERTILIZANTE\CALCARIO\13032.pdf | chave 11512210010433060001985500100001303218369606 INSERTADA
2026-09-23 12:36:46 | INFO     | pipeline | [168/226] processando 03_NOTAS_FISCAIS\NF_FERTILIZANTE\CALCARIO\13038.pdf
2026-09-23 12:36:46 | INFO     | 03_NOTAS_FISCAIS\NF_FERTILIZANTE\CALCARIO\13038.pdf | inicio de extracao
2026-09-23 12:37:12 | INFO     | 03_NOTAS_FISCAIS\NF_FERTILIZANTE\CALCARIO\13038.pdf | origem=ocr itens=148
2026-09-23 12:37:12 | INFO     | 03_NOTAS_FISCAIS\NF_FERTILIZANTE\CALCARIO\13038.pdf | chave=51221001043306000198550010000130381428857820 DV_valido=True
2026-09-23 12:37:12 | DEBUG    | campos: rotulo 'DADOS DO PRODUTO' nao encontrado
2026-09-23 12:37:12 | WARNING  | produtos: regiao de produtos invalida (e1=False e2=True ini_y=None fin_y=2600.4888916015625)
2026-09-23 12:37:12 | WARNING  | 03_NOTAS_FISCAIS\NF_FERTILIZANTE\CALCARIO\13038.pdf | extracao PARCIAL -> campos nucleares ausentes: data_emissao, valor_da_nota, destinatario.nome, destinatario.cnpj_cpf
2026-09-23 12:37:12 | INFO     | 03_NOTAS_FISCAIS\NF_FERTILIZANTE\CALCARIO\13038.pdf | produtos=0 status=parcial
2026-09-23 12:37:12 | INFO     | pipeline | 03_NOTAS_FISCAIS\NF_FERTILIZANTE\CALCARIO\13038.pdf | chave 51221001043306000198550010000130381428857820 INSERTADA
2026-09-23 12:37:12 | INFO     | pipeline | [169/226] processando 03_NOTAS_FISCAIS\NF_FERTILIZANTE\CALCARIO\13040.pdf
2026-09-23 12:37:12 | INFO     | 03_NOTAS_FISCAIS\NF_FERTILIZANTE\CALCARIO\13040.pdf | inicio de extracao
2026-09-23 12:37:39 | INFO     | 03_NOTAS_FISCAIS\NF_FERTILIZANTE\CALCARIO\13040.pdf | origem=ocr itens=151
2026-09-23 12:37:39 | INFO     | 03_NOTAS_FISCAIS\NF_FERTILIZANTE\CALCARIO\13040.pdf | chave=51221001043306000198550010000130401833824301 DV_valido=True
2026-09-23 12:37:39 | DEBUG    | campos: rotulo 'DADOS DO PRODUTO' nao encontrado
2026-09-23 12:37:39 | WARNING  | produtos: regiao de produtos invalida (e1=False e2=True ini_y=None fin_y=2469.7718505859375)
2026-09-23 12:37:39 | WARNING  | 03_NOTAS_FISCAIS\NF_FERTILIZANTE\CALCARIO\13040.pdf | extracao PARCIAL -> campos nucleares ausentes: data_emissao, valor_da_nota, destinatario.nome
2026-09-23 12:37:39 | INFO     | 03_NOTAS_FISCAIS\NF_FERTILIZANTE\CALCARIO\13040.pdf | produtos=0 status=parcial
2026-09-23 12:37:39 | INFO     | pipeline | 03_NOTAS_FISCAIS\NF_FERTILIZANTE\CALCARIO\13040.pdf | chave 51221001043306000198550010000130401833824301 INSERTADA
2026-09-23 12:37:39 | INFO     | pipeline | [170/226] processando 03_NOTAS_FISCAIS\NF_FERTILIZANTE\CALCARIO\13052.pdf
2026-09-23 12:37:39 | INFO     | 03_NOTAS_FISCAIS\NF_FERTILIZANTE\CALCARIO\13052.pdf | inicio de extracao
2026-09-23 12:38:10 | INFO     | 03_NOTAS_FISCAIS\NF_FERTILIZANTE\CALCARIO\13052.pdf | origem=ocr itens=148
2026-09-23 12:38:10 | INFO     | 03_NOTAS_FISCAIS\NF_FERTILIZANTE\CALCARIO\13052.pdf | chave=51221001043306000198550010000130521503487787 DV_valido=True
2026-09-23 12:38:10 | DEBUG    | campos: rotulo 'DADOS DO PRODUTO' nao encontrado
2026-09-23 12:38:10 | WARNING  | produtos: regiao de produtos invalida (e1=False e2=True ini_y=None fin_y=2571.055908203125)
2026-09-23 12:38:10 | WARNING  | 03_NOTAS_FISCAIS\NF_FERTILIZANTE\CALCARIO\13052.pdf | extracao PARCIAL -> campos nucleares ausentes: data_emissao, valor_da_nota, destinatario.nome
2026-09-23 12:38:10 | INFO     | 03_NOTAS_FISCAIS\NF_FERTILIZANTE\CALCARIO\13052.pdf | produtos=0 status=parcial
2026-09-23 12:38:10 | INFO     | pipeline | 03_NOTAS_FISCAIS\NF_FERTILIZANTE\CALCARIO\13052.pdf | chave 51221001043306000198550010000130521503487787 INSERTADA
2026-09-23 12:38:10 | INFO     | pipeline | [171/226] processando 03_NOTAS_FISCAIS\NF_FERTILIZANTE\CALCARIO\14897.pdf
2026-09-23 12:38:10 | INFO     | 03_NOTAS_FISCAIS\NF_FERTILIZANTE\CALCARIO\14897.pdf | inicio de extracao
2026-09-23 12:38:41 | INFO     | 03_NOTAS_FISCAIS\NF_FERTILIZANTE\CALCARIO\14897.pdf | origem=ocr itens=153
2026-09-23 12:38:41 | INFO     | 03_NOTAS_FISCAIS\NF_FERTILIZANTE\CALCARIO\14897.pdf | chave=51221201043306000198550010000148971274833540 DV_valido=True
2026-09-23 12:38:41 | DEBUG    | campos: rotulo 'DADOS DO PRODUTO' nao encontrado
2026-09-23 12:38:41 | WARNING  | produtos: regiao de produtos invalida (e1=False e2=True ini_y=None fin_y=2827.2958984375)
2026-09-23 12:38:41 | WARNING  | 03_NOTAS_FISCAIS\NF_FERTILIZANTE\CALCARIO\14897.pdf | extracao PARCIAL -> campos nucleares ausentes: data_emissao, valor_da_nota, destinatario.nome, destinatario.cnpj_cpf
2026-09-23 12:38:41 | INFO     | 03_NOTAS_FISCAIS\NF_FERTILIZANTE\CALCARIO\14897.pdf | produtos=0 status=parcial
2026-09-23 12:38:41 | INFO     | pipeline | 03_NOTAS_FISCAIS\NF_FERTILIZANTE\CALCARIO\14897.pdf | chave 51221201043306000198550010000148971274833540 INSERTADA
2026-09-23 12:38:41 | INFO     | pipeline | [172/226] processando 03_NOTAS_FISCAIS\NF_FERTILIZANTE\CALCARIO\14898.pdf
2026-09-23 12:38:41 | INFO     | 03_NOTAS_FISCAIS\NF_FERTILIZANTE\CALCARIO\14898.pdf | inicio de extracao
2026-09-23 12:39:14 | INFO     | 03_NOTAS_FISCAIS\NF_FERTILIZANTE\CALCARIO\14898.pdf | origem=ocr itens=152
2026-09-23 12:39:14 | INFO     | 03_NOTAS_FISCAIS\NF_FERTILIZANTE\CALCARIO\14898.pdf | chave=51221201043306000198550010000148981235087643 DV_valido=True
2026-09-23 12:39:14 | DEBUG    | campos: rotulo 'DADOS DO PRODUTO' nao encontrado
2026-09-23 12:39:14 | WARNING  | produtos: regiao de produtos invalida (e1=False e2=True ini_y=None fin_y=2821.236083984375)
2026-09-23 12:39:14 | WARNING  | 03_NOTAS_FISCAIS\NF_FERTILIZANTE\CALCARIO\14898.pdf | extracao PARCIAL -> campos nucleares ausentes: data_emissao, valor_da_nota, destinatario.nome, destinatario.cnpj_cpf
2026-09-23 12:39:14 | INFO     | 03_NOTAS_FISCAIS\NF_FERTILIZANTE\CALCARIO\14898.pdf | produtos=0 status=parcial
2026-09-23 12:39:14 | INFO     | pipeline | 03_NOTAS_FISCAIS\NF_FERTILIZANTE\CALCARIO\14898.pdf | chave 51221201043306000198550010000148981235087643 INSERTADA
2026-09-23 12:39:14 | INFO     | pipeline | [173/226] processando 03_NOTAS_FISCAIS\NF_FERTILIZANTE\CALCARIO\14905.pdf
2026-09-23 12:39:14 | INFO     | 03_NOTAS_FISCAIS\NF_FERTILIZANTE\CALCARIO\14905.pdf | inicio de extracao
2026-09-23 12:39:51 | INFO     | 03_NOTAS_FISCAIS\NF_FERTILIZANTE\CALCARIO\14905.pdf | origem=ocr itens=152
2026-09-23 12:39:51 | INFO     | 03_NOTAS_FISCAIS\NF_FERTILIZANTE\CALCARIO\14905.pdf | chave=51221201043306000198550010000149051395693866 DV_valido=True
2026-09-23 12:39:51 | DEBUG    | campos: rotulo 'DADOS DO PRODUTO' nao encontrado
2026-09-23 12:39:51 | WARNING  | produtos: regiao de produtos invalida (e1=False e2=True ini_y=None fin_y=2828.1614990234375)
2026-09-23 12:39:51 | WARNING  | 03_NOTAS_FISCAIS\NF_FERTILIZANTE\CALCARIO\14905.pdf | extracao PARCIAL -> campos nucleares ausentes: data_emissao, valor_da_nota, destinatario.nome, destinatario.cnpj_cpf
2026-09-23 12:39:51 | INFO     | 03_NOTAS_FISCAIS\NF_FERTILIZANTE\CALCARIO\14905.pdf | produtos=0 status=parcial
2026-09-23 12:39:51 | INFO     | pipeline | 03_NOTAS_FISCAIS\NF_FERTILIZANTE\CALCARIO\14905.pdf | chave 51221201043306000198550010000149051395693866 INSERTADA
2026-09-23 12:39:51 | INFO     | pipeline | [174/226] processando 03_NOTAS_FISCAIS\NF_FERTILIZANTE\CALCARIO\14906.pdf
2026-09-23 12:39:51 | INFO     | 03_NOTAS_FISCAIS\NF_FERTILIZANTE\CALCARIO\14906.pdf | inicio de extracao
2026-09-23 12:40:22 | INFO     | 03_NOTAS_FISCAIS\NF_FERTILIZANTE\CALCARIO\14906.pdf | origem=ocr itens=153
2026-09-23 12:40:22 | INFO     | 03_NOTAS_FISCAIS\NF_FERTILIZANTE\CALCARIO\14906.pdf | chave=51221201043306000198550010000149061132440646 DV_valido=True
2026-09-23 12:40:22 | DEBUG    | campos: rotulo 'DADOS DO PRODUTO' nao encontrado
2026-09-23 12:40:22 | WARNING  | produtos: regiao de produtos invalida (e1=False e2=True ini_y=None fin_y=2817.7733154296875)
2026-09-23 12:40:22 | WARNING  | 03_NOTAS_FISCAIS\NF_FERTILIZANTE\CALCARIO\14906.pdf | extracao PARCIAL -> campos nucleares ausentes: data_emissao, valor_da_nota, destinatario.nome, destinatario.cnpj_cpf
2026-09-23 12:40:22 | INFO     | 03_NOTAS_FISCAIS\NF_FERTILIZANTE\CALCARIO\14906.pdf | produtos=0 status=parcial
2026-09-23 12:40:22 | INFO     | pipeline | 03_NOTAS_FISCAIS\NF_FERTILIZANTE\CALCARIO\14906.pdf | chave 51221201043306000198550010000149061132440646 INSERTADA
2026-09-23 12:40:22 | INFO     | pipeline | [175/226] processando 03_NOTAS_FISCAIS\NF_FERTILIZANTE\CALCARIO\14907.pdf
2026-09-23 12:40:22 | INFO     | 03_NOTAS_FISCAIS\NF_FERTILIZANTE\CALCARIO\14907.pdf | inicio de extracao
2026-09-23 12:40:57 | INFO     | 03_NOTAS_FISCAIS\NF_FERTILIZANTE\CALCARIO\14907.pdf | origem=ocr itens=152
2026-09-23 12:40:57 | INFO     | 03_NOTAS_FISCAIS\NF_FERTILIZANTE\CALCARIO\14907.pdf | chave=01114907512212010433060001985500100001490711 DV_valido=False
2026-09-23 12:40:57 | DEBUG    | campos: rotulo 'DADOS DO PRODUTO' nao encontrado
2026-09-23 12:40:57 | WARNING  | produtos: regiao de produtos invalida (e1=False e2=True ini_y=None fin_y=2760.6387939453125)
2026-09-23 12:40:57 | WARNING  | 03_NOTAS_FISCAIS\NF_FERTILIZANTE\CALCARIO\14907.pdf | extracao PARCIAL -> chave de acesso com digito verificador invalido (DV)
2026-09-23 12:40:57 | INFO     | 03_NOTAS_FISCAIS\NF_FERTILIZANTE\CALCARIO\14907.pdf | produtos=0 status=parcial
2026-09-23 12:40:57 | INFO     | pipeline | 03_NOTAS_FISCAIS\NF_FERTILIZANTE\CALCARIO\14907.pdf | chave 01114907512212010433060001985500100001490711 INSERTADA
2026-09-23 12:40:57 | WARNING  | pipeline | 03_NOTAS_FISCAIS\NF_FERTILIZANTE\CALCARIO\14907.pdf | extracao PARCIAL (chave de acesso com digito verificador invalido (DV))
2026-09-23 12:40:57 | INFO     | pipeline | [176/226] processando 03_NOTAS_FISCAIS\NF_FERTILIZANTE\CALCARIO\14911.pdf
2026-09-23 12:40:57 | INFO     | 03_NOTAS_FISCAIS\NF_FERTILIZANTE\CALCARIO\14911.pdf | inicio de extracao
2026-09-23 12:41:32 | INFO     | 03_NOTAS_FISCAIS\NF_FERTILIZANTE\CALCARIO\14911.pdf | origem=ocr itens=150
2026-09-23 12:41:32 | INFO     | 03_NOTAS_FISCAIS\NF_FERTILIZANTE\CALCARIO\14911.pdf | chave=51221201043306000198550010000149111713218373 DV_valido=True
2026-09-23 12:41:32 | DEBUG    | campos: rotulo 'DADOS DO PRODUTO' nao encontrado
2026-09-23 12:41:32 | WARNING  | produtos: regiao de produtos invalida (e1=False e2=True ini_y=None fin_y=2829.892822265625)
2026-09-23 12:41:32 | WARNING  | 03_NOTAS_FISCAIS\NF_FERTILIZANTE\CALCARIO\14911.pdf | extracao PARCIAL -> campos nucleares ausentes: data_emissao, valor_da_nota, destinatario.nome, destinatario.cnpj_cpf
2026-09-23 12:41:32 | INFO     | 03_NOTAS_FISCAIS\NF_FERTILIZANTE\CALCARIO\14911.pdf | produtos=0 status=parcial
2026-09-23 12:41:32 | INFO     | pipeline | 03_NOTAS_FISCAIS\NF_FERTILIZANTE\CALCARIO\14911.pdf | chave 51221201043306000198550010000149111713218373 INSERTADA
2026-09-23 12:41:32 | INFO     | pipeline | [177/226] processando 03_NOTAS_FISCAIS\NF_FERTILIZANTE\CALCARIO\14912.pdf
2026-09-23 12:41:32 | INFO     | 03_NOTAS_FISCAIS\NF_FERTILIZANTE\CALCARIO\14912.pdf | inicio de extracao
2026-09-23 12:42:05 | INFO     | 03_NOTAS_FISCAIS\NF_FERTILIZANTE\CALCARIO\14912.pdf | origem=ocr itens=152
2026-09-23 12:42:05 | INFO     | 03_NOTAS_FISCAIS\NF_FERTILIZANTE\CALCARIO\14912.pdf | chave=15122120104330600019855001000014912115110407 DV_valido=True
2026-09-23 12:42:05 | DEBUG    | campos: rotulo 'DADOS DO PRODUTO' nao encontrado
2026-09-23 12:42:05 | WARNING  | produtos: regiao de produtos invalida (e1=False e2=True ini_y=None fin_y=2842.01220703125)
2026-09-23 12:42:05 | WARNING  | 03_NOTAS_FISCAIS\NF_FERTILIZANTE\CALCARIO\14912.pdf | extracao PARCIAL -> campos nucleares ausentes: data_emissao, valor_da_nota, destinatario.nome, destinatario.cnpj_cpf
2026-09-23 12:42:05 | INFO     | 03_NOTAS_FISCAIS\NF_FERTILIZANTE\CALCARIO\14912.pdf | produtos=0 status=parcial
2026-09-23 12:42:05 | INFO     | pipeline | 03_NOTAS_FISCAIS\NF_FERTILIZANTE\CALCARIO\14912.pdf | chave 15122120104330600019855001000014912115110407 INSERTADA
2026-09-23 12:42:05 | INFO     | pipeline | [178/226] processando 03_NOTAS_FISCAIS\NF_FERTILIZANTE\CALCARIO\14928.pdf
2026-09-23 12:42:05 | INFO     | 03_NOTAS_FISCAIS\NF_FERTILIZANTE\CALCARIO\14928.pdf | inicio de extracao
2026-09-23 12:42:36 | INFO     | 03_NOTAS_FISCAIS\NF_FERTILIZANTE\CALCARIO\14928.pdf | origem=ocr itens=150
2026-09-23 12:42:36 | INFO     | 03_NOTAS_FISCAIS\NF_FERTILIZANTE\CALCARIO\14928.pdf | chave=51230101043306000198550010000149281121262469 DV_valido=True
2026-09-23 12:42:36 | DEBUG    | campos: rotulo 'DADOS DO PRODUTO' nao encontrado
2026-09-23 12:42:36 | WARNING  | produtos: regiao de produtos invalida (e1=False e2=True ini_y=None fin_y=2833.3555908203125)
2026-09-23 12:42:36 | WARNING  | 03_NOTAS_FISCAIS\NF_FERTILIZANTE\CALCARIO\14928.pdf | extracao PARCIAL -> campos nucleares ausentes: data_emissao, valor_da_nota, destinatario.nome, destinatario.cnpj_cpf
2026-09-23 12:42:36 | INFO     | 03_NOTAS_FISCAIS\NF_FERTILIZANTE\CALCARIO\14928.pdf | produtos=0 status=parcial
2026-09-23 12:42:36 | INFO     | pipeline | 03_NOTAS_FISCAIS\NF_FERTILIZANTE\CALCARIO\14928.pdf | chave 51230101043306000198550010000149281121262469 INSERTADA
2026-09-23 12:42:36 | INFO     | pipeline | [179/226] processando 03_NOTAS_FISCAIS\NF_FERTILIZANTE\CALCARIO\14929.pdf
2026-09-23 12:42:36 | INFO     | 03_NOTAS_FISCAIS\NF_FERTILIZANTE\CALCARIO\14929.pdf | inicio de extracao
2026-09-23 12:43:05 | INFO     | 03_NOTAS_FISCAIS\NF_FERTILIZANTE\CALCARIO\14929.pdf | origem=ocr itens=150
2026-09-23 12:43:05 | INFO     | 03_NOTAS_FISCAIS\NF_FERTILIZANTE\CALCARIO\14929.pdf | chave=11512301010433060001985500100001492915688876 DV_valido=True
2026-09-23 12:43:05 | DEBUG    | campos: rotulo 'DADOS DO PRODUTO' nao encontrado
2026-09-23 12:43:05 | WARNING  | produtos: regiao de produtos invalida (e1=False e2=True ini_y=None fin_y=2832.4898681640625)
2026-09-23 12:43:05 | WARNING  | 03_NOTAS_FISCAIS\NF_FERTILIZANTE\CALCARIO\14929.pdf | extracao PARCIAL -> campos nucleares ausentes: data_emissao, valor_da_nota, destinatario.nome, destinatario.cnpj_cpf
2026-09-23 12:43:05 | INFO     | 03_NOTAS_FISCAIS\NF_FERTILIZANTE\CALCARIO\14929.pdf | produtos=0 status=parcial
2026-09-23 12:43:05 | INFO     | pipeline | 03_NOTAS_FISCAIS\NF_FERTILIZANTE\CALCARIO\14929.pdf | chave 11512301010433060001985500100001492915688876 INSERTADA
2026-09-23 12:43:05 | INFO     | pipeline | [180/226] processando 03_NOTAS_FISCAIS\NF_FERTILIZANTE\CALCARIO\14930.pdf
2026-09-23 12:43:05 | INFO     | 03_NOTAS_FISCAIS\NF_FERTILIZANTE\CALCARIO\14930.pdf | inicio de extracao
2026-09-23 12:43:36 | INFO     | 03_NOTAS_FISCAIS\NF_FERTILIZANTE\CALCARIO\14930.pdf | origem=ocr itens=151
2026-09-23 12:43:36 | INFO     | 03_NOTAS_FISCAIS\NF_FERTILIZANTE\CALCARIO\14930.pdf | chave=51230101043306000198550010000149301966383462 DV_valido=True
2026-09-23 12:43:36 | DEBUG    | campos: rotulo 'DADOS DO PRODUTO' nao encontrado
2026-09-23 12:43:36 | WARNING  | produtos: regiao de produtos invalida (e1=False e2=True ini_y=None fin_y=2808.2509765625)
2026-09-23 12:43:36 | WARNING  | 03_NOTAS_FISCAIS\NF_FERTILIZANTE\CALCARIO\14930.pdf | extracao PARCIAL -> campos nucleares ausentes: data_emissao, valor_da_nota, destinatario.nome, destinatario.cnpj_cpf
2026-09-23 12:43:36 | INFO     | 03_NOTAS_FISCAIS\NF_FERTILIZANTE\CALCARIO\14930.pdf | produtos=0 status=parcial
2026-09-23 12:43:36 | INFO     | pipeline | 03_NOTAS_FISCAIS\NF_FERTILIZANTE\CALCARIO\14930.pdf | chave 51230101043306000198550010000149301966383462 INSERTADA
2026-09-23 12:43:36 | INFO     | pipeline | [181/226] processando 03_NOTAS_FISCAIS\NF_FERTILIZANTE\CALCARIO\14952.pdf
2026-09-23 12:43:36 | INFO     | 03_NOTAS_FISCAIS\NF_FERTILIZANTE\CALCARIO\14952.pdf | inicio de extracao
2026-09-23 12:44:06 | INFO     | 03_NOTAS_FISCAIS\NF_FERTILIZANTE\CALCARIO\14952.pdf | origem=ocr itens=153
2026-09-23 12:44:06 | INFO     | 03_NOTAS_FISCAIS\NF_FERTILIZANTE\CALCARIO\14952.pdf | chave=51230101043306000198550010000149521846315513 DV_valido=True
2026-09-23 12:44:06 | DEBUG    | campos: rotulo 'DADOS DO PRODUTO' nao encontrado
2026-09-23 12:44:06 | WARNING  | produtos: regiao de produtos invalida (e1=False e2=True ini_y=None fin_y=2816.0419921875)
2026-09-23 12:44:06 | WARNING  | 03_NOTAS_FISCAIS\NF_FERTILIZANTE\CALCARIO\14952.pdf | extracao PARCIAL -> campos nucleares ausentes: data_emissao, valor_da_nota, destinatario.nome, destinatario.cnpj_cpf
2026-09-23 12:44:06 | INFO     | 03_NOTAS_FISCAIS\NF_FERTILIZANTE\CALCARIO\14952.pdf | produtos=0 status=parcial
2026-09-23 12:44:06 | INFO     | pipeline | 03_NOTAS_FISCAIS\NF_FERTILIZANTE\CALCARIO\14952.pdf | chave 51230101043306000198550010000149521846315513 INSERTADA
2026-09-23 12:44:06 | INFO     | pipeline | [182/226] processando 03_NOTAS_FISCAIS\NF_FERTILIZANTE\CALCARIO\14958.pdf
2026-09-23 12:44:06 | INFO     | 03_NOTAS_FISCAIS\NF_FERTILIZANTE\CALCARIO\14958.pdf | inicio de extracao
2026-09-23 12:44:17 | INFO     | 03_NOTAS_FISCAIS\NF_FERTILIZANTE\CALCARIO\14958.pdf | origem=ocr itens=152
2026-09-23 12:44:17 | INFO     | 03_NOTAS_FISCAIS\NF_FERTILIZANTE\CALCARIO\14958.pdf | chave=51230101043306000198550010000149581650604907 DV_valido=True
2026-09-23 12:44:17 | DEBUG    | campos: rotulo 'DADOS DO PRODUTO' nao encontrado
2026-09-23 12:44:17 | WARNING  | produtos: regiao de produtos invalida (e1=False e2=True ini_y=None fin_y=2820.370361328125)
2026-09-23 12:44:17 | WARNING  | 03_NOTAS_FISCAIS\NF_FERTILIZANTE\CALCARIO\14958.pdf | extracao PARCIAL -> campos nucleares ausentes: data_emissao, valor_da_nota, destinatario.nome, destinatario.cnpj_cpf
2026-09-23 12:44:17 | INFO     | 03_NOTAS_FISCAIS\NF_FERTILIZANTE\CALCARIO\14958.pdf | produtos=0 status=parcial
2026-09-23 12:44:17 | INFO     | pipeline | 03_NOTAS_FISCAIS\NF_FERTILIZANTE\CALCARIO\14958.pdf | chave 51230101043306000198550010000149581650604907 INSERTADA
2026-09-23 12:44:17 | INFO     | pipeline | [183/226] processando 03_NOTAS_FISCAIS\NF_FERTILIZANTE\CALCARIO\14959.pdf
2026-09-23 12:44:17 | INFO     | 03_NOTAS_FISCAIS\NF_FERTILIZANTE\CALCARIO\14959.pdf | inicio de extracao
2026-09-23 12:44:23 | INFO     | 03_NOTAS_FISCAIS\NF_FERTILIZANTE\CALCARIO\14959.pdf | origem=ocr itens=152
2026-09-23 12:44:23 | INFO     | 03_NOTAS_FISCAIS\NF_FERTILIZANTE\CALCARIO\14959.pdf | chave=15123010104330600019855001000014959104057799 DV_valido=True
2026-09-23 12:44:23 | DEBUG    | campos: rotulo 'DADOS DO PRODUTO' nao encontrado
2026-09-23 12:44:23 | WARNING  | produtos: regiao de produtos invalida (e1=False e2=True ini_y=None fin_y=2815.1763916015625)
2026-09-23 12:44:23 | WARNING  | 03_NOTAS_FISCAIS\NF_FERTILIZANTE\CALCARIO\14959.pdf | extracao PARCIAL -> campos nucleares ausentes: data_emissao, valor_da_nota, destinatario.nome, destinatario.cnpj_cpf
2026-09-23 12:44:23 | INFO     | 03_NOTAS_FISCAIS\NF_FERTILIZANTE\CALCARIO\14959.pdf | produtos=0 status=parcial
2026-09-23 12:44:23 | INFO     | pipeline | 03_NOTAS_FISCAIS\NF_FERTILIZANTE\CALCARIO\14959.pdf | chave 15123010104330600019855001000014959104057799 INSERTADA
2026-09-23 12:44:23 | INFO     | pipeline | [184/226] processando 03_NOTAS_FISCAIS\NF_FERTILIZANTE\CALCARIO\14961.pdf
2026-09-23 12:44:23 | INFO     | 03_NOTAS_FISCAIS\NF_FERTILIZANTE\CALCARIO\14961.pdf | inicio de extracao
2026-09-23 12:44:28 | INFO     | 03_NOTAS_FISCAIS\NF_FERTILIZANTE\CALCARIO\14961.pdf | origem=ocr itens=154
2026-09-23 12:44:28 | INFO     | 03_NOTAS_FISCAIS\NF_FERTILIZANTE\CALCARIO\14961.pdf | chave=51230101043306000198550010000149611717170747 DV_valido=True
2026-09-23 12:44:28 | DEBUG    | campos: rotulo 'DADOS DO PRODUTO' nao encontrado
2026-09-23 12:44:28 | WARNING  | produtos: regiao de produtos invalida (e1=False e2=True ini_y=None fin_y=2827.2958984375)
2026-09-23 12:44:28 | WARNING  | 03_NOTAS_FISCAIS\NF_FERTILIZANTE\CALCARIO\14961.pdf | extracao PARCIAL -> campos nucleares ausentes: data_emissao, valor_da_nota, destinatario.nome, destinatario.cnpj_cpf
2026-09-23 12:44:28 | INFO     | 03_NOTAS_FISCAIS\NF_FERTILIZANTE\CALCARIO\14961.pdf | produtos=0 status=parcial
2026-09-23 12:44:28 | INFO     | pipeline | 03_NOTAS_FISCAIS\NF_FERTILIZANTE\CALCARIO\14961.pdf | chave 51230101043306000198550010000149611717170747 INSERTADA
2026-09-23 12:44:28 | INFO     | pipeline | [185/226] processando 03_NOTAS_FISCAIS\NF_FERTILIZANTE\CALCARIO\14962.pdf
2026-09-23 12:44:28 | INFO     | 03_NOTAS_FISCAIS\NF_FERTILIZANTE\CALCARIO\14962.pdf | inicio de extracao
2026-09-23 12:44:32 | INFO     | 03_NOTAS_FISCAIS\NF_FERTILIZANTE\CALCARIO\14962.pdf | origem=ocr itens=152
2026-09-23 12:44:32 | INFO     | 03_NOTAS_FISCAIS\NF_FERTILIZANTE\CALCARIO\14962.pdf | chave=51230101043306000198550010000149621454382924 DV_valido=True
2026-09-23 12:44:32 | DEBUG    | campos: rotulo 'DADOS DO PRODUTO' nao encontrado
2026-09-23 12:44:32 | WARNING  | produtos: regiao de produtos invalida (e1=False e2=True ini_y=None fin_y=2822.9674072265625)
2026-09-23 12:44:32 | WARNING  | 03_NOTAS_FISCAIS\NF_FERTILIZANTE\CALCARIO\14962.pdf | extracao PARCIAL -> campos nucleares ausentes: data_emissao, valor_da_nota, destinatario.nome, destinatario.cnpj_cpf
2026-09-23 12:44:32 | INFO     | 03_NOTAS_FISCAIS\NF_FERTILIZANTE\CALCARIO\14962.pdf | produtos=0 status=parcial
2026-09-23 12:44:32 | INFO     | pipeline | 03_NOTAS_FISCAIS\NF_FERTILIZANTE\CALCARIO\14962.pdf | chave 51230101043306000198550010000149621454382924 INSERTADA
2026-09-23 12:44:32 | INFO     | pipeline | [186/226] processando 03_NOTAS_FISCAIS\NF_FERTILIZANTE\CALCARIO\14967.pdf
2026-09-23 12:44:32 | INFO     | 03_NOTAS_FISCAIS\NF_FERTILIZANTE\CALCARIO\14967.pdf | inicio de extracao
2026-09-23 12:44:37 | INFO     | 03_NOTAS_FISCAIS\NF_FERTILIZANTE\CALCARIO\14967.pdf | origem=ocr itens=149
2026-09-23 12:44:37 | INFO     | 03_NOTAS_FISCAIS\NF_FERTILIZANTE\CALCARIO\14967.pdf | chave=51230101043306000198550010000149671840121450 DV_valido=True
2026-09-23 12:44:37 | DEBUG    | campos: rotulo 'DADOS DO PRODUTO' nao encontrado
2026-09-23 12:44:37 | WARNING  | produtos: regiao de produtos invalida (e1=False e2=True ini_y=None fin_y=2813.445068359375)
2026-09-23 12:44:37 | WARNING  | 03_NOTAS_FISCAIS\NF_FERTILIZANTE\CALCARIO\14967.pdf | extracao PARCIAL -> campos nucleares ausentes: data_emissao, valor_da_nota, destinatario.nome, destinatario.cnpj_cpf
2026-09-23 12:44:37 | INFO     | 03_NOTAS_FISCAIS\NF_FERTILIZANTE\CALCARIO\14967.pdf | produtos=0 status=parcial
2026-09-23 12:44:37 | INFO     | pipeline | 03_NOTAS_FISCAIS\NF_FERTILIZANTE\CALCARIO\14967.pdf | chave 51230101043306000198550010000149671840121450 INSERTADA
2026-09-23 12:44:37 | INFO     | pipeline | [187/226] processando 03_NOTAS_FISCAIS\NF_FERTILIZANTE\CALCARIO\14974.pdf
2026-09-23 12:44:37 | INFO     | 03_NOTAS_FISCAIS\NF_FERTILIZANTE\CALCARIO\14974.pdf | inicio de extracao
2026-09-23 12:44:42 | INFO     | 03_NOTAS_FISCAIS\NF_FERTILIZANTE\CALCARIO\14974.pdf | origem=ocr itens=155
2026-09-23 12:44:42 | INFO     | 03_NOTAS_FISCAIS\NF_FERTILIZANTE\CALCARIO\14974.pdf | chave=01151230101043306000198550010000149741433280 DV_valido=True
2026-09-23 12:44:42 | DEBUG    | campos: rotulo 'DADOS DO PRODUTO' nao encontrado
2026-09-23 12:44:42 | WARNING  | produtos: regiao de produtos invalida (e1=False e2=True ini_y=None fin_y=2750.2506103515625)
2026-09-23 12:44:42 | WARNING  | 03_NOTAS_FISCAIS\NF_FERTILIZANTE\CALCARIO\14974.pdf | extracao PARCIAL -> campos nucleares ausentes: data_emissao, valor_da_nota, destinatario.nome, destinatario.cnpj_cpf
2026-09-23 12:44:42 | INFO     | 03_NOTAS_FISCAIS\NF_FERTILIZANTE\CALCARIO\14974.pdf | produtos=0 status=parcial
2026-09-23 12:44:42 | INFO     | pipeline | 03_NOTAS_FISCAIS\NF_FERTILIZANTE\CALCARIO\14974.pdf | chave 01151230101043306000198550010000149741433280 INSERTADA
2026-09-23 12:44:42 | INFO     | pipeline | [188/226] processando 03_NOTAS_FISCAIS\NF_FERTILIZANTE\CALCARIO\14977.pdf
2026-09-23 12:44:42 | INFO     | 03_NOTAS_FISCAIS\NF_FERTILIZANTE\CALCARIO\14977.pdf | inicio de extracao
2026-09-23 12:44:47 | INFO     | 03_NOTAS_FISCAIS\NF_FERTILIZANTE\CALCARIO\14977.pdf | origem=ocr itens=154
2026-09-23 12:44:47 | INFO     | 03_NOTAS_FISCAIS\NF_FERTILIZANTE\CALCARIO\14977.pdf | chave=51230101043306000198550010000149771073748675 DV_valido=True
2026-09-23 12:44:47 | DEBUG    | campos: rotulo 'DADOS DO PRODUTO' nao encontrado
2026-09-23 12:44:47 | WARNING  | produtos: regiao de produtos invalida (e1=False e2=True ini_y=None fin_y=2775.355224609375)
2026-09-23 12:44:47 | WARNING  | 03_NOTAS_FISCAIS\NF_FERTILIZANTE\CALCARIO\14977.pdf | extracao PARCIAL -> campos nucleares ausentes: data_emissao, valor_da_nota, destinatario.nome, destinatario.cnpj_cpf
2026-09-23 12:44:47 | INFO     | 03_NOTAS_FISCAIS\NF_FERTILIZANTE\CALCARIO\14977.pdf | produtos=0 status=parcial
2026-09-23 12:44:47 | INFO     | pipeline | 03_NOTAS_FISCAIS\NF_FERTILIZANTE\CALCARIO\14977.pdf | chave 51230101043306000198550010000149771073748675 INSERTADA
2026-09-23 12:44:47 | INFO     | pipeline | [189/226] processando 03_NOTAS_FISCAIS\NF_FERTILIZANTE\CALCARIO\14978.pdf
2026-09-23 12:44:47 | INFO     | 03_NOTAS_FISCAIS\NF_FERTILIZANTE\CALCARIO\14978.pdf | inicio de extracao
2026-09-23 12:44:52 | INFO     | 03_NOTAS_FISCAIS\NF_FERTILIZANTE\CALCARIO\14978.pdf | origem=ocr itens=149
2026-09-23 12:44:52 | INFO     | 03_NOTAS_FISCAIS\NF_FERTILIZANTE\CALCARIO\14978.pdf | chave=51230101043306000198550010000149781401716313 DV_valido=True
2026-09-23 12:44:52 | DEBUG    | campos: rotulo 'DADOS DO PRODUTO' nao encontrado
2026-09-23 12:44:52 | WARNING  | produtos: regiao de produtos invalida (e1=False e2=True ini_y=None fin_y=2819.504638671875)
2026-09-23 12:44:52 | WARNING  | 03_NOTAS_FISCAIS\NF_FERTILIZANTE\CALCARIO\14978.pdf | extracao PARCIAL -> campos nucleares ausentes: data_emissao, valor_da_nota, destinatario.nome, destinatario.cnpj_cpf
2026-09-23 12:44:52 | INFO     | 03_NOTAS_FISCAIS\NF_FERTILIZANTE\CALCARIO\14978.pdf | produtos=0 status=parcial
2026-09-23 12:44:52 | INFO     | pipeline | 03_NOTAS_FISCAIS\NF_FERTILIZANTE\CALCARIO\14978.pdf | chave 51230101043306000198550010000149781401716313 INSERTADA
2026-09-23 12:44:52 | INFO     | pipeline | [190/226] processando 03_NOTAS_FISCAIS\NF_FERTILIZANTE\CALCARIO\14979.pdf
2026-09-23 12:44:52 | INFO     | 03_NOTAS_FISCAIS\NF_FERTILIZANTE\CALCARIO\14979.pdf | inicio de extracao
2026-09-23 12:44:56 | INFO     | 03_NOTAS_FISCAIS\NF_FERTILIZANTE\CALCARIO\14979.pdf | origem=ocr itens=154
2026-09-23 12:44:56 | INFO     | 03_NOTAS_FISCAIS\NF_FERTILIZANTE\CALCARIO\14979.pdf | chave=51230101043306000198550010000149791677122814 DV_valido=True
2026-09-23 12:44:56 | DEBUG    | campos: rotulo 'DADOS DO PRODUTO' nao encontrado
2026-09-23 12:44:56 | WARNING  | produtos: regiao de produtos invalida (e1=False e2=True ini_y=None fin_y=2824.6988525390625)
2026-09-23 12:44:56 | WARNING  | 03_NOTAS_FISCAIS\NF_FERTILIZANTE\CALCARIO\14979.pdf | extracao PARCIAL -> campos nucleares ausentes: data_emissao, valor_da_nota, destinatario.nome, destinatario.cnpj_cpf
2026-09-23 12:44:56 | INFO     | 03_NOTAS_FISCAIS\NF_FERTILIZANTE\CALCARIO\14979.pdf | produtos=0 status=parcial
2026-09-23 12:44:56 | INFO     | pipeline | 03_NOTAS_FISCAIS\NF_FERTILIZANTE\CALCARIO\14979.pdf | chave 51230101043306000198550010000149791677122814 INSERTADA
2026-09-23 12:44:56 | INFO     | pipeline | [191/226] processando 03_NOTAS_FISCAIS\NF_FERTILIZANTE\CALCARIO\14980.pdf
2026-09-23 12:44:56 | INFO     | 03_NOTAS_FISCAIS\NF_FERTILIZANTE\CALCARIO\14980.pdf | inicio de extracao
2026-09-23 12:45:00 | INFO     | 03_NOTAS_FISCAIS\NF_FERTILIZANTE\CALCARIO\14980.pdf | origem=ocr itens=153
2026-09-23 12:45:00 | INFO     | 03_NOTAS_FISCAIS\NF_FERTILIZANTE\CALCARIO\14980.pdf | chave=51230101043306000198550010000149801902087503 DV_valido=True
2026-09-23 12:45:01 | DEBUG    | campos: rotulo 'DADOS DO PRODUTO' nao encontrado
2026-09-23 12:45:01 | WARNING  | produtos: regiao de produtos invalida (e1=False e2=True ini_y=None fin_y=2838.549560546875)
2026-09-23 12:45:01 | WARNING  | 03_NOTAS_FISCAIS\NF_FERTILIZANTE\CALCARIO\14980.pdf | extracao PARCIAL -> campos nucleares ausentes: data_emissao, valor_da_nota, destinatario.nome, destinatario.cnpj_cpf
2026-09-23 12:45:01 | INFO     | 03_NOTAS_FISCAIS\NF_FERTILIZANTE\CALCARIO\14980.pdf | produtos=0 status=parcial
2026-09-23 12:45:01 | INFO     | pipeline | 03_NOTAS_FISCAIS\NF_FERTILIZANTE\CALCARIO\14980.pdf | chave 51230101043306000198550010000149801902087503 INSERTADA
2026-09-23 12:45:01 | INFO     | pipeline | [192/226] processando 03_NOTAS_FISCAIS\NF_FERTILIZANTE\CALCARIO\14984.pdf
2026-09-23 12:45:01 | INFO     | 03_NOTAS_FISCAIS\NF_FERTILIZANTE\CALCARIO\14984.pdf | inicio de extracao
2026-09-23 12:45:05 | INFO     | 03_NOTAS_FISCAIS\NF_FERTILIZANTE\CALCARIO\14984.pdf | origem=ocr itens=152
2026-09-23 12:45:05 | INFO     | 03_NOTAS_FISCAIS\NF_FERTILIZANTE\CALCARIO\14984.pdf | chave=60051230101043306000198550010000149841587109 DV_valido=True
2026-09-23 12:45:05 | DEBUG    | campos: rotulo 'DADOS DO PRODUTO' nao encontrado
2026-09-23 12:45:05 | WARNING  | produtos: regiao de produtos invalida (e1=False e2=True ini_y=None fin_y=2824.69873046875)
2026-09-23 12:45:05 | WARNING  | 03_NOTAS_FISCAIS\NF_FERTILIZANTE\CALCARIO\14984.pdf | extracao PARCIAL -> campos nucleares ausentes: data_emissao, valor_da_nota, destinatario.nome, destinatario.cnpj_cpf
2026-09-23 12:45:05 | INFO     | 03_NOTAS_FISCAIS\NF_FERTILIZANTE\CALCARIO\14984.pdf | produtos=0 status=parcial
2026-09-23 12:45:05 | INFO     | pipeline | 03_NOTAS_FISCAIS\NF_FERTILIZANTE\CALCARIO\14984.pdf | chave 60051230101043306000198550010000149841587109 INSERTADA
2026-09-23 12:45:05 | INFO     | pipeline | [193/226] processando 03_NOTAS_FISCAIS\NF_FERTILIZANTE\CALCARIO\14985.pdf
2026-09-23 12:45:05 | INFO     | 03_NOTAS_FISCAIS\NF_FERTILIZANTE\CALCARIO\14985.pdf | inicio de extracao
2026-09-23 12:45:09 | INFO     | 03_NOTAS_FISCAIS\NF_FERTILIZANTE\CALCARIO\14985.pdf | origem=ocr itens=152
2026-09-23 12:45:09 | INFO     | 03_NOTAS_FISCAIS\NF_FERTILIZANTE\CALCARIO\14985.pdf | chave=51230101043306000198550010000149851253821119 DV_valido=True
2026-09-23 12:45:09 | DEBUG    | campos: rotulo 'DADOS DO PRODUTO' nao encontrado
2026-09-23 12:45:09 | WARNING  | produtos: regiao de produtos invalida (e1=False e2=True ini_y=None fin_y=2817.7734375)
2026-09-23 12:45:09 | WARNING  | 03_NOTAS_FISCAIS\NF_FERTILIZANTE\CALCARIO\14985.pdf | extracao PARCIAL -> campos nucleares ausentes: data_emissao, valor_da_nota, destinatario.nome, destinatario.cnpj_cpf
2026-09-23 12:45:09 | INFO     | 03_NOTAS_FISCAIS\NF_FERTILIZANTE\CALCARIO\14985.pdf | produtos=0 status=parcial
2026-09-23 12:45:09 | INFO     | pipeline | 03_NOTAS_FISCAIS\NF_FERTILIZANTE\CALCARIO\14985.pdf | chave 51230101043306000198550010000149851253821119 INSERTADA
2026-09-23 12:45:09 | INFO     | pipeline | [194/226] processando 03_NOTAS_FISCAIS\NF_FERTILIZANTE\CALCARIO\14986.pdf
2026-09-23 12:45:09 | INFO     | 03_NOTAS_FISCAIS\NF_FERTILIZANTE\CALCARIO\14986.pdf | inicio de extracao
2026-09-23 12:45:13 | INFO     | 03_NOTAS_FISCAIS\NF_FERTILIZANTE\CALCARIO\14986.pdf | origem=ocr itens=150
2026-09-23 12:45:13 | INFO     | 03_NOTAS_FISCAIS\NF_FERTILIZANTE\CALCARIO\14986.pdf | chave=51230101043306000198550010000149861930109579 DV_valido=True
2026-09-23 12:45:13 | DEBUG    | campos: rotulo 'DADOS DO PRODUTO' nao encontrado
2026-09-23 12:45:13 | WARNING  | produtos: regiao de produtos invalida (e1=False e2=True ini_y=None fin_y=2810.8480224609375)
2026-09-23 12:45:13 | WARNING  | 03_NOTAS_FISCAIS\NF_FERTILIZANTE\CALCARIO\14986.pdf | extracao PARCIAL -> campos nucleares ausentes: data_emissao, valor_da_nota, destinatario.nome, destinatario.cnpj_cpf
2026-09-23 12:45:13 | INFO     | 03_NOTAS_FISCAIS\NF_FERTILIZANTE\CALCARIO\14986.pdf | produtos=0 status=parcial
2026-09-23 12:45:13 | INFO     | pipeline | 03_NOTAS_FISCAIS\NF_FERTILIZANTE\CALCARIO\14986.pdf | chave 51230101043306000198550010000149861930109579 INSERTADA
2026-09-23 12:45:13 | INFO     | pipeline | [195/226] processando 03_NOTAS_FISCAIS\NF_FERTILIZANTE\CALCARIO\14987.pdf
2026-09-23 12:45:13 | INFO     | 03_NOTAS_FISCAIS\NF_FERTILIZANTE\CALCARIO\14987.pdf | inicio de extracao
2026-09-23 12:45:16 | INFO     | 03_NOTAS_FISCAIS\NF_FERTILIZANTE\CALCARIO\14987.pdf | origem=ocr itens=146
2026-09-23 12:45:16 | INFO     | 03_NOTAS_FISCAIS\NF_FERTILIZANTE\CALCARIO\14987.pdf | chave=51230101043306000198550010000149871445523420 DV_valido=True
2026-09-23 12:45:16 | DEBUG    | campos: rotulo 'DADOS DO PRODUTO' nao encontrado
2026-09-23 12:45:16 | WARNING  | produtos: regiao de produtos invalida (e1=False e2=True ini_y=None fin_y=2814.310791015625)
2026-09-23 12:45:16 | WARNING  | 03_NOTAS_FISCAIS\NF_FERTILIZANTE\CALCARIO\14987.pdf | extracao PARCIAL -> campos nucleares ausentes: data_emissao, valor_da_nota, destinatario.nome, destinatario.cnpj_cpf
2026-09-23 12:45:16 | INFO     | 03_NOTAS_FISCAIS\NF_FERTILIZANTE\CALCARIO\14987.pdf | produtos=0 status=parcial
2026-09-23 12:45:16 | INFO     | pipeline | 03_NOTAS_FISCAIS\NF_FERTILIZANTE\CALCARIO\14987.pdf | chave 51230101043306000198550010000149871445523420 INSERTADA
2026-09-23 12:45:16 | INFO     | pipeline | [196/226] processando 03_NOTAS_FISCAIS\NF_FERTILIZANTE\CALCARIO\14990.pdf
2026-09-23 12:45:16 | INFO     | 03_NOTAS_FISCAIS\NF_FERTILIZANTE\CALCARIO\14990.pdf | inicio de extracao
2026-09-23 12:45:20 | INFO     | 03_NOTAS_FISCAIS\NF_FERTILIZANTE\CALCARIO\14990.pdf | origem=ocr itens=153
2026-09-23 12:45:20 | INFO     | 03_NOTAS_FISCAIS\NF_FERTILIZANTE\CALCARIO\14990.pdf | chave=51230101043306000198550010000149901039194117 DV_valido=True
2026-09-23 12:45:20 | DEBUG    | campos: rotulo 'DADOS DO PRODUTO' nao encontrado
2026-09-23 12:45:20 | WARNING  | produtos: regiao de produtos invalida (e1=False e2=True ini_y=None fin_y=2759.7730712890625)
2026-09-23 12:45:20 | WARNING  | 03_NOTAS_FISCAIS\NF_FERTILIZANTE\CALCARIO\14990.pdf | extracao PARCIAL -> campos nucleares ausentes: data_emissao, valor_da_nota, destinatario.nome, destinatario.cnpj_cpf
2026-09-23 12:45:20 | INFO     | 03_NOTAS_FISCAIS\NF_FERTILIZANTE\CALCARIO\14990.pdf | produtos=0 status=parcial
2026-09-23 12:45:20 | INFO     | pipeline | 03_NOTAS_FISCAIS\NF_FERTILIZANTE\CALCARIO\14990.pdf | chave 51230101043306000198550010000149901039194117 INSERTADA
2026-09-23 12:45:20 | INFO     | pipeline | [197/226] processando 03_NOTAS_FISCAIS\NF_FERTILIZANTE\CALCARIO\14992.pdf
2026-09-23 12:45:20 | INFO     | 03_NOTAS_FISCAIS\NF_FERTILIZANTE\CALCARIO\14992.pdf | inicio de extracao
2026-09-23 12:45:24 | INFO     | 03_NOTAS_FISCAIS\NF_FERTILIZANTE\CALCARIO\14992.pdf | origem=ocr itens=150
2026-09-23 12:45:24 | INFO     | 03_NOTAS_FISCAIS\NF_FERTILIZANTE\CALCARIO\14992.pdf | chave=01512301010433060001985500100001499216317632 DV_valido=True
2026-09-23 12:45:24 | DEBUG    | campos: rotulo 'DADOS DO PRODUTO' nao encontrado
2026-09-23 12:45:24 | WARNING  | produtos: regiao de produtos invalida (e1=False e2=True ini_y=None fin_y=2841.1466064453125)
2026-09-23 12:45:24 | WARNING  | 03_NOTAS_FISCAIS\NF_FERTILIZANTE\CALCARIO\14992.pdf | extracao PARCIAL -> campos nucleares ausentes: data_emissao, valor_da_nota, destinatario.nome, destinatario.cnpj_cpf
2026-09-23 12:45:24 | INFO     | 03_NOTAS_FISCAIS\NF_FERTILIZANTE\CALCARIO\14992.pdf | produtos=0 status=parcial
2026-09-23 12:45:24 | INFO     | pipeline | 03_NOTAS_FISCAIS\NF_FERTILIZANTE\CALCARIO\14992.pdf | chave 01512301010433060001985500100001499216317632 INSERTADA
2026-09-23 12:45:24 | INFO     | pipeline | [198/226] processando 03_NOTAS_FISCAIS\NF_FERTILIZANTE\CALCARIO\14993.pdf
2026-09-23 12:45:24 | INFO     | 03_NOTAS_FISCAIS\NF_FERTILIZANTE\CALCARIO\14993.pdf | inicio de extracao
2026-09-23 12:45:28 | INFO     | 03_NOTAS_FISCAIS\NF_FERTILIZANTE\CALCARIO\14993.pdf | origem=ocr itens=154
2026-09-23 12:45:28 | INFO     | 03_NOTAS_FISCAIS\NF_FERTILIZANTE\CALCARIO\14993.pdf | chave=11512301010433060001985500100001499317862080 DV_valido=True
2026-09-23 12:45:28 | DEBUG    | campos: rotulo 'DADOS DO PRODUTO' nao encontrado
2026-09-23 12:45:28 | WARNING  | produtos: regiao de produtos invalida (e1=False e2=True ini_y=None fin_y=2822.101806640625)
2026-09-23 12:45:28 | WARNING  | 03_NOTAS_FISCAIS\NF_FERTILIZANTE\CALCARIO\14993.pdf | extracao PARCIAL -> campos nucleares ausentes: data_emissao, valor_da_nota, destinatario.nome, destinatario.cnpj_cpf
2026-09-23 12:45:28 | INFO     | 03_NOTAS_FISCAIS\NF_FERTILIZANTE\CALCARIO\14993.pdf | produtos=0 status=parcial
2026-09-23 12:45:28 | INFO     | pipeline | 03_NOTAS_FISCAIS\NF_FERTILIZANTE\CALCARIO\14993.pdf | chave 11512301010433060001985500100001499317862080 INSERTADA
2026-09-23 12:45:28 | INFO     | pipeline | [199/226] processando 03_NOTAS_FISCAIS\NF_FERTILIZANTE\CALCARIO\14994.pdf
2026-09-23 12:45:28 | INFO     | 03_NOTAS_FISCAIS\NF_FERTILIZANTE\CALCARIO\14994.pdf | inicio de extracao
2026-09-23 12:45:32 | INFO     | 03_NOTAS_FISCAIS\NF_FERTILIZANTE\CALCARIO\14994.pdf | origem=ocr itens=151
2026-09-23 12:45:32 | INFO     | 03_NOTAS_FISCAIS\NF_FERTILIZANTE\CALCARIO\14994.pdf | chave=51230101043306000198550010000149941645256005 DV_valido=True
2026-09-23 12:45:32 | DEBUG    | campos: rotulo 'DADOS DO PRODUTO' nao encontrado
2026-09-23 12:45:32 | WARNING  | produtos: regiao de produtos invalida (e1=False e2=True ini_y=None fin_y=2828.1614990234375)
2026-09-23 12:45:32 | WARNING  | 03_NOTAS_FISCAIS\NF_FERTILIZANTE\CALCARIO\14994.pdf | extracao PARCIAL -> campos nucleares ausentes: data_emissao, valor_da_nota, destinatario.nome, destinatario.cnpj_cpf
2026-09-23 12:45:32 | INFO     | 03_NOTAS_FISCAIS\NF_FERTILIZANTE\CALCARIO\14994.pdf | produtos=0 status=parcial
2026-09-23 12:45:32 | INFO     | pipeline | 03_NOTAS_FISCAIS\NF_FERTILIZANTE\CALCARIO\14994.pdf | chave 51230101043306000198550010000149941645256005 INSERTADA
2026-09-23 12:45:32 | INFO     | pipeline | [200/226] processando 03_NOTAS_FISCAIS\NF_FERTILIZANTE\CALCARIO\15001.pdf
2026-09-23 12:45:32 | INFO     | 03_NOTAS_FISCAIS\NF_FERTILIZANTE\CALCARIO\15001.pdf | inicio de extracao
2026-09-23 12:45:36 | INFO     | 03_NOTAS_FISCAIS\NF_FERTILIZANTE\CALCARIO\15001.pdf | origem=ocr itens=150
2026-09-23 12:45:36 | INFO     | 03_NOTAS_FISCAIS\NF_FERTILIZANTE\CALCARIO\15001.pdf | chave=66341186005123010104330600019855001000015001 DV_valido=True
2026-09-23 12:45:36 | DEBUG    | campos: rotulo 'DADOS DO PRODUTO' nao encontrado
2026-09-23 12:45:36 | WARNING  | produtos: regiao de produtos invalida (e1=False e2=True ini_y=None fin_y=2841.1466064453125)
2026-09-23 12:45:36 | WARNING  | 03_NOTAS_FISCAIS\NF_FERTILIZANTE\CALCARIO\15001.pdf | extracao PARCIAL -> campos nucleares ausentes: data_emissao, valor_da_nota, destinatario.nome, destinatario.cnpj_cpf
2026-09-23 12:45:36 | INFO     | 03_NOTAS_FISCAIS\NF_FERTILIZANTE\CALCARIO\15001.pdf | produtos=0 status=parcial
2026-09-23 12:45:36 | INFO     | pipeline | 03_NOTAS_FISCAIS\NF_FERTILIZANTE\CALCARIO\15001.pdf | chave 66341186005123010104330600019855001000015001 INSERTADA
2026-09-23 12:45:36 | INFO     | pipeline | [201/226] processando 03_NOTAS_FISCAIS\NF_FERTILIZANTE\KCL\2197.pdf
2026-09-23 12:45:36 | INFO     | 03_NOTAS_FISCAIS\NF_FERTILIZANTE\KCL\2197.pdf | inicio de extracao
2026-09-23 12:45:41 | INFO     | 03_NOTAS_FISCAIS\NF_FERTILIZANTE\KCL\2197.pdf | origem=ocr itens=154
2026-09-23 12:45:41 | INFO     | 03_NOTAS_FISCAIS\NF_FERTILIZANTE\KCL\2197.pdf | chave=51220802003402007935550180000021971007572973 DV_valido=True
2026-09-23 12:45:41 | WARNING  | produtos: cabecalho da tabela NAO encontrado (regiao y=1415..2480 p1, itens=18)
2026-09-23 12:45:41 | INFO     | produtos: total combinado (paginas) = 0
2026-09-23 12:45:41 | WARNING  | 03_NOTAS_FISCAIS\NF_FERTILIZANTE\KCL\2197.pdf | extracao PARCIAL -> campos nucleares ausentes: valor_da_nota, destinatario.nome, destinatario.cnpj_cpf
2026-09-23 12:45:41 | INFO     | 03_NOTAS_FISCAIS\NF_FERTILIZANTE\KCL\2197.pdf | produtos=0 status=parcial
2026-09-23 12:45:41 | INFO     | pipeline | 03_NOTAS_FISCAIS\NF_FERTILIZANTE\KCL\2197.pdf | chave 51220802003402007935550180000021971007572973 INSERTADA
2026-09-23 12:45:41 | INFO     | pipeline | [202/226] processando 03_NOTAS_FISCAIS\NF_FERTILIZANTE\KCL\2198.pdf
2026-09-23 12:45:41 | INFO     | 03_NOTAS_FISCAIS\NF_FERTILIZANTE\KCL\2198.pdf | inicio de extracao
2026-09-23 12:45:45 | INFO     | 03_NOTAS_FISCAIS\NF_FERTILIZANTE\KCL\2198.pdf | origem=ocr itens=156
2026-09-23 12:45:45 | INFO     | 03_NOTAS_FISCAIS\NF_FERTILIZANTE\KCL\2198.pdf | chave=51220802003402007935550180000021981007573071 DV_valido=True
2026-09-23 12:45:45 | WARNING  | produtos: cabecalho da tabela NAO encontrado (regiao y=1406..2466 p1, itens=19)
2026-09-23 12:45:45 | INFO     | produtos: total combinado (paginas) = 0
2026-09-23 12:45:45 | WARNING  | 03_NOTAS_FISCAIS\NF_FERTILIZANTE\KCL\2198.pdf | extracao PARCIAL -> campos nucleares ausentes: valor_da_nota, destinatario.nome, destinatario.cnpj_cpf
2026-09-23 12:45:45 | INFO     | 03_NOTAS_FISCAIS\NF_FERTILIZANTE\KCL\2198.pdf | produtos=0 status=parcial
2026-09-23 12:45:45 | INFO     | pipeline | 03_NOTAS_FISCAIS\NF_FERTILIZANTE\KCL\2198.pdf | chave 51220802003402007935550180000021981007573071 INSERTADA
2026-09-23 12:45:45 | INFO     | pipeline | [203/226] processando 03_NOTAS_FISCAIS\NF_FERTILIZANTE\KCL\2199.pdf
2026-09-23 12:45:45 | INFO     | 03_NOTAS_FISCAIS\NF_FERTILIZANTE\KCL\2199.pdf | inicio de extracao
2026-09-23 12:45:51 | INFO     | 03_NOTAS_FISCAIS\NF_FERTILIZANTE\KCL\2199.pdf | origem=ocr itens=153
2026-09-23 12:45:51 | INFO     | 03_NOTAS_FISCAIS\NF_FERTILIZANTE\KCL\2199.pdf | chave=01512208020034020079355501800000219910075736 DV_valido=True
2026-09-23 12:45:51 | WARNING  | produtos: cabecalho da tabela NAO encontrado (regiao y=1420..2482 p1, itens=21)
2026-09-23 12:45:51 | INFO     | produtos: total combinado (paginas) = 0
2026-09-23 12:45:51 | WARNING  | 03_NOTAS_FISCAIS\NF_FERTILIZANTE\KCL\2199.pdf | extracao PARCIAL -> campos nucleares ausentes: valor_da_nota, destinatario.nome, destinatario.cnpj_cpf
2026-09-23 12:45:51 | INFO     | 03_NOTAS_FISCAIS\NF_FERTILIZANTE\KCL\2199.pdf | produtos=0 status=parcial
2026-09-23 12:45:51 | INFO     | pipeline | 03_NOTAS_FISCAIS\NF_FERTILIZANTE\KCL\2199.pdf | chave 01512208020034020079355501800000219910075736 INSERTADA
2026-09-23 12:45:51 | INFO     | pipeline | [204/226] processando 03_NOTAS_FISCAIS\NF_FERTILIZANTE\KCL\2237.pdf
2026-09-23 12:45:51 | INFO     | 03_NOTAS_FISCAIS\NF_FERTILIZANTE\KCL\2237.pdf | inicio de extracao
2026-09-23 12:45:56 | INFO     | 03_NOTAS_FISCAIS\NF_FERTILIZANTE\KCL\2237.pdf | origem=ocr itens=172
2026-09-23 12:45:56 | INFO     | 03_NOTAS_FISCAIS\NF_FERTILIZANTE\KCL\2237.pdf | chave=51220802003402007935550180000022371007578812 DV_valido=True
2026-09-23 12:45:56 | WARNING  | produtos: cabecalho da tabela NAO encontrado (regiao y=1774..2838 p1, itens=25)
2026-09-23 12:45:56 | INFO     | produtos: total combinado (paginas) = 0
2026-09-23 12:45:56 | WARNING  | 03_NOTAS_FISCAIS\NF_FERTILIZANTE\KCL\2237.pdf | extracao PARCIAL -> campos nucleares ausentes: valor_da_nota, destinatario.cnpj_cpf
2026-09-23 12:45:56 | INFO     | 03_NOTAS_FISCAIS\NF_FERTILIZANTE\KCL\2237.pdf | produtos=0 status=parcial
2026-09-23 12:45:56 | INFO     | pipeline | 03_NOTAS_FISCAIS\NF_FERTILIZANTE\KCL\2237.pdf | chave 51220802003402007935550180000022371007578812 INSERTADA
2026-09-23 12:45:56 | INFO     | pipeline | [205/226] processando 03_NOTAS_FISCAIS\NF_FERTILIZANTE\KCL\2280.pdf
2026-09-23 12:45:56 | INFO     | 03_NOTAS_FISCAIS\NF_FERTILIZANTE\KCL\2280.pdf | inicio de extracao
2026-09-23 12:46:01 | INFO     | 03_NOTAS_FISCAIS\NF_FERTILIZANTE\KCL\2280.pdf | origem=ocr itens=159
2026-09-23 12:46:01 | INFO     | 03_NOTAS_FISCAIS\NF_FERTILIZANTE\KCL\2280.pdf | chave=51220802003402007935550180000022801007584759 DV_valido=True
2026-09-23 12:46:01 | WARNING  | produtos: cabecalho da tabela NAO encontrado (regiao y=1434..2499 p1, itens=22)
2026-09-23 12:46:01 | INFO     | produtos: total combinado (paginas) = 0
2026-09-23 12:46:01 | WARNING  | 03_NOTAS_FISCAIS\NF_FERTILIZANTE\KCL\2280.pdf | extracao PARCIAL -> campos nucleares ausentes: valor_da_nota, destinatario.nome, destinatario.cnpj_cpf
2026-09-23 12:46:01 | INFO     | 03_NOTAS_FISCAIS\NF_FERTILIZANTE\KCL\2280.pdf | produtos=0 status=parcial
2026-09-23 12:46:01 | INFO     | pipeline | 03_NOTAS_FISCAIS\NF_FERTILIZANTE\KCL\2280.pdf | chave 51220802003402007935550180000022801007584759 INSERTADA
2026-09-23 12:46:01 | INFO     | pipeline | [206/226] processando 03_NOTAS_FISCAIS\NF_FERTILIZANTE\KCL\2281.pdf
2026-09-23 12:46:01 | INFO     | 03_NOTAS_FISCAIS\NF_FERTILIZANTE\KCL\2281.pdf | inicio de extracao
2026-09-23 12:46:08 | INFO     | 03_NOTAS_FISCAIS\NF_FERTILIZANTE\KCL\2281.pdf | origem=ocr itens=156
2026-09-23 12:46:08 | INFO     | 03_NOTAS_FISCAIS\NF_FERTILIZANTE\KCL\2281.pdf | chave=51220802003402007935550180000022811007584780 DV_valido=True
2026-09-23 12:46:08 | WARNING  | produtos: cabecalho da tabela NAO encontrado (regiao y=1422..2484 p1, itens=22)
2026-09-23 12:46:08 | INFO     | produtos: total combinado (paginas) = 0
2026-09-23 12:46:08 | WARNING  | 03_NOTAS_FISCAIS\NF_FERTILIZANTE\KCL\2281.pdf | extracao PARCIAL -> campos nucleares ausentes: valor_da_nota, destinatario.nome, destinatario.cnpj_cpf
2026-09-23 12:46:08 | INFO     | 03_NOTAS_FISCAIS\NF_FERTILIZANTE\KCL\2281.pdf | produtos=0 status=parcial
2026-09-23 12:46:08 | INFO     | pipeline | 03_NOTAS_FISCAIS\NF_FERTILIZANTE\KCL\2281.pdf | chave 51220802003402007935550180000022811007584780 INSERTADA
2026-09-23 12:46:08 | INFO     | pipeline | [207/226] processando 03_NOTAS_FISCAIS\NF_FERTILIZANTE\KCL\2352.pdf
2026-09-23 12:46:08 | INFO     | 03_NOTAS_FISCAIS\NF_FERTILIZANTE\KCL\2352.pdf | inicio de extracao
2026-09-23 12:46:12 | INFO     | 03_NOTAS_FISCAIS\NF_FERTILIZANTE\KCL\2352.pdf | origem=ocr itens=157
2026-09-23 12:46:12 | INFO     | 03_NOTAS_FISCAIS\NF_FERTILIZANTE\KCL\2352.pdf | chave=01512208020034020079355501800000235210075999 DV_valido=True
2026-09-23 12:46:12 | WARNING  | produtos: cabecalho da tabela NAO encontrado (regiao y=1422..2482 p1, itens=23)
2026-09-23 12:46:12 | INFO     | produtos: total combinado (paginas) = 0
2026-09-23 12:46:12 | WARNING  | 03_NOTAS_FISCAIS\NF_FERTILIZANTE\KCL\2352.pdf | extracao PARCIAL -> campos nucleares ausentes: valor_da_nota, destinatario.nome, destinatario.cnpj_cpf
2026-09-23 12:46:12 | INFO     | 03_NOTAS_FISCAIS\NF_FERTILIZANTE\KCL\2352.pdf | produtos=0 status=parcial
2026-09-23 12:46:12 | INFO     | pipeline | 03_NOTAS_FISCAIS\NF_FERTILIZANTE\KCL\2352.pdf | chave 01512208020034020079355501800000235210075999 INSERTADA
2026-09-23 12:46:12 | INFO     | pipeline | [208/226] processando 03_NOTAS_FISCAIS\NF_FERTILIZANTE\KCL\2369.pdf
2026-09-23 12:46:12 | INFO     | 03_NOTAS_FISCAIS\NF_FERTILIZANTE\KCL\2369.pdf | inicio de extracao
2026-09-23 12:46:17 | INFO     | 03_NOTAS_FISCAIS\NF_FERTILIZANTE\KCL\2369.pdf | origem=ocr itens=157
2026-09-23 12:46:17 | INFO     | 03_NOTAS_FISCAIS\NF_FERTILIZANTE\KCL\2369.pdf | chave=01512208020034020079355501800000236910076058 DV_valido=True
2026-09-23 12:46:17 | WARNING  | produtos: cabecalho da tabela NAO encontrado (regiao y=1385..2443 p1, itens=23)
2026-09-23 12:46:17 | INFO     | produtos: total combinado (paginas) = 0
2026-09-23 12:46:17 | WARNING  | 03_NOTAS_FISCAIS\NF_FERTILIZANTE\KCL\2369.pdf | extracao PARCIAL -> campos nucleares ausentes: valor_da_nota, destinatario.nome, destinatario.cnpj_cpf
2026-09-23 12:46:17 | INFO     | 03_NOTAS_FISCAIS\NF_FERTILIZANTE\KCL\2369.pdf | produtos=0 status=parcial
2026-09-23 12:46:17 | INFO     | pipeline | 03_NOTAS_FISCAIS\NF_FERTILIZANTE\KCL\2369.pdf | chave 01512208020034020079355501800000236910076058 INSERTADA
2026-09-23 12:46:17 | INFO     | pipeline | [209/226] processando 03_NOTAS_FISCAIS\NF_FERTILIZANTE\KCL\2468.pdf
2026-09-23 12:46:17 | INFO     | 03_NOTAS_FISCAIS\NF_FERTILIZANTE\KCL\2468.pdf | inicio de extracao
2026-09-23 12:46:22 | INFO     | 03_NOTAS_FISCAIS\NF_FERTILIZANTE\KCL\2468.pdf | origem=ocr itens=169
2026-09-23 12:46:22 | INFO     | 03_NOTAS_FISCAIS\NF_FERTILIZANTE\KCL\2468.pdf | chave=51220802003402007935550180000024681007621928 DV_valido=True
2026-09-23 12:46:22 | WARNING  | produtos: cabecalho da tabela NAO encontrado (regiao y=1763..2825 p1, itens=25)
2026-09-23 12:46:22 | INFO     | produtos: total combinado (paginas) = 0
2026-09-23 12:46:22 | WARNING  | 03_NOTAS_FISCAIS\NF_FERTILIZANTE\KCL\2468.pdf | extracao PARCIAL -> campos nucleares ausentes: valor_da_nota
2026-09-23 12:46:22 | INFO     | 03_NOTAS_FISCAIS\NF_FERTILIZANTE\KCL\2468.pdf | produtos=0 status=parcial
2026-09-23 12:46:22 | INFO     | pipeline | 03_NOTAS_FISCAIS\NF_FERTILIZANTE\KCL\2468.pdf | chave 51220802003402007935550180000024681007621928 INSERTADA
2026-09-23 12:46:22 | INFO     | pipeline | [210/226] processando 03_NOTAS_FISCAIS\NF_FERTILIZANTE\KCL\2577.pdf
2026-09-23 12:46:22 | INFO     | 03_NOTAS_FISCAIS\NF_FERTILIZANTE\KCL\2577.pdf | inicio de extracao
2026-09-23 12:46:27 | INFO     | 03_NOTAS_FISCAIS\NF_FERTILIZANTE\KCL\2577.pdf | origem=ocr itens=168
2026-09-23 12:46:27 | INFO     | 03_NOTAS_FISCAIS\NF_FERTILIZANTE\KCL\2577.pdf | chave=51220802003402007935550180000025771007647123 DV_valido=True
2026-09-23 12:46:27 | WARNING  | produtos: cabecalho da tabela NAO encontrado (regiao y=1753..2820 p1, itens=25)
2026-09-23 12:46:27 | INFO     | produtos: total combinado (paginas) = 0
2026-09-23 12:46:27 | WARNING  | 03_NOTAS_FISCAIS\NF_FERTILIZANTE\KCL\2577.pdf | extracao PARCIAL -> campos nucleares ausentes: valor_da_nota
2026-09-23 12:46:27 | INFO     | 03_NOTAS_FISCAIS\NF_FERTILIZANTE\KCL\2577.pdf | produtos=0 status=parcial
2026-09-23 12:46:27 | INFO     | pipeline | 03_NOTAS_FISCAIS\NF_FERTILIZANTE\KCL\2577.pdf | chave 51220802003402007935550180000025771007647123 INSERTADA
2026-09-23 12:46:27 | INFO     | pipeline | [211/226] processando 03_NOTAS_FISCAIS\NF_FERTILIZANTE\KCL\2657.pdf
2026-09-23 12:46:27 | INFO     | 03_NOTAS_FISCAIS\NF_FERTILIZANTE\KCL\2657.pdf | inicio de extracao
2026-09-23 12:46:32 | INFO     | 03_NOTAS_FISCAIS\NF_FERTILIZANTE\KCL\2657.pdf | origem=ocr itens=170
2026-09-23 12:46:32 | INFO     | 03_NOTAS_FISCAIS\NF_FERTILIZANTE\KCL\2657.pdf | chave=51220802003402007935550180000026571007662397 DV_valido=True
2026-09-23 12:46:32 | WARNING  | produtos: cabecalho da tabela NAO encontrado (regiao y=1416..2483 p1, itens=35)
2026-09-23 12:46:32 | INFO     | produtos: total combinado (paginas) = 0
2026-09-23 12:46:32 | WARNING  | 03_NOTAS_FISCAIS\NF_FERTILIZANTE\KCL\2657.pdf | extracao PARCIAL -> campos nucleares ausentes: valor_da_nota, destinatario.nome, destinatario.cnpj_cpf
2026-09-23 12:46:32 | INFO     | 03_NOTAS_FISCAIS\NF_FERTILIZANTE\KCL\2657.pdf | produtos=0 status=parcial
2026-09-23 12:46:32 | INFO     | pipeline | 03_NOTAS_FISCAIS\NF_FERTILIZANTE\KCL\2657.pdf | chave 51220802003402007935550180000026571007662397 INSERTADA
2026-09-23 12:46:32 | INFO     | pipeline | [212/226] processando 03_NOTAS_FISCAIS\NF_FERTILIZANTE\KCL\2663.pdf
2026-09-23 12:46:32 | INFO     | 03_NOTAS_FISCAIS\NF_FERTILIZANTE\KCL\2663.pdf | inicio de extracao
2026-09-23 12:46:38 | INFO     | 03_NOTAS_FISCAIS\NF_FERTILIZANTE\KCL\2663.pdf | origem=ocr itens=157
2026-09-23 12:46:38 | INFO     | 03_NOTAS_FISCAIS\NF_FERTILIZANTE\KCL\2663.pdf | chave=51220802003402007935550180000026631007663471 DV_valido=True
2026-09-23 12:46:38 | WARNING  | produtos: cabecalho da tabela NAO encontrado (regiao y=1403..2462 p1, itens=23)
2026-09-23 12:46:38 | INFO     | produtos: total combinado (paginas) = 0
2026-09-23 12:46:38 | WARNING  | 03_NOTAS_FISCAIS\NF_FERTILIZANTE\KCL\2663.pdf | extracao PARCIAL -> campos nucleares ausentes: valor_da_nota, destinatario.nome, destinatario.cnpj_cpf
2026-09-23 12:46:38 | INFO     | 03_NOTAS_FISCAIS\NF_FERTILIZANTE\KCL\2663.pdf | produtos=0 status=parcial
2026-09-23 12:46:38 | INFO     | pipeline | 03_NOTAS_FISCAIS\NF_FERTILIZANTE\KCL\2663.pdf | chave 51220802003402007935550180000026631007663471 INSERTADA
2026-09-23 12:46:38 | INFO     | pipeline | [213/226] processando 03_NOTAS_FISCAIS\NF_FERTILIZANTE\KCL\8757.pdf
2026-09-23 12:46:38 | INFO     | 03_NOTAS_FISCAIS\NF_FERTILIZANTE\KCL\8757.pdf | inicio de extracao
2026-09-23 12:46:42 | INFO     | 03_NOTAS_FISCAIS\NF_FERTILIZANTE\KCL\8757.pdf | origem=ocr itens=166
2026-09-23 12:46:42 | INFO     | 03_NOTAS_FISCAIS\NF_FERTILIZANTE\KCL\8757.pdf | chave=51220823704333000601550010000087571381749627 DV_valido=True
2026-09-23 12:46:42 | INFO     | produtos: cabecalho detectado pelo criterio '4. CODIGO somente (fallback final)'
2026-09-23 12:46:42 | INFO     | produtos: colunas mapeadas (8): ['valor_ipi', 'valor_total', 'desconto', 'valor_unitario', 'quantidade', 'unidade', 'ncm', 'codigo']
2026-09-23 12:46:42 | INFO     | produtos: 0 item(ns) extraido(s)
2026-09-23 12:46:42 | INFO     | produtos: total combinado (paginas) = 0
2026-09-23 12:46:42 | WARNING  | 03_NOTAS_FISCAIS\NF_FERTILIZANTE\KCL\8757.pdf | extracao PARCIAL -> campos nucleares ausentes: destinatario.nome, destinatario.cnpj_cpf
2026-09-23 12:46:42 | INFO     | 03_NOTAS_FISCAIS\NF_FERTILIZANTE\KCL\8757.pdf | produtos=0 status=parcial
2026-09-23 12:46:42 | INFO     | pipeline | 03_NOTAS_FISCAIS\NF_FERTILIZANTE\KCL\8757.pdf | chave 51220823704333000601550010000087571381749627 INSERTADA
2026-09-23 12:46:42 | INFO     | pipeline | [214/226] processando 03_NOTAS_FISCAIS\NF_FERTILIZANTE\KCL\8805.pdf
2026-09-23 12:46:42 | INFO     | 03_NOTAS_FISCAIS\NF_FERTILIZANTE\KCL\8805.pdf | inicio de extracao
2026-09-23 12:46:47 | INFO     | 03_NOTAS_FISCAIS\NF_FERTILIZANTE\KCL\8805.pdf | origem=ocr itens=171
2026-09-23 12:46:47 | INFO     | 03_NOTAS_FISCAIS\NF_FERTILIZANTE\KCL\8805.pdf | chave=51220823704333000601550010000088051429421382 DV_valido=True
2026-09-23 12:46:47 | DEBUG    | campos: rotulo 'DADOS DO PRODUTO' nao encontrado
2026-09-23 12:46:47 | WARNING  | produtos: regiao de produtos invalida (e1=False e2=True ini_y=None fin_y=2750.2506103515625)
2026-09-23 12:46:47 | WARNING  | 03_NOTAS_FISCAIS\NF_FERTILIZANTE\KCL\8805.pdf | extracao PARCIAL -> campos nucleares ausentes: valor_da_nota, destinatario.nome
2026-09-23 12:46:47 | INFO     | 03_NOTAS_FISCAIS\NF_FERTILIZANTE\KCL\8805.pdf | produtos=0 status=parcial
2026-09-23 12:46:47 | INFO     | pipeline | 03_NOTAS_FISCAIS\NF_FERTILIZANTE\KCL\8805.pdf | chave 51220823704333000601550010000088051429421382 INSERTADA
2026-09-23 12:46:47 | INFO     | pipeline | [215/226] processando 03_NOTAS_FISCAIS\NF_FERTILIZANTE\KCL\8819.pdf
2026-09-23 12:46:47 | INFO     | 03_NOTAS_FISCAIS\NF_FERTILIZANTE\KCL\8819.pdf | inicio de extracao
2026-09-23 12:46:52 | INFO     | 03_NOTAS_FISCAIS\NF_FERTILIZANTE\KCL\8819.pdf | origem=ocr itens=156
2026-09-23 12:46:52 | INFO     | 03_NOTAS_FISCAIS\NF_FERTILIZANTE\KCL\8819.pdf | chave=60203104209062051024800005611875026937000158 DV_valido=True
2026-09-23 12:46:52 | WARNING  | produtos: cabecalho da tabela NAO encontrado (regiao y=1687..2651 p1, itens=22)
2026-09-23 12:46:52 | INFO     | produtos: total combinado (paginas) = 0
2026-09-23 12:46:52 | WARNING  | 03_NOTAS_FISCAIS\NF_FERTILIZANTE\KCL\8819.pdf | extracao PARCIAL -> campos nucleares ausentes: data_emissao, destinatario.nome, destinatario.cnpj_cpf
2026-09-23 12:46:52 | INFO     | 03_NOTAS_FISCAIS\NF_FERTILIZANTE\KCL\8819.pdf | produtos=0 status=parcial
2026-09-23 12:46:52 | INFO     | pipeline | 03_NOTAS_FISCAIS\NF_FERTILIZANTE\KCL\8819.pdf | chave 60203104209062051024800005611875026937000158 INSERTADA
2026-09-23 12:46:52 | INFO     | pipeline | [216/226] processando 03_NOTAS_FISCAIS\NF_FERTILIZANTE\KCL\8844.pdf
2026-09-23 12:46:52 | INFO     | 03_NOTAS_FISCAIS\NF_FERTILIZANTE\KCL\8844.pdf | inicio de extracao
2026-09-23 12:46:57 | INFO     | 03_NOTAS_FISCAIS\NF_FERTILIZANTE\KCL\8844.pdf | origem=ocr itens=166
2026-09-23 12:46:57 | INFO     | 03_NOTAS_FISCAIS\NF_FERTILIZANTE\KCL\8844.pdf | chave=04209062051480000561187502693700015838969269 DV_valido=True
2026-09-23 12:46:57 | WARNING  | produtos: cabecalho da tabela NAO encontrado (regiao y=1779..2761 p1, itens=30)
2026-09-23 12:46:57 | INFO     | produtos: total combinado (paginas) = 0
2026-09-23 12:46:57 | INFO     | 03_NOTAS_FISCAIS\NF_FERTILIZANTE\KCL\8844.pdf | extracao COMPLETA
2026-09-23 12:46:57 | INFO     | 03_NOTAS_FISCAIS\NF_FERTILIZANTE\KCL\8844.pdf | produtos=0 status=completa
2026-09-23 12:46:57 | INFO     | pipeline | 03_NOTAS_FISCAIS\NF_FERTILIZANTE\KCL\8844.pdf | chave 04209062051480000561187502693700015838969269 INSERTADA
2026-09-23 12:46:57 | INFO     | pipeline | [217/226] processando 03_NOTAS_FISCAIS\NF_FERTILIZANTE\KCL\8856.pdf
2026-09-23 12:46:57 | INFO     | 03_NOTAS_FISCAIS\NF_FERTILIZANTE\KCL\8856.pdf | inicio de extracao
2026-09-23 12:47:02 | INFO     | 03_NOTAS_FISCAIS\NF_FERTILIZANTE\KCL\8856.pdf | origem=ocr itens=156
2026-09-23 12:47:02 | INFO     | 03_NOTAS_FISCAIS\NF_FERTILIZANTE\KCL\8856.pdf | chave=51220923704333000601550010000088561331850598 DV_valido=True
2026-09-23 12:47:02 | DEBUG    | campos: rotulo 'DADOS DO PRODUTO' nao encontrado
2026-09-23 12:47:02 | WARNING  | produtos: regiao de produtos invalida (e1=False e2=True ini_y=None fin_y=2764.1015625)
2026-09-23 12:47:02 | WARNING  | 03_NOTAS_FISCAIS\NF_FERTILIZANTE\KCL\8856.pdf | extracao PARCIAL -> campos nucleares ausentes: valor_da_nota, destinatario.nome, destinatario.cnpj_cpf
2026-09-23 12:47:02 | INFO     | 03_NOTAS_FISCAIS\NF_FERTILIZANTE\KCL\8856.pdf | produtos=0 status=parcial
2026-09-23 12:47:02 | INFO     | pipeline | 03_NOTAS_FISCAIS\NF_FERTILIZANTE\KCL\8856.pdf | chave 51220923704333000601550010000088561331850598 INSERTADA
2026-09-23 12:47:02 | INFO     | pipeline | [218/226] processando 03_NOTAS_FISCAIS\NF_FERTILIZANTE\KCL\8857.pdf
2026-09-23 12:47:02 | INFO     | 03_NOTAS_FISCAIS\NF_FERTILIZANTE\KCL\8857.pdf | inicio de extracao
2026-09-23 12:47:06 | INFO     | 03_NOTAS_FISCAIS\NF_FERTILIZANTE\KCL\8857.pdf | origem=ocr itens=155
2026-09-23 12:47:06 | INFO     | 03_NOTAS_FISCAIS\NF_FERTILIZANTE\KCL\8857.pdf | chave=51220923704333000601550010000088571927684458 DV_valido=True
2026-09-23 12:47:06 | INFO     | produtos: cabecalho detectado pelo criterio '3. CODIGO+DESCRICAO (sem CFOP no cab)'
2026-09-23 12:47:06 | INFO     | produtos: colunas mapeadas (12): ['codigo', 'descricao', 'origem_cst', 'ncm', 'unidade', 'quantidade', 'valor_unitario', 'desconto', 'valor_total', 'bc_icms', 'valor_ipi', 'valor_icms']
2026-09-23 12:47:06 | DEBUG    | produtos: novo item -> {'codigo': 'K012', 'descricao': 'CloretodePotassio60%K20-Granulado', 'ncm': '31042090', 'origem_cst': '6/20', 'unidade': '5102 TON', 'quantidade': '48,0000', 'valor_unitario': '5.611,8750', 'valor_total': '269.370,00', 'valor_ipi': 'ICMSIPI'}
2026-09-23 12:47:06 | INFO     | produtos: 1 item(ns) extraido(s)
2026-09-23 12:47:06 | INFO     | produtos: item 1 codigo='K012 DADOSADICIONAIS' descricao='CloretodePotassio60%K20-Granulado viasolo; Obs:FertilizanteMineral Simples,Aplicacao Lote:' ncm='31042090' und='5102 TON' qtde='48,0000' vlr_unit='5.611,8750' vlr_total='269.370,00'
2026-09-23 12:47:06 | INFO     | produtos: total combinado (paginas) = 1
2026-09-23 12:47:06 | WARNING  | 03_NOTAS_FISCAIS\NF_FERTILIZANTE\KCL\8857.pdf | extracao PARCIAL -> campos nucleares ausentes: valor_da_nota, destinatario.nome, destinatario.cnpj_cpf
2026-09-23 12:47:06 | INFO     | 03_NOTAS_FISCAIS\NF_FERTILIZANTE\KCL\8857.pdf | produtos=1 status=parcial
2026-09-23 12:47:06 | INFO     | pipeline | 03_NOTAS_FISCAIS\NF_FERTILIZANTE\KCL\8857.pdf | chave 51220923704333000601550010000088571927684458 INSERTADA
2026-09-23 12:47:06 | INFO     | pipeline | [219/226] processando 03_NOTAS_FISCAIS\NF_FERTILIZANTE\MAP\8643.pdf
2026-09-23 12:47:06 | INFO     | 03_NOTAS_FISCAIS\NF_FERTILIZANTE\MAP\8643.pdf | inicio de extracao
2026-09-23 12:47:11 | INFO     | 03_NOTAS_FISCAIS\NF_FERTILIZANTE\MAP\8643.pdf | origem=ocr itens=171
2026-09-23 12:47:11 | INFO     | 03_NOTAS_FISCAIS\NF_FERTILIZANTE\MAP\8643.pdf | chave=51220723704333000601550010000086431283821809 DV_valido=True
2026-09-23 12:47:11 | INFO     | produtos: cabecalho detectado pelo criterio '1. CODIGO+CFOP+VLR UNIT'
2026-09-23 12:47:11 | INFO     | produtos: colunas mapeadas (13): ['valor_icms', 'bc_icms', 'valor_ipi', 'valor_unitario', 'valor_total', 'desconto', 'unidade', 'quantidade', 'origem_cst', 'cfop', 'ncm', 'codigo', 'descricao']
2026-09-23 12:47:11 | DEBUG    | produtos: novo item -> {'codigo': 'P015', 'descricao': 'FosfatoMonoamonico11%N-52%P205-', 'ncm': '31054000', 'origem_cst': '6/20', 'cfop': '5102', 'unidade': 'TON', 'quantidade': '37,0000', 'valor_unitario': '5.821,0919', 'valor_total': '215.380.40', 'bc_icms': '12.664.37', 'valor_icms': '2.152,94', 'valor_ipi': '0.0017,000.'}
2026-09-23 12:47:11 | DEBUG    | produtos: linha de 'obs' vista; valores nao-descricao aproveitados -> {}
2026-09-23 12:47:11 | DEBUG    | produtos: linha descartada apos obs -> {'descricao': 'VIASOLO;'}
2026-09-23 12:47:11 | DEBUG    | produtos: linha descartada apos obs -> {'descricao': 'Lote:IMP197022-Qtde:37:'}
2026-09-23 12:47:11 | DEBUG    | produtos: linha descartada apos obs -> {'descricao': 'Lote(s):Reg.MAPA:PR0015695 000026.'}
2026-09-23 12:47:11 | DEBUG    | produtos: linha descartada apos obs -> {'codigo': 'DADOSADICIONAIS'}
2026-09-23 12:47:11 | INFO     | produtos: 1 item(ns) extraido(s)
2026-09-23 12:47:11 | INFO     | produtos: item 1 codigo='P015' descricao='FosfatoMonoamonico11%N-52%P205- Granulado' ncm='31054000' und='TON' qtde='37,0000' vlr_unit='5.821,0919' vlr_total='215.380.40'
2026-09-23 12:47:11 | INFO     | produtos: total combinado (paginas) = 1
2026-09-23 12:47:11 | INFO     | 03_NOTAS_FISCAIS\NF_FERTILIZANTE\MAP\8643.pdf | extracao COMPLETA
2026-09-23 12:47:11 | INFO     | 03_NOTAS_FISCAIS\NF_FERTILIZANTE\MAP\8643.pdf | produtos=1 status=completa
2026-09-23 12:47:11 | INFO     | pipeline | 03_NOTAS_FISCAIS\NF_FERTILIZANTE\MAP\8643.pdf | chave 51220723704333000601550010000086431283821809 INSERTADA
2026-09-23 12:47:11 | INFO     | pipeline | [220/226] processando 03_NOTAS_FISCAIS\NF_FERTILIZANTE\MAP\8645.pdf
2026-09-23 12:47:11 | INFO     | 03_NOTAS_FISCAIS\NF_FERTILIZANTE\MAP\8645.pdf | inicio de extracao
2026-09-23 12:47:15 | INFO     | 03_NOTAS_FISCAIS\NF_FERTILIZANTE\MAP\8645.pdf | origem=ocr itens=153
2026-09-23 12:47:15 | INFO     | 03_NOTAS_FISCAIS\NF_FERTILIZANTE\MAP\8645.pdf | chave=51220723704333000601550010000086451309928634 DV_valido=True
2026-09-23 12:47:15 | INFO     | produtos: cabecalho detectado pelo criterio '3. CODIGO+DESCRICAO (sem CFOP no cab)'
2026-09-23 12:47:15 | INFO     | produtos: colunas mapeadas (11): ['codigo', 'aliquota', 'descricao', 'origem_cst', 'ncm', 'valor_unitario', 'desconto', 'valor_total', 'bc_icms', 'valor_icms', 'valor_ipi']
2026-09-23 12:47:15 | DEBUG    | produtos: novo item -> {'codigo': 'P015', 'descricao': 'Granulado FosfatoMonoamonico11%N-52%P205-', 'ncm': '31054000', 'origem_cst': '6/20 5102 TON', 'valor_unitario': '37,0000 5.821.0919', 'valor_total': '215.380.40', 'bc_icms': '12.664.37', 'valor_icms': '2.152.94', 'aliquota': '0.0017,000.00'}
2026-09-23 12:47:15 | DEBUG    | produtos: linha de 'obs' vista; valores nao-descricao aproveitados -> {}
2026-09-23 12:47:15 | DEBUG    | produtos: linha descartada apos obs -> {'descricao': 'VIASOLO.:'}
2026-09-23 12:47:15 | DEBUG    | produtos: linha descartada apos obs -> {'descricao': 'Lote:IMP197022-Qtde:37:'}
2026-09-23 12:47:15 | DEBUG    | produtos: linha descartada apos obs -> {'descricao': 'Lote(s):Reg.MAPA:PR0015695000026.'}
2026-09-23 12:47:15 | DEBUG    | produtos: linha descartada apos obs -> {'codigo': 'DADOSADICIONAIS'}
2026-09-23 12:47:15 | INFO     | produtos: 1 item(ns) extraido(s)
2026-09-23 12:47:15 | INFO     | produtos: item 1 codigo='P015' descricao='Granulado FosfatoMonoamonico11%N-52%P205-' ncm='31054000' und=None qtde=None vlr_unit='37,0000 5.821.0919' vlr_total='215.380.40'
2026-09-23 12:47:15 | INFO     | produtos: total combinado (paginas) = 1
2026-09-23 12:47:15 | WARNING  | 03_NOTAS_FISCAIS\NF_FERTILIZANTE\MAP\8645.pdf | extracao PARCIAL -> campos nucleares ausentes: valor_da_nota, destinatario.nome, destinatario.cnpj_cpf
2026-09-23 12:47:15 | INFO     | 03_NOTAS_FISCAIS\NF_FERTILIZANTE\MAP\8645.pdf | produtos=1 status=parcial
2026-09-23 12:47:15 | INFO     | pipeline | 03_NOTAS_FISCAIS\NF_FERTILIZANTE\MAP\8645.pdf | chave 51220723704333000601550010000086451309928634 INSERTADA
2026-09-23 12:47:15 | INFO     | pipeline | [221/226] processando 03_NOTAS_FISCAIS\NF_FERTILIZANTE\MAP\8646.pdf
2026-09-23 12:47:15 | INFO     | 03_NOTAS_FISCAIS\NF_FERTILIZANTE\MAP\8646.pdf | inicio de extracao
2026-09-23 12:47:19 | INFO     | 03_NOTAS_FISCAIS\NF_FERTILIZANTE\MAP\8646.pdf | origem=ocr itens=156
2026-09-23 12:47:19 | INFO     | 03_NOTAS_FISCAIS\NF_FERTILIZANTE\MAP\8646.pdf | chave=51220723704333000601550010000086461530470545 DV_valido=True
2026-09-23 12:47:19 | INFO     | produtos: cabecalho detectado pelo criterio '2. CODIGO+CFOP'
2026-09-23 12:47:19 | INFO     | produtos: colunas mapeadas (13): ['codigo', 'descricao', 'ncm', 'origem_cst', 'cfop', 'aliquota', 'unidade', 'quantidade', 'desconto', 'valor_total', 'bc_icms', 'valor_icms', 'valor_ipi']
2026-09-23 12:47:19 | DEBUG    | produtos: novo item -> {'codigo': 'P015', 'descricao': 'FosfatoMonoamonico11%N-52%P2O5-', 'ncm': '31054000', 'origem_cst': '6/20', 'cfop': '5102', 'unidade': 'TON', 'quantidade': '37.0000', 'desconto': '5.821,0919', 'valor_total': '215.380.40', 'aliquota': 'ICMSTIPI'}
2026-09-23 12:47:19 | DEBUG    | produtos: linha de 'obs' vista; valores nao-descricao aproveitados -> {}
2026-09-23 12:47:19 | DEBUG    | produtos: linha descartada apos obs -> {'descricao': 'VIASOLO.:'}
2026-09-23 12:47:19 | DEBUG    | produtos: linha descartada apos obs -> {'descricao': 'Lote:IMP197022-QIde:37:'}
2026-09-23 12:47:19 | DEBUG    | produtos: linha descartada apos obs -> {'descricao': 'Lote(s):Reg.MAPA:PR0015695000026.'}
2026-09-23 12:47:19 | DEBUG    | produtos: linha descartada apos obs -> {'codigo': 'DADOSADICIONAIS'}
2026-09-23 12:47:19 | INFO     | produtos: 1 item(ns) extraido(s)
2026-09-23 12:47:19 | INFO     | produtos: item 1 codigo='P015' descricao='FosfatoMonoamonico11%N-52%P2O5- Granulado' ncm='31054000' und='TON' qtde='37.0000' vlr_unit=None vlr_total='215.380.40'
2026-09-23 12:47:19 | INFO     | produtos: total combinado (paginas) = 1
2026-09-23 12:47:19 | WARNING  | 03_NOTAS_FISCAIS\NF_FERTILIZANTE\MAP\8646.pdf | extracao PARCIAL -> campos nucleares ausentes: valor_da_nota, destinatario.nome, destinatario.cnpj_cpf
2026-09-23 12:47:19 | INFO     | 03_NOTAS_FISCAIS\NF_FERTILIZANTE\MAP\8646.pdf | produtos=1 status=parcial
2026-09-23 12:47:19 | INFO     | pipeline | 03_NOTAS_FISCAIS\NF_FERTILIZANTE\MAP\8646.pdf | chave 51220723704333000601550010000086461530470545 INSERTADA
2026-09-23 12:47:19 | INFO     | pipeline | [222/226] processando 03_NOTAS_FISCAIS\NF_FERTILIZANTE\MAP\8647.pdf
2026-09-23 12:47:19 | INFO     | 03_NOTAS_FISCAIS\NF_FERTILIZANTE\MAP\8647.pdf | inicio de extracao
2026-09-23 12:47:24 | INFO     | 03_NOTAS_FISCAIS\NF_FERTILIZANTE\MAP\8647.pdf | origem=ocr itens=171
2026-09-23 12:47:24 | INFO     | 03_NOTAS_FISCAIS\NF_FERTILIZANTE\MAP\8647.pdf | chave=15122072370433300060155001000008647196957361 DV_valido=False
2026-09-23 12:47:24 | INFO     | produtos: cabecalho detectado pelo criterio '2. CODIGO+CFOP'
2026-09-23 12:47:24 | INFO     | produtos: colunas mapeadas (12): ['valor_ipi', 'valor_icms', 'bc_icms', 'valor_unitario', 'valor_total', 'desconto', 'quantidade', 'cfop', 'origem_cst', 'ncm', 'descricao', 'codigo']
2026-09-23 12:47:24 | DEBUG    | produtos: novo item -> {'codigo': 'P015', 'descricao': 'FosfatoMonoamonico11%N-52%P205-', 'ncm': '31054000', 'origem_cst': '6/20', 'cfop': '5102 TON', 'quantidade': '36.0000', 'valor_unitario': '5.821.0919', 'valor_total': '209.559,31', 'bc_icms': '12.322.09', 'valor_icms': '2.094,76', 'valor_ipi': '0.0017.00'}
2026-09-23 12:47:24 | DEBUG    | produtos: linha de 'obs' vista; valores nao-descricao aproveitados -> {}
2026-09-23 12:47:24 | DEBUG    | produtos: linha descartada apos obs -> {'descricao': 'VIASOLO;'}
2026-09-23 12:47:24 | DEBUG    | produtos: linha descartada apos obs -> {'descricao': 'Lote:IMP197022-Qtde:36:'}
2026-09-23 12:47:24 | DEBUG    | produtos: linha descartada apos obs -> {'descricao': 'Lote(s):Reg.MAPA:PR0015695000026.'}
2026-09-23 12:47:24 | DEBUG    | produtos: linha descartada apos obs -> {'codigo': 'DADOSADICIONAIS'}
2026-09-23 12:47:24 | INFO     | produtos: 1 item(ns) extraido(s)
2026-09-23 12:47:24 | INFO     | produtos: item 1 codigo='P015' descricao='FosfatoMonoamonico11%N-52%P205- Granulado' ncm='31054000' und=None qtde='36.0000' vlr_unit='5.821.0919' vlr_total='209.559,31'
2026-09-23 12:47:24 | INFO     | produtos: total combinado (paginas) = 1
2026-09-23 12:47:24 | WARNING  | 03_NOTAS_FISCAIS\NF_FERTILIZANTE\MAP\8647.pdf | extracao PARCIAL -> chave de acesso com digito verificador invalido (DV)
2026-09-23 12:47:24 | INFO     | 03_NOTAS_FISCAIS\NF_FERTILIZANTE\MAP\8647.pdf | produtos=1 status=parcial
2026-09-23 12:47:24 | INFO     | pipeline | 03_NOTAS_FISCAIS\NF_FERTILIZANTE\MAP\8647.pdf | chave 15122072370433300060155001000008647196957361 INSERTADA
2026-09-23 12:47:24 | WARNING  | pipeline | 03_NOTAS_FISCAIS\NF_FERTILIZANTE\MAP\8647.pdf | extracao PARCIAL (chave de acesso com digito verificador invalido (DV))
2026-09-23 12:47:24 | INFO     | pipeline | [223/226] processando 03_NOTAS_FISCAIS\NF_FERTILIZANTE\MAP\8649.pdf
2026-09-23 12:47:24 | INFO     | 03_NOTAS_FISCAIS\NF_FERTILIZANTE\MAP\8649.pdf | inicio de extracao
2026-09-23 12:47:30 | INFO     | 03_NOTAS_FISCAIS\NF_FERTILIZANTE\MAP\8649.pdf | origem=ocr itens=165
2026-09-23 12:47:30 | INFO     | 03_NOTAS_FISCAIS\NF_FERTILIZANTE\MAP\8649.pdf | chave=15122072370433300060155001000008649107682248 DV_valido=False
2026-09-23 12:47:30 | INFO     | produtos: cabecalho detectado pelo criterio '3. CODIGO+DESCRICAO (sem CFOP no cab)'
2026-09-23 12:47:30 | INFO     | produtos: colunas mapeadas (14): ['codigo', 'descricao', 'ncm', 'origem_cst', 'cfop', 'unidade', 'quantidade', 'valor_unitario', 'desconto', 'valor_total', 'aliquota', 'bc_icms', 'valor_icms', 'valor_ipi']
2026-09-23 12:47:30 | DEBUG    | produtos: novo item -> {'codigo': 'PO15', 'descricao': 'FosfatoMonoamonico11%N-52%P205-', 'bc_icms': 'VTRIB'}
2026-09-23 12:47:30 | DEBUG    | produtos: linha de 'obs' vista; valores nao-descricao aproveitados -> {'valor_total': '215.380,40', 'bc_icms': '12.664,37', 'valor_icms': '2.152,94', 'aliquota': '0,0017,000,00'}
2026-09-23 12:47:30 | DEBUG    | produtos: linha descartada apos obs -> {'descricao': 'VIASOLO.'}
2026-09-23 12:47:30 | DEBUG    | produtos: linha descartada apos obs -> {'descricao': 'Lote:IMP197022-Qtde:37;'}
2026-09-23 12:47:30 | DEBUG    | produtos: linha descartada apos obs -> {'descricao': 'Lote(s):Reg.MAPA:PR0015695000026.'}
2026-09-23 12:47:30 | DEBUG    | produtos: linha descartada apos obs -> {'codigo': 'DADOSADICIONAIS'}
2026-09-23 12:47:30 | INFO     | produtos: 1 item(ns) extraido(s)
2026-09-23 12:47:30 | INFO     | produtos: item 1 codigo='PO15' descricao='FosfatoMonoamonico11%N-52%P205- Granulado' ncm='31054000' und='TON' qtde='37,0000' vlr_unit='5.821,0919' vlr_total='215.380,40'
2026-09-23 12:47:30 | INFO     | produtos: total combinado (paginas) = 1
2026-09-23 12:47:30 | WARNING  | 03_NOTAS_FISCAIS\NF_FERTILIZANTE\MAP\8649.pdf | extracao PARCIAL -> chave de acesso com digito verificador invalido (DV)
2026-09-23 12:47:30 | INFO     | 03_NOTAS_FISCAIS\NF_FERTILIZANTE\MAP\8649.pdf | produtos=1 status=parcial
2026-09-23 12:47:30 | INFO     | pipeline | 03_NOTAS_FISCAIS\NF_FERTILIZANTE\MAP\8649.pdf | chave 15122072370433300060155001000008649107682248 INSERTADA
2026-09-23 12:47:30 | WARNING  | pipeline | 03_NOTAS_FISCAIS\NF_FERTILIZANTE\MAP\8649.pdf | extracao PARCIAL (chave de acesso com digito verificador invalido (DV))
2026-09-23 12:47:30 | INFO     | pipeline | [224/226] processando 03_NOTAS_FISCAIS\NF_FERTILIZANTE\MAP\8662.pdf
2026-09-23 12:47:30 | INFO     | 03_NOTAS_FISCAIS\NF_FERTILIZANTE\MAP\8662.pdf | inicio de extracao
2026-09-23 12:47:34 | INFO     | 03_NOTAS_FISCAIS\NF_FERTILIZANTE\MAP\8662.pdf | origem=ocr itens=156
2026-09-23 12:47:34 | INFO     | 03_NOTAS_FISCAIS\NF_FERTILIZANTE\MAP\8662.pdf | chave=15220723704333000601550010000086621362784278 DV_valido=False
2026-09-23 12:47:34 | INFO     | produtos: cabecalho detectado pelo criterio '1. CODIGO+CFOP+VLR UNIT'
2026-09-23 12:47:34 | INFO     | produtos: colunas mapeadas (11): ['codigo', 'valor_unitario', 'descricao', 'origem_cst', 'cfop', 'desconto', 'valor_total', 'valor_icms', 'ncm', 'valor_ipi', 'bc_icms']
2026-09-23 12:47:34 | DEBUG    | produtos: novo item -> {'codigo': 'P015', 'descricao': 'FosfatoMonoamonico11%N-52%P205-', 'ncm': '31054000', 'origem_cst': '6/20', 'cfop': '5102 TON', 'valor_unitario': '48,0000 5.907,0600', 'valor_total': '283.538.88', 'bc_icms': '16.672.09', 'valor_icms': '2.834,26', 'valor_ipi': '0.0017.000.0'}
2026-09-23 12:47:34 | DEBUG    | produtos: linha de 'obs' vista; valores nao-descricao aproveitados -> {}
2026-09-23 12:47:34 | DEBUG    | produtos: linha descartada apos obs -> {'descricao': 'Lote:IMP197022-Qtde:48;'}
2026-09-23 12:47:34 | DEBUG    | produtos: linha descartada apos obs -> {'descricao': 'Lote(s):Reg.MAPA:PR 0015695000026.'}
2026-09-23 12:47:34 | DEBUG    | produtos: linha descartada apos obs -> {'codigo': 'DADOSADICIONAIS'}
2026-09-23 12:47:34 | INFO     | produtos: 1 item(ns) extraido(s)
2026-09-23 12:47:34 | INFO     | produtos: item 1 codigo='P015' descricao='FosfatoMonoamonico11%N-52%P205- Granulado' ncm='31054000' und=None qtde=None vlr_unit='48,0000 5.907,0600' vlr_total='283.538.88'
2026-09-23 12:47:34 | INFO     | produtos: total combinado (paginas) = 1
2026-09-23 12:47:34 | WARNING  | 03_NOTAS_FISCAIS\NF_FERTILIZANTE\MAP\8662.pdf | extracao PARCIAL -> chave de acesso com digito verificador invalido (DV)
2026-09-23 12:47:34 | INFO     | 03_NOTAS_FISCAIS\NF_FERTILIZANTE\MAP\8662.pdf | produtos=1 status=parcial
2026-09-23 12:47:34 | INFO     | pipeline | 03_NOTAS_FISCAIS\NF_FERTILIZANTE\MAP\8662.pdf | chave 15220723704333000601550010000086621362784278 INSERTADA
2026-09-23 12:47:34 | WARNING  | pipeline | 03_NOTAS_FISCAIS\NF_FERTILIZANTE\MAP\8662.pdf | extracao PARCIAL (chave de acesso com digito verificador invalido (DV))
2026-09-23 12:47:34 | INFO     | pipeline | [225/226] processando 03_NOTAS_FISCAIS\NF_FERTILIZANTE\MAP\8694.pdf
2026-09-23 12:47:34 | INFO     | 03_NOTAS_FISCAIS\NF_FERTILIZANTE\MAP\8694.pdf | inicio de extracao
2026-09-23 12:47:39 | INFO     | 03_NOTAS_FISCAIS\NF_FERTILIZANTE\MAP\8694.pdf | origem=ocr itens=170
2026-09-23 12:47:39 | INFO     | 03_NOTAS_FISCAIS\NF_FERTILIZANTE\MAP\8694.pdf | chave=51220823704333000601550010000086941339615756 DV_valido=True
2026-09-23 12:47:39 | INFO     | produtos: cabecalho detectado pelo criterio '1. CODIGO+CFOP+VLR UNIT'
2026-09-23 12:47:39 | INFO     | produtos: colunas mapeadas (13): ['ncm', 'bc_icms', 'valor_icms', 'cfop', 'valor_total', 'origem_cst', 'unidade', 'valor_unitario', 'desconto', 'valor_ipi', 'codigo', 'descricao', 'quantidade']
2026-09-23 12:47:39 | DEBUG    | produtos: novo item -> {'codigo': 'POIS', 'descricao': 'FosfatoMonoamonico11%N-52%P205-', 'ncm': '31054000', 'origem_cst': '6/20', 'cfop': '5102', 'unidade': 'TON', 'quantidade': '32,0000', 'valor_unitario': '5.907,0600', 'valor_total': '189.025.92', 'bc_icms': '11.114.72', 'valor_icms': '1.889.50', 'valor_ipi': '0,00|17.000.0'}
2026-09-23 12:47:39 | DEBUG    | produtos: linha de 'obs' vista; valores nao-descricao aproveitados -> {}
2026-09-23 12:47:39 | DEBUG    | produtos: linha descartada apos obs -> {'descricao': 'APLICACAOVIASOLO'}
2026-09-23 12:47:39 | DEBUG    | produtos: linha descartada apos obs -> {'descricao': 'Lotc:1MP197022-Q1dc:32.'}
2026-09-23 12:47:39 | DEBUG    | produtos: linha descartada apos obs -> {'descricao': 'Lolc(s):Reg.MAPA:PR0015695000026.'}
2026-09-23 12:47:39 | DEBUG    | produtos: linha descartada apos obs -> {'codigo': 'DADOSADICIONAIS'}
2026-09-23 12:47:39 | INFO     | produtos: 1 item(ns) extraido(s)
2026-09-23 12:47:39 | INFO     | produtos: item 1 codigo='POIS' descricao='FosfatoMonoamonico11%N-52%P205- Granulado' ncm='31054000' und='TON' qtde='32,0000' vlr_unit='5.907,0600' vlr_total='189.025.92'
2026-09-23 12:47:39 | INFO     | produtos: total combinado (paginas) = 1
2026-09-23 12:47:39 | INFO     | 03_NOTAS_FISCAIS\NF_FERTILIZANTE\MAP\8694.pdf | extracao COMPLETA
2026-09-23 12:47:39 | INFO     | 03_NOTAS_FISCAIS\NF_FERTILIZANTE\MAP\8694.pdf | produtos=1 status=completa
2026-09-23 12:47:39 | INFO     | pipeline | 03_NOTAS_FISCAIS\NF_FERTILIZANTE\MAP\8694.pdf | chave 51220823704333000601550010000086941339615756 INSERTADA
2026-09-23 12:47:39 | INFO     | pipeline | [226/226] processando 03_NOTAS_FISCAIS\NF_FERTILIZANTE\MAP\8696.pdf
2026-09-23 12:47:39 | INFO     | 03_NOTAS_FISCAIS\NF_FERTILIZANTE\MAP\8696.pdf | inicio de extracao
2026-09-23 12:47:43 | INFO     | 03_NOTAS_FISCAIS\NF_FERTILIZANTE\MAP\8696.pdf | origem=ocr itens=159
2026-09-23 12:47:43 | INFO     | 03_NOTAS_FISCAIS\NF_FERTILIZANTE\MAP\8696.pdf | chave=51220823704333000601550010000086961991321798 DV_valido=True
2026-09-23 12:47:43 | INFO     | produtos: cabecalho detectado pelo criterio '1. CODIGO+CFOP+VLR UNIT'
2026-09-23 12:47:43 | INFO     | produtos: colunas mapeadas (13): ['aliquota', 'codigo', 'descricao', 'ncm', 'origem_cst', 'cfop', 'unidade', 'valor_unitario', 'desconto', 'valor_total', 'bc_icms', 'valor_icms', 'valor_ipi']
2026-09-23 12:47:43 | DEBUG    | produtos: novo item -> {'codigo': 'P015', 'descricao': 'Granulado FosfatoMonoamonico11%N-52%P205-', 'ncm': '31054000', 'origem_cst': '6/20', 'cfop': '5102', 'unidade': 'TON 36,0000', 'valor_unitario': '5.821,0925', 'valor_total': '209.559,33', 'bc_icms': '12.322,09', 'valor_icms': '2.094,76', 'aliquota': '0,0017,000,00'}
2026-09-23 12:47:43 | INFO     | produtos: 1 item(ns) extraido(s)
2026-09-23 12:47:43 | INFO     | produtos: item 1 codigo='P015 DADOSADICIONAIS' descricao='Granulado FosfatoMonoamonico11%N-52%P205- APLICACAOVIASOLO: Obs:FERT.MINERALSIMPLES, Lote:' ncm='31054000' und='TON 36,0000' qtde=None vlr_unit='5.821,0925' vlr_total='209.559,33'
2026-09-23 12:47:43 | INFO     | produtos: total combinado (paginas) = 1
2026-09-23 12:47:43 | WARNING  | 03_NOTAS_FISCAIS\NF_FERTILIZANTE\MAP\8696.pdf | extracao PARCIAL -> campos nucleares ausentes: valor_da_nota, destinatario.nome, destinatario.cnpj_cpf
2026-09-23 12:47:43 | INFO     | 03_NOTAS_FISCAIS\NF_FERTILIZANTE\MAP\8696.pdf | produtos=1 status=parcial
2026-09-23 12:47:43 | INFO     | pipeline | 03_NOTAS_FISCAIS\NF_FERTILIZANTE\MAP\8696.pdf | chave 51220823704333000601550010000086961991321798 INSERTADA
2026-09-23 12:47:43 | INFO     | pipeline | RESULTADO: pdfs=226 inseridas=73 atualizadas=0 parciais=4 falhas=153 antes=0 depois=73 duracao=810.4s
2026-09-23 12:47:43 | ERROR    | pipeline | FALHA 01_DADOS_OPERACIONAIS\DEFENSIVOS\ALGODAO\Fungicida Campo 203.pdf -> nao foi encontrada a chave de acesso (44 digitos)
2026-09-23 12:47:43 | ERROR    | pipeline | FALHA 01_DADOS_OPERACIONAIS\DEFENSIVOS\ALGODAO\Fungicida Campo 204.pdf -> nao foi encontrada a chave de acesso (44 digitos)
2026-09-23 12:47:43 | ERROR    | pipeline | FALHA 01_DADOS_OPERACIONAIS\DEFENSIVOS\ALGODAO\Fungicida Campo 209.pdf -> nao foi encontrada a chave de acesso (44 digitos)
2026-09-23 12:47:43 | ERROR    | pipeline | FALHA 01_DADOS_OPERACIONAIS\DEFENSIVOS\ALGODAO\Fungicida Campo 210.pdf -> nao foi encontrada a chave de acesso (44 digitos)
2026-09-23 12:47:43 | ERROR    | pipeline | FALHA 01_DADOS_OPERACIONAIS\DEFENSIVOS\ALGODAO\Fungicida Campo 211.pdf -> nao foi encontrada a chave de acesso (44 digitos)
2026-09-23 12:47:43 | ERROR    | pipeline | FALHA 01_DADOS_OPERACIONAIS\DEFENSIVOS\ALGODAO\Fungicida Campo 301.pdf -> nao foi encontrada a chave de acesso (44 digitos)
2026-09-23 12:47:43 | ERROR    | pipeline | FALHA 01_DADOS_OPERACIONAIS\DEFENSIVOS\ALGODAO\Fungicida Campo 302.pdf -> nao foi encontrada a chave de acesso (44 digitos)
2026-09-23 12:47:43 | ERROR    | pipeline | FALHA 01_DADOS_OPERACIONAIS\DEFENSIVOS\ALGODAO\Fungicida Campo 305.pdf -> nao foi encontrada a chave de acesso (44 digitos)
2026-09-23 12:47:43 | ERROR    | pipeline | FALHA 01_DADOS_OPERACIONAIS\DEFENSIVOS\ALGODAO\Fungicida Campo Pivo 01.pdf -> nao foi encontrada a chave de acesso (44 digitos)
2026-09-23 12:47:43 | ERROR    | pipeline | FALHA 01_DADOS_OPERACIONAIS\DEFENSIVOS\ALGODAO\Fungicida Campo Pivo 02.pdf -> nao foi encontrada a chave de acesso (44 digitos)
2026-09-23 12:47:43 | ERROR    | pipeline | FALHA 01_DADOS_OPERACIONAIS\DEFENSIVOS\ALGODAO\Herbicida Campo 203.pdf -> nao foi encontrada a chave de acesso (44 digitos)
2026-09-23 12:47:43 | ERROR    | pipeline | FALHA 01_DADOS_OPERACIONAIS\DEFENSIVOS\ALGODAO\Herbicida Campo 204.pdf -> nao foi encontrada a chave de acesso (44 digitos)
2026-09-23 12:47:43 | ERROR    | pipeline | FALHA 01_DADOS_OPERACIONAIS\DEFENSIVOS\ALGODAO\Herbicida Campo 209.pdf -> nao foi encontrada a chave de acesso (44 digitos)
2026-09-23 12:47:43 | ERROR    | pipeline | FALHA 01_DADOS_OPERACIONAIS\DEFENSIVOS\ALGODAO\Herbicida Campo 210.pdf -> nao foi encontrada a chave de acesso (44 digitos)
2026-09-23 12:47:43 | ERROR    | pipeline | FALHA 01_DADOS_OPERACIONAIS\DEFENSIVOS\ALGODAO\Herbicida Campo 211.pdf -> nao foi encontrada a chave de acesso (44 digitos)
2026-09-23 12:47:43 | ERROR    | pipeline | FALHA 01_DADOS_OPERACIONAIS\DEFENSIVOS\ALGODAO\Herbicida Campo 301.pdf -> nao foi encontrada a chave de acesso (44 digitos)
2026-09-23 12:47:43 | ERROR    | pipeline | FALHA 01_DADOS_OPERACIONAIS\DEFENSIVOS\ALGODAO\Herbicida Campo 302.pdf -> nao foi encontrada a chave de acesso (44 digitos)
2026-09-23 12:47:43 | ERROR    | pipeline | FALHA 01_DADOS_OPERACIONAIS\DEFENSIVOS\ALGODAO\Herbicida Campo 305.pdf -> nao foi encontrada a chave de acesso (44 digitos)
2026-09-23 12:47:43 | ERROR    | pipeline | FALHA 01_DADOS_OPERACIONAIS\DEFENSIVOS\ALGODAO\Herbicida Campo Pivo 01.pdf -> nao foi encontrada a chave de acesso (44 digitos)
2026-09-23 12:47:43 | ERROR    | pipeline | FALHA 01_DADOS_OPERACIONAIS\DEFENSIVOS\ALGODAO\Herbicida Campo Pivo 02.pdf -> nao foi encontrada a chave de acesso (44 digitos)
2026-09-23 12:47:43 | ERROR    | pipeline | FALHA 01_DADOS_OPERACIONAIS\DEFENSIVOS\ALGODAO\Inseticida Campo 203.pdf -> nao foi encontrada a chave de acesso (44 digitos)
2026-09-23 12:47:43 | ERROR    | pipeline | FALHA 01_DADOS_OPERACIONAIS\DEFENSIVOS\ALGODAO\Inseticida Campo 204.pdf -> nao foi encontrada a chave de acesso (44 digitos)
2026-09-23 12:47:43 | ERROR    | pipeline | FALHA 01_DADOS_OPERACIONAIS\DEFENSIVOS\ALGODAO\Inseticida Campo 209.pdf -> nao foi encontrada a chave de acesso (44 digitos)
2026-09-23 12:47:43 | ERROR    | pipeline | FALHA 01_DADOS_OPERACIONAIS\DEFENSIVOS\ALGODAO\Inseticida Campo 210.pdf -> nao foi encontrada a chave de acesso (44 digitos)
2026-09-23 12:47:43 | ERROR    | pipeline | FALHA 01_DADOS_OPERACIONAIS\DEFENSIVOS\ALGODAO\Inseticida Campo 211.pdf -> nao foi encontrada a chave de acesso (44 digitos)
2026-09-23 12:47:43 | ERROR    | pipeline | FALHA 01_DADOS_OPERACIONAIS\DEFENSIVOS\ALGODAO\Inseticida Campo 301.pdf -> nao foi encontrada a chave de acesso (44 digitos)
2026-09-23 12:47:43 | ERROR    | pipeline | FALHA 01_DADOS_OPERACIONAIS\DEFENSIVOS\ALGODAO\Inseticida Campo 302.pdf -> nao foi encontrada a chave de acesso (44 digitos)
2026-09-23 12:47:43 | ERROR    | pipeline | FALHA 01_DADOS_OPERACIONAIS\DEFENSIVOS\ALGODAO\Inseticida Campo 305.pdf -> nao foi encontrada a chave de acesso (44 digitos)
2026-09-23 12:47:43 | ERROR    | pipeline | FALHA 01_DADOS_OPERACIONAIS\DEFENSIVOS\ALGODAO\Inseticida Campo Pivo 01.pdf -> nao foi encontrada a chave de acesso (44 digitos)
2026-09-23 12:47:43 | ERROR    | pipeline | FALHA 01_DADOS_OPERACIONAIS\DEFENSIVOS\ALGODAO\Inseticida Campo Pivo 02.pdf -> nao foi encontrada a chave de acesso (44 digitos)
2026-09-23 12:47:43 | ERROR    | pipeline | FALHA 01_DADOS_OPERACIONAIS\DEFENSIVOS\MILHO\Fungicida Campo 102.pdf -> nao foi encontrada a chave de acesso (44 digitos)
2026-09-23 12:47:43 | ERROR    | pipeline | FALHA 01_DADOS_OPERACIONAIS\DEFENSIVOS\MILHO\Fungicida Campo 103.pdf -> nao foi encontrada a chave de acesso (44 digitos)
2026-09-23 12:47:43 | ERROR    | pipeline | FALHA 01_DADOS_OPERACIONAIS\DEFENSIVOS\MILHO\Fungicida Campo 104.pdf -> nao foi encontrada a chave de acesso (44 digitos)
2026-09-23 12:47:43 | ERROR    | pipeline | FALHA 01_DADOS_OPERACIONAIS\DEFENSIVOS\MILHO\Fungicida Campo 105.pdf -> nao foi encontrada a chave de acesso (44 digitos)
2026-09-23 12:47:43 | ERROR    | pipeline | FALHA 01_DADOS_OPERACIONAIS\DEFENSIVOS\MILHO\Fungicida Campo 106.pdf -> nao foi encontrada a chave de acesso (44 digitos)
2026-09-23 12:47:43 | ERROR    | pipeline | FALHA 01_DADOS_OPERACIONAIS\DEFENSIVOS\MILHO\Fungicida Campo 107.pdf -> nao foi encontrada a chave de acesso (44 digitos)
2026-09-23 12:47:43 | ERROR    | pipeline | FALHA 01_DADOS_OPERACIONAIS\DEFENSIVOS\MILHO\Fungicida Campo 108.pdf -> nao foi encontrada a chave de acesso (44 digitos)
2026-09-23 12:47:43 | ERROR    | pipeline | FALHA 01_DADOS_OPERACIONAIS\DEFENSIVOS\MILHO\Fungicida Campo 109.pdf -> nao foi encontrada a chave de acesso (44 digitos)
2026-09-23 12:47:43 | ERROR    | pipeline | FALHA 01_DADOS_OPERACIONAIS\DEFENSIVOS\MILHO\Fungicida Campo 110.pdf -> nao foi encontrada a chave de acesso (44 digitos)
2026-09-23 12:47:43 | ERROR    | pipeline | FALHA 01_DADOS_OPERACIONAIS\DEFENSIVOS\MILHO\Fungicida Campo 201.pdf -> nao foi encontrada a chave de acesso (44 digitos)
2026-09-23 12:47:43 | ERROR    | pipeline | FALHA 01_DADOS_OPERACIONAIS\DEFENSIVOS\MILHO\Fungicida Campo 202.pdf -> nao foi encontrada a chave de acesso (44 digitos)
2026-09-23 12:47:43 | ERROR    | pipeline | FALHA 01_DADOS_OPERACIONAIS\DEFENSIVOS\MILHO\Fungicida Campo 205.pdf -> nao foi encontrada a chave de acesso (44 digitos)
2026-09-23 12:47:43 | ERROR    | pipeline | FALHA 01_DADOS_OPERACIONAIS\DEFENSIVOS\MILHO\Fungicida Campo 206.pdf -> nao foi encontrada a chave de acesso (44 digitos)
2026-09-23 12:47:43 | ERROR    | pipeline | FALHA 01_DADOS_OPERACIONAIS\DEFENSIVOS\MILHO\Fungicida Campo 207.pdf -> nao foi encontrada a chave de acesso (44 digitos)
2026-09-23 12:47:43 | ERROR    | pipeline | FALHA 01_DADOS_OPERACIONAIS\DEFENSIVOS\MILHO\Fungicida Campo 208.pdf -> nao foi encontrada a chave de acesso (44 digitos)
2026-09-23 12:47:43 | ERROR    | pipeline | FALHA 01_DADOS_OPERACIONAIS\DEFENSIVOS\MILHO\Fungicida Campo 212.pdf -> nao foi encontrada a chave de acesso (44 digitos)
2026-09-23 12:47:43 | ERROR    | pipeline | FALHA 01_DADOS_OPERACIONAIS\DEFENSIVOS\MILHO\Fungicida Campo 501.pdf -> nao foi encontrada a chave de acesso (44 digitos)
2026-09-23 12:47:43 | ERROR    | pipeline | FALHA 01_DADOS_OPERACIONAIS\DEFENSIVOS\MILHO\Fungicida Campo 502.pdf -> nao foi encontrada a chave de acesso (44 digitos)
2026-09-23 12:47:43 | ERROR    | pipeline | FALHA 01_DADOS_OPERACIONAIS\DEFENSIVOS\MILHO\Fungicida Campo 503.pdf -> nao foi encontrada a chave de acesso (44 digitos)
2026-09-23 12:47:43 | ERROR    | pipeline | FALHA 01_DADOS_OPERACIONAIS\DEFENSIVOS\MILHO\Fungicida Campo 504.pdf -> nao foi encontrada a chave de acesso (44 digitos)
2026-09-23 12:47:43 | ERROR    | pipeline | FALHA 01_DADOS_OPERACIONAIS\DEFENSIVOS\MILHO\Fungicida Campo 506.pdf -> nao foi encontrada a chave de acesso (44 digitos)
2026-09-23 12:47:43 | ERROR    | pipeline | FALHA 01_DADOS_OPERACIONAIS\DEFENSIVOS\MILHO\Fungicida Campo 507.pdf -> nao foi encontrada a chave de acesso (44 digitos)
2026-09-23 12:47:43 | ERROR    | pipeline | FALHA 01_DADOS_OPERACIONAIS\DEFENSIVOS\MILHO\Fungicida Campo 508.pdf -> nao foi encontrada a chave de acesso (44 digitos)
2026-09-23 12:47:43 | ERROR    | pipeline | FALHA 01_DADOS_OPERACIONAIS\DEFENSIVOS\MILHO\Fungicidas Campo 301.pdf -> nao foi encontrada a chave de acesso (44 digitos)
2026-09-23 12:47:43 | ERROR    | pipeline | FALHA 01_DADOS_OPERACIONAIS\DEFENSIVOS\MILHO\Fungicidas Campo 303.pdf -> nao foi encontrada a chave de acesso (44 digitos)
2026-09-23 12:47:43 | ERROR    | pipeline | FALHA 01_DADOS_OPERACIONAIS\DEFENSIVOS\MILHO\Fungicidas Campo 304.pdf -> nao foi encontrada a chave de acesso (44 digitos)
2026-09-23 12:47:43 | ERROR    | pipeline | FALHA 01_DADOS_OPERACIONAIS\DEFENSIVOS\MILHO\Fungicidas Campo 306.pdf -> nao foi encontrada a chave de acesso (44 digitos)
2026-09-23 12:47:43 | ERROR    | pipeline | FALHA 01_DADOS_OPERACIONAIS\DEFENSIVOS\MILHO\Herbicida Campo 102.pdf -> nao foi encontrada a chave de acesso (44 digitos)
2026-09-23 12:47:43 | ERROR    | pipeline | FALHA 01_DADOS_OPERACIONAIS\DEFENSIVOS\MILHO\Herbicida Campo 103.pdf -> nao foi encontrada a chave de acesso (44 digitos)
2026-09-23 12:47:43 | ERROR    | pipeline | FALHA 01_DADOS_OPERACIONAIS\DEFENSIVOS\MILHO\Herbicida Campo 104.pdf -> nao foi encontrada a chave de acesso (44 digitos)
2026-09-23 12:47:43 | ERROR    | pipeline | FALHA 01_DADOS_OPERACIONAIS\DEFENSIVOS\MILHO\Herbicida Campo 105.pdf -> nao foi encontrada a chave de acesso (44 digitos)
2026-09-23 12:47:43 | ERROR    | pipeline | FALHA 01_DADOS_OPERACIONAIS\DEFENSIVOS\MILHO\Herbicida Campo 106.pdf -> nao foi encontrada a chave de acesso (44 digitos)
2026-09-23 12:47:43 | ERROR    | pipeline | FALHA 01_DADOS_OPERACIONAIS\DEFENSIVOS\MILHO\Herbicida Campo 107.pdf -> nao foi encontrada a chave de acesso (44 digitos)
2026-09-23 12:47:43 | ERROR    | pipeline | FALHA 01_DADOS_OPERACIONAIS\DEFENSIVOS\MILHO\Herbicida Campo 108.pdf -> nao foi encontrada a chave de acesso (44 digitos)
2026-09-23 12:47:43 | ERROR    | pipeline | FALHA 01_DADOS_OPERACIONAIS\DEFENSIVOS\MILHO\Herbicida Campo 109.pdf -> nao foi encontrada a chave de acesso (44 digitos)
2026-09-23 12:47:43 | ERROR    | pipeline | FALHA 01_DADOS_OPERACIONAIS\DEFENSIVOS\MILHO\Herbicida Campo 110.pdf -> nao foi encontrada a chave de acesso (44 digitos)
2026-09-23 12:47:43 | ERROR    | pipeline | FALHA 01_DADOS_OPERACIONAIS\DEFENSIVOS\MILHO\Herbicida Campo 201.pdf -> nao foi encontrada a chave de acesso (44 digitos)
2026-09-23 12:47:43 | ERROR    | pipeline | FALHA 01_DADOS_OPERACIONAIS\DEFENSIVOS\MILHO\Herbicida Campo 202.pdf -> nao foi encontrada a chave de acesso (44 digitos)
2026-09-23 12:47:43 | ERROR    | pipeline | FALHA 01_DADOS_OPERACIONAIS\DEFENSIVOS\MILHO\Herbicida Campo 205.pdf -> nao foi encontrada a chave de acesso (44 digitos)
2026-09-23 12:47:43 | ERROR    | pipeline | FALHA 01_DADOS_OPERACIONAIS\DEFENSIVOS\MILHO\Herbicida Campo 206.pdf -> nao foi encontrada a chave de acesso (44 digitos)
2026-09-23 12:47:43 | ERROR    | pipeline | FALHA 01_DADOS_OPERACIONAIS\DEFENSIVOS\MILHO\Herbicida Campo 207.pdf -> nao foi encontrada a chave de acesso (44 digitos)
2026-09-23 12:47:43 | ERROR    | pipeline | FALHA 01_DADOS_OPERACIONAIS\DEFENSIVOS\MILHO\Herbicida Campo 208.pdf -> nao foi encontrada a chave de acesso (44 digitos)
2026-09-23 12:47:43 | ERROR    | pipeline | FALHA 01_DADOS_OPERACIONAIS\DEFENSIVOS\MILHO\Herbicida Campo 212.pdf -> nao foi encontrada a chave de acesso (44 digitos)
2026-09-23 12:47:43 | ERROR    | pipeline | FALHA 01_DADOS_OPERACIONAIS\DEFENSIVOS\MILHO\Herbicida Campo 301.pdf -> nao foi encontrada a chave de acesso (44 digitos)
2026-09-23 12:47:43 | ERROR    | pipeline | FALHA 01_DADOS_OPERACIONAIS\DEFENSIVOS\MILHO\Herbicida Campo 303.pdf -> nao foi encontrada a chave de acesso (44 digitos)
2026-09-23 12:47:43 | ERROR    | pipeline | FALHA 01_DADOS_OPERACIONAIS\DEFENSIVOS\MILHO\Herbicida Campo 304.pdf -> nao foi encontrada a chave de acesso (44 digitos)
2026-09-23 12:47:43 | ERROR    | pipeline | FALHA 01_DADOS_OPERACIONAIS\DEFENSIVOS\MILHO\Herbicida Campo 306.pdf -> nao foi encontrada a chave de acesso (44 digitos)
2026-09-23 12:47:43 | ERROR    | pipeline | FALHA 01_DADOS_OPERACIONAIS\DEFENSIVOS\MILHO\Herbicida Campo 501.pdf -> nao foi encontrada a chave de acesso (44 digitos)
2026-09-23 12:47:43 | ERROR    | pipeline | FALHA 01_DADOS_OPERACIONAIS\DEFENSIVOS\MILHO\Herbicida Campo 502.pdf -> nao foi encontrada a chave de acesso (44 digitos)
2026-09-23 12:47:43 | ERROR    | pipeline | FALHA 01_DADOS_OPERACIONAIS\DEFENSIVOS\MILHO\Herbicida Campo 503.pdf -> nao foi encontrada a chave de acesso (44 digitos)
2026-09-23 12:47:43 | ERROR    | pipeline | FALHA 01_DADOS_OPERACIONAIS\DEFENSIVOS\MILHO\Herbicida Campo 504.pdf -> nao foi encontrada a chave de acesso (44 digitos)
2026-09-23 12:47:43 | ERROR    | pipeline | FALHA 01_DADOS_OPERACIONAIS\DEFENSIVOS\MILHO\Herbicida Campo 506.pdf -> nao foi encontrada a chave de acesso (44 digitos)
2026-09-23 12:47:43 | ERROR    | pipeline | FALHA 01_DADOS_OPERACIONAIS\DEFENSIVOS\MILHO\Herbicida Campo 507.pdf -> nao foi encontrada a chave de acesso (44 digitos)
2026-09-23 12:47:43 | ERROR    | pipeline | FALHA 01_DADOS_OPERACIONAIS\DEFENSIVOS\MILHO\Herbicida Campo 508.pdf -> nao foi encontrada a chave de acesso (44 digitos)
2026-09-23 12:47:43 | ERROR    | pipeline | FALHA 01_DADOS_OPERACIONAIS\DEFENSIVOS\MILHO\Inseticida Campo 102.pdf -> nao foi encontrada a chave de acesso (44 digitos)
2026-09-23 12:47:43 | ERROR    | pipeline | FALHA 01_DADOS_OPERACIONAIS\DEFENSIVOS\MILHO\Inseticida Campo 103.pdf -> nao foi encontrada a chave de acesso (44 digitos)
2026-09-23 12:47:43 | ERROR    | pipeline | FALHA 01_DADOS_OPERACIONAIS\DEFENSIVOS\MILHO\Inseticida Campo 104.pdf -> nao foi encontrada a chave de acesso (44 digitos)
2026-09-23 12:47:43 | ERROR    | pipeline | FALHA 01_DADOS_OPERACIONAIS\DEFENSIVOS\MILHO\Inseticida Campo 105.pdf -> nao foi encontrada a chave de acesso (44 digitos)
2026-09-23 12:47:43 | ERROR    | pipeline | FALHA 01_DADOS_OPERACIONAIS\DEFENSIVOS\MILHO\Inseticida Campo 106.pdf -> nao foi encontrada a chave de acesso (44 digitos)
2026-09-23 12:47:43 | ERROR    | pipeline | FALHA 01_DADOS_OPERACIONAIS\DEFENSIVOS\MILHO\Inseticida Campo 107.pdf -> nao foi encontrada a chave de acesso (44 digitos)
2026-09-23 12:47:43 | ERROR    | pipeline | FALHA 01_DADOS_OPERACIONAIS\DEFENSIVOS\MILHO\Inseticida Campo 108.pdf -> nao foi encontrada a chave de acesso (44 digitos)
2026-09-23 12:47:43 | ERROR    | pipeline | FALHA 01_DADOS_OPERACIONAIS\DEFENSIVOS\MILHO\Inseticida Campo 109.pdf -> nao foi encontrada a chave de acesso (44 digitos)
2026-09-23 12:47:43 | ERROR    | pipeline | FALHA 01_DADOS_OPERACIONAIS\DEFENSIVOS\MILHO\Inseticida Campo 110.pdf -> nao foi encontrada a chave de acesso (44 digitos)
2026-09-23 12:47:43 | ERROR    | pipeline | FALHA 01_DADOS_OPERACIONAIS\DEFENSIVOS\MILHO\Inseticida Campo 201.pdf -> nao foi encontrada a chave de acesso (44 digitos)
2026-09-23 12:47:43 | ERROR    | pipeline | FALHA 01_DADOS_OPERACIONAIS\DEFENSIVOS\MILHO\Inseticida Campo 202.pdf -> nao foi encontrada a chave de acesso (44 digitos)
2026-09-23 12:47:43 | ERROR    | pipeline | FALHA 01_DADOS_OPERACIONAIS\DEFENSIVOS\MILHO\Inseticida Campo 205.pdf -> nao foi encontrada a chave de acesso (44 digitos)
2026-09-23 12:47:43 | ERROR    | pipeline | FALHA 01_DADOS_OPERACIONAIS\DEFENSIVOS\MILHO\Inseticida Campo 206.pdf -> nao foi encontrada a chave de acesso (44 digitos)
2026-09-23 12:47:43 | ERROR    | pipeline | FALHA 01_DADOS_OPERACIONAIS\DEFENSIVOS\MILHO\Inseticida Campo 207.pdf -> nao foi encontrada a chave de acesso (44 digitos)
2026-09-23 12:47:43 | ERROR    | pipeline | FALHA 01_DADOS_OPERACIONAIS\DEFENSIVOS\MILHO\Inseticida Campo 208.pdf -> nao foi encontrada a chave de acesso (44 digitos)
2026-09-23 12:47:43 | ERROR    | pipeline | FALHA 01_DADOS_OPERACIONAIS\DEFENSIVOS\MILHO\Inseticida Campo 212.pdf -> nao foi encontrada a chave de acesso (44 digitos)
2026-09-23 12:47:43 | ERROR    | pipeline | FALHA 01_DADOS_OPERACIONAIS\DEFENSIVOS\MILHO\Inseticida Campo 301.pdf -> nao foi encontrada a chave de acesso (44 digitos)
2026-09-23 12:47:43 | ERROR    | pipeline | FALHA 01_DADOS_OPERACIONAIS\DEFENSIVOS\MILHO\Inseticida Campo 303.pdf -> nao foi encontrada a chave de acesso (44 digitos)
2026-09-23 12:47:43 | ERROR    | pipeline | FALHA 01_DADOS_OPERACIONAIS\DEFENSIVOS\MILHO\Inseticida Campo 304.pdf -> nao foi encontrada a chave de acesso (44 digitos)
2026-09-23 12:47:43 | ERROR    | pipeline | FALHA 01_DADOS_OPERACIONAIS\DEFENSIVOS\MILHO\Inseticida Campo 306.pdf -> nao foi encontrada a chave de acesso (44 digitos)
2026-09-23 12:47:43 | ERROR    | pipeline | FALHA 01_DADOS_OPERACIONAIS\DEFENSIVOS\MILHO\Inseticida Campo 501.pdf -> nao foi encontrada a chave de acesso (44 digitos)
2026-09-23 12:47:43 | ERROR    | pipeline | FALHA 01_DADOS_OPERACIONAIS\DEFENSIVOS\MILHO\Inseticida Campo 502.pdf -> nao foi encontrada a chave de acesso (44 digitos)
2026-09-23 12:47:43 | ERROR    | pipeline | FALHA 01_DADOS_OPERACIONAIS\DEFENSIVOS\MILHO\Inseticida Campo 503.pdf -> nao foi encontrada a chave de acesso (44 digitos)
2026-09-23 12:47:43 | ERROR    | pipeline | FALHA 01_DADOS_OPERACIONAIS\DEFENSIVOS\MILHO\Inseticida Campo 504.pdf -> nao foi encontrada a chave de acesso (44 digitos)
2026-09-23 12:47:43 | ERROR    | pipeline | FALHA 01_DADOS_OPERACIONAIS\DEFENSIVOS\MILHO\Inseticida Campo 506.pdf -> nao foi encontrada a chave de acesso (44 digitos)
2026-09-23 12:47:43 | ERROR    | pipeline | FALHA 01_DADOS_OPERACIONAIS\DEFENSIVOS\MILHO\Inseticida Campo 507.pdf -> nao foi encontrada a chave de acesso (44 digitos)
2026-09-23 12:47:43 | ERROR    | pipeline | FALHA 01_DADOS_OPERACIONAIS\DEFENSIVOS\MILHO\Inseticida Campo 508.pdf -> nao foi encontrada a chave de acesso (44 digitos)
2026-09-23 12:47:43 | ERROR    | pipeline | FALHA 01_DADOS_OPERACIONAIS\FERTILIZANTES\ALGODAO\Fertilizantes Campo 204.pdf -> nao foi encontrada a chave de acesso (44 digitos)
2026-09-23 12:47:43 | ERROR    | pipeline | FALHA 01_DADOS_OPERACIONAIS\FERTILIZANTES\ALGODAO\Fertilizantes Campo 209.pdf -> nao foi encontrada a chave de acesso (44 digitos)
2026-09-23 12:47:43 | ERROR    | pipeline | FALHA 01_DADOS_OPERACIONAIS\FERTILIZANTES\ALGODAO\Fertilizantes Campo 210.pdf -> nao foi encontrada a chave de acesso (44 digitos)
2026-09-23 12:47:43 | ERROR    | pipeline | FALHA 01_DADOS_OPERACIONAIS\FERTILIZANTES\ALGODAO\Fertilizantes Campo 211.pdf -> nao foi encontrada a chave de acesso (44 digitos)
2026-09-23 12:47:43 | ERROR    | pipeline | FALHA 01_DADOS_OPERACIONAIS\FERTILIZANTES\ALGODAO\Fertilizantes Campo 301.pdf -> nao foi encontrada a chave de acesso (44 digitos)
2026-09-23 12:47:43 | ERROR    | pipeline | FALHA 01_DADOS_OPERACIONAIS\FERTILIZANTES\ALGODAO\Fertilizantes Campo 302.pdf -> nao foi encontrada a chave de acesso (44 digitos)
2026-09-23 12:47:43 | ERROR    | pipeline | FALHA 01_DADOS_OPERACIONAIS\FERTILIZANTES\ALGODAO\Fertilizantes Campo 305.pdf -> nao foi encontrada a chave de acesso (44 digitos)
2026-09-23 12:47:43 | ERROR    | pipeline | FALHA 01_DADOS_OPERACIONAIS\FERTILIZANTES\ALGODAO\Fertilizantes Campo Pivo 01.pdf -> nao foi encontrada a chave de acesso (44 digitos)
2026-09-23 12:47:43 | ERROR    | pipeline | FALHA 01_DADOS_OPERACIONAIS\FERTILIZANTES\ALGODAO\Fertilizantes Campo Pivo 02.pdf -> nao foi encontrada a chave de acesso (44 digitos)
2026-09-23 12:47:43 | ERROR    | pipeline | FALHA 01_DADOS_OPERACIONAIS\FERTILIZANTES\MILHO\Fertilizantes Campo 102.pdf -> nao foi encontrada a chave de acesso (44 digitos)
2026-09-23 12:47:43 | ERROR    | pipeline | FALHA 01_DADOS_OPERACIONAIS\FERTILIZANTES\MILHO\Fertilizantes Campo 103.pdf -> nao foi encontrada a chave de acesso (44 digitos)
2026-09-23 12:47:43 | ERROR    | pipeline | FALHA 01_DADOS_OPERACIONAIS\FERTILIZANTES\MILHO\Fertilizantes Campo 104.pdf -> nao foi encontrada a chave de acesso (44 digitos)
2026-09-23 12:47:43 | ERROR    | pipeline | FALHA 01_DADOS_OPERACIONAIS\FERTILIZANTES\MILHO\Fertilizantes Campo 105.pdf -> nao foi encontrada a chave de acesso (44 digitos)
2026-09-23 12:47:43 | ERROR    | pipeline | FALHA 01_DADOS_OPERACIONAIS\FERTILIZANTES\MILHO\Fertilizantes Campo 106.pdf -> nao foi encontrada a chave de acesso (44 digitos)
2026-09-23 12:47:43 | ERROR    | pipeline | FALHA 01_DADOS_OPERACIONAIS\FERTILIZANTES\MILHO\Fertilizantes Campo 107.pdf -> nao foi encontrada a chave de acesso (44 digitos)
2026-09-23 12:47:43 | ERROR    | pipeline | FALHA 01_DADOS_OPERACIONAIS\FERTILIZANTES\MILHO\Fertilizantes Campo 108.pdf -> nao foi encontrada a chave de acesso (44 digitos)
2026-09-23 12:47:43 | ERROR    | pipeline | FALHA 01_DADOS_OPERACIONAIS\FERTILIZANTES\MILHO\Fertilizantes Campo 109.pdf -> nao foi encontrada a chave de acesso (44 digitos)
2026-09-23 12:47:43 | ERROR    | pipeline | FALHA 01_DADOS_OPERACIONAIS\FERTILIZANTES\MILHO\Fertilizantes Campo 110.pdf -> nao foi encontrada a chave de acesso (44 digitos)
2026-09-23 12:47:43 | ERROR    | pipeline | FALHA 01_DADOS_OPERACIONAIS\FERTILIZANTES\MILHO\Fertilizantes Campo 201.pdf -> nao foi encontrada a chave de acesso (44 digitos)
2026-09-23 12:47:43 | ERROR    | pipeline | FALHA 01_DADOS_OPERACIONAIS\FERTILIZANTES\MILHO\Fertilizantes Campo 202.pdf -> nao foi encontrada a chave de acesso (44 digitos)
2026-09-23 12:47:43 | ERROR    | pipeline | FALHA 01_DADOS_OPERACIONAIS\FERTILIZANTES\MILHO\Fertilizantes Campo 205.pdf -> nao foi encontrada a chave de acesso (44 digitos)
2026-09-23 12:47:43 | ERROR    | pipeline | FALHA 01_DADOS_OPERACIONAIS\FERTILIZANTES\MILHO\Fertilizantes Campo 206.pdf -> nao foi encontrada a chave de acesso (44 digitos)
2026-09-23 12:47:43 | ERROR    | pipeline | FALHA 01_DADOS_OPERACIONAIS\FERTILIZANTES\MILHO\Fertilizantes Campo 207.pdf -> nao foi encontrada a chave de acesso (44 digitos)
2026-09-23 12:47:43 | ERROR    | pipeline | FALHA 01_DADOS_OPERACIONAIS\FERTILIZANTES\MILHO\Fertilizantes Campo 208.pdf -> nao foi encontrada a chave de acesso (44 digitos)
2026-09-23 12:47:43 | ERROR    | pipeline | FALHA 01_DADOS_OPERACIONAIS\FERTILIZANTES\MILHO\Fertilizantes Campo 212.pdf -> nao foi encontrada a chave de acesso (44 digitos)
2026-09-23 12:47:43 | ERROR    | pipeline | FALHA 01_DADOS_OPERACIONAIS\FERTILIZANTES\MILHO\Fertilizantes Campo 301.pdf -> nao foi encontrada a chave de acesso (44 digitos)
2026-09-23 12:47:43 | ERROR    | pipeline | FALHA 01_DADOS_OPERACIONAIS\FERTILIZANTES\MILHO\Fertilizantes Campo 303.pdf -> nao foi encontrada a chave de acesso (44 digitos)
2026-09-23 12:47:43 | ERROR    | pipeline | FALHA 01_DADOS_OPERACIONAIS\FERTILIZANTES\MILHO\Fertilizantes Campo 304.pdf -> nao foi encontrada a chave de acesso (44 digitos)
2026-09-23 12:47:43 | ERROR    | pipeline | FALHA 01_DADOS_OPERACIONAIS\FERTILIZANTES\MILHO\Fertilizantes Campo 306.pdf -> nao foi encontrada a chave de acesso (44 digitos)
2026-09-23 12:47:43 | ERROR    | pipeline | FALHA 01_DADOS_OPERACIONAIS\FERTILIZANTES\MILHO\Fertilizantes Campo 501.pdf -> nao foi encontrada a chave de acesso (44 digitos)
2026-09-23 12:47:43 | ERROR    | pipeline | FALHA 01_DADOS_OPERACIONAIS\FERTILIZANTES\MILHO\Fertilizantes Campo 502.pdf -> nao foi encontrada a chave de acesso (44 digitos)
2026-09-23 12:47:43 | ERROR    | pipeline | FALHA 01_DADOS_OPERACIONAIS\FERTILIZANTES\MILHO\Fertilizantes Campo 503.pdf -> nao foi encontrada a chave de acesso (44 digitos)
2026-09-23 12:47:43 | ERROR    | pipeline | FALHA 01_DADOS_OPERACIONAIS\FERTILIZANTES\MILHO\Fertilizantes Campo 504.pdf -> nao foi encontrada a chave de acesso (44 digitos)
2026-09-23 12:47:43 | ERROR    | pipeline | FALHA 01_DADOS_OPERACIONAIS\FERTILIZANTES\MILHO\Fertilizantes Campo 506.pdf -> nao foi encontrada a chave de acesso (44 digitos)
2026-09-23 12:47:43 | ERROR    | pipeline | FALHA 01_DADOS_OPERACIONAIS\FERTILIZANTES\MILHO\Fertilizantes Campo 507.pdf -> nao foi encontrada a chave de acesso (44 digitos)
2026-09-23 12:47:43 | ERROR    | pipeline | FALHA 01_DADOS_OPERACIONAIS\FERTILIZANTES\MILHO\Fertilizantes Campo 508.pdf -> nao foi encontrada a chave de acesso (44 digitos)
2026-09-23 12:47:43 | ERROR    | pipeline | FALHA 01_DADOS_OPERACIONAIS\FERTILIZANTES\MILHO\Fertilizantes Campo Pivo 01.pdf -> nao foi encontrada a chave de acesso (44 digitos)
2026-09-23 12:47:43 | ERROR    | pipeline | FALHA 03_NOTAS_FISCAIS\NF_ENERGIA\Faz tropical extrato.pdf -> nao foi encontrada a chave de acesso (44 digitos)
2026-09-23 12:47:43 | ERROR    | pipeline | FALHA 03_NOTAS_FISCAIS\NF_ENERGIA\Faz. Ag extrato.pdf -> nao foi encontrada a chave de acesso (44 digitos)
2026-09-23 12:47:43 | ERROR    | pipeline | FALHA 03_NOTAS_FISCAIS\NF_ENERGIA\Faz. Antares extrato.pdf -> nao foi encontrada a chave de acesso (44 digitos)
2026-09-23 12:47:43 | ERROR    | pipeline | FALHA 03_NOTAS_FISCAIS\NF_ENERGIA\Faz. Arizona extrato.pdf -> nao foi encontrada a chave de acesso (44 digitos)
2026-09-23 12:47:43 | ERROR    | pipeline | FALHA 03_NOTAS_FISCAIS\NF_ENERGIA\Faz. Ponte de Pedra extrato.pdf -> nao foi encontrada a chave de acesso (44 digitos)
2026-09-23 12:47:43 | INFO     | pipeline | JSON=C:\Users\MatheusMartinelli\OneDrive - Agrorobotica Fotonica Em Certificacoes Agroambientais\VERRA_Farmer\OS_050_Sementes Tropical\03_ENVIO_DE_DOCUMENTOS\2022\notas_fiscais.json CSV=C:\Users\MatheusMartinelli\OneDrive - Agrorobotica Fotonica Em Certificacoes Agroambientais\VERRA_Farmer\OS_050_Sementes Tropical\03_ENVIO_DE_DOCUMENTOS\2022\notas_fiscais.csv
2026-09-23 16:06:42 | DEBUG    | campos: rotulo 'DADOS DO PRODUTO' nao encontrado
2026-09-23 16:06:42 | DEBUG    | campos: rotulo 'DADOS ADICIONAIS' nao encontrado
2026-09-23 16:06:42 | WARNING  | produtos: regiao de produtos invalida (e1=False e2=False ini_y=None fin_y=None)
2026-09-23 16:06:42 | DEBUG    | campos: rotulo 'DADOS DO PRODUTO' nao encontrado
2026-09-23 16:06:42 | DEBUG    | campos: rotulo 'DADOS ADICIONAIS' nao encontrado
2026-09-23 16:06:42 | WARNING  | produtos: regiao de produtos invalida (e1=False e2=False ini_y=None fin_y=None)
2026-09-23 16:06:42 | DEBUG    | campos: rotulo 'DADOS DO PRODUTO' nao encontrado
2026-09-23 16:06:42 | DEBUG    | campos: rotulo 'DADOS ADICIONAIS' nao encontrado
2026-09-23 16:06:42 | WARNING  | produtos: regiao de produtos invalida (e1=False e2=False ini_y=None fin_y=None)
2026-09-23 16:06:42 | DEBUG    | campos: rotulo 'DADOS DO PRODUTO' nao encontrado
2026-09-23 16:06:42 | DEBUG    | campos: rotulo 'DADOS ADICIONAIS' nao encontrado
2026-09-23 16:06:42 | WARNING  | produtos: regiao de produtos invalida (e1=False e2=False ini_y=None fin_y=None)
2026-09-23 16:06:42 | DEBUG    | campos: rotulo 'DADOS DO PRODUTO' nao encontrado
2026-09-23 16:06:42 | DEBUG    | campos: rotulo 'DADOS ADICIONAIS' nao encontrado
2026-09-23 16:06:42 | WARNING  | produtos: regiao de produtos invalida (e1=False e2=False ini_y=None fin_y=None)
2026-09-23 16:06:42 | DEBUG    | campos: rotulo 'DADOS DO PRODUTO' nao encontrado
2026-09-23 16:06:42 | DEBUG    | campos: rotulo 'DADOS ADICIONAIS' nao encontrado
2026-09-23 16:06:42 | WARNING  | produtos: regiao de produtos invalida (e1=False e2=False ini_y=None fin_y=None)
2026-09-23 16:06:42 | DEBUG    | campos: rotulo 'DADOS DO PRODUTO' nao encontrado
2026-09-23 16:06:42 | DEBUG    | campos: rotulo 'DADOS ADICIONAIS' nao encontrado
2026-09-23 16:06:42 | WARNING  | produtos: regiao de produtos invalida (e1=False e2=False ini_y=None fin_y=None)
2026-09-23 16:06:42 | DEBUG    | campos: rotulo 'DADOS DO PRODUTO' nao encontrado
2026-09-23 16:06:42 | DEBUG    | campos: rotulo 'DADOS ADICIONAIS' nao encontrado
2026-09-23 16:06:42 | WARNING  | produtos: regiao de produtos invalida (e1=False e2=False ini_y=None fin_y=None)
2026-09-23 16:06:42 | INFO     | produtos: cabecalho detectado pelo criterio '2. CODIGO+CFOP'
2026-09-23 16:06:42 | INFO     | produtos: colunas mapeadas (12): ['bc_icms', 'valor_unitario', 'valor_ipi', 'valor_icms', 'valor_total', 'unidade', 'quantidade', 'origem_cst', 'cfop', 'ncm', 'descricao', 'codigo']
2026-09-23 16:06:42 | INFO     | produtos: 0 item(ns) extraido(s)
2026-09-23 16:06:42 | INFO     | produtos: total combinado (paginas) = 0
2026-09-23 16:06:42 | INFO     | produtos: cabecalho detectado pelo criterio '2. CODIGO+CFOP'
2026-09-23 16:06:42 | INFO     | produtos: colunas mapeadas (11): ['codigo', 'descricao', 'valor_unitario', 'ncm', 'bc_icms', 'origem_cst', 'unidade', 'cfop', 'quantidade', 'valor_total', 'valor_icms']
2026-09-23 16:06:42 | DEBUG    | produtos: novo item -> {'codigo': '3', 'descricao': 'CALCARIODOLOMITICOPOSTO', 'bc_icms': 'ICMS', 'valor_icms': 'VAIORIPI ICMS'}
2026-09-23 16:06:42 | INFO     | produtos: 1 item(ns) extraido(s)
2026-09-23 16:06:42 | INFO     | produtos: item 1 codigo='3 B.C.3Origem R$0.00 ICMSretido0.00 CALCULO DO ISSQN INSCRICAOMUNICIPAL DADOSADICIONAIS' descricao='CALCARIODOLOMITICOPOSTO ANCADC 10/ Ass.' ncm='25181000' und='TN' qtde='47,2600 BASEDECALCULO DOISSQN' vlr_unit='240,00' vlr_total='11.342.4d'
2026-09-23 16:06:42 | INFO     | produtos: total combinado (paginas) = 1
2026-09-23 16:06:42 | WARNING  | produtos: cabecalho da tabela NAO encontrado (regiao y=1405..2409 p1, itens=41)
2026-09-23 16:06:42 | INFO     | produtos: total combinado (paginas) = 0
2026-09-23 16:06:42 | WARNING  | produtos: cabecalho da tabela NAO encontrado (regiao y=1408..2411 p1, itens=38)
2026-09-23 16:06:42 | INFO     | produtos: total combinado (paginas) = 0
2026-09-23 16:06:42 | INFO     | produtos: cabecalho detectado pelo criterio '2. CODIGO+CFOP'
2026-09-23 16:06:42 | INFO     | produtos: colunas mapeadas (12): ['bc_icms', 'valor_unitario', 'valor_ipi', 'valor_icms', 'valor_total', 'quantidade', 'unidade', 'cfop', 'origem_cst', 'ncm', 'descricao', 'codigo']
2026-09-23 16:06:42 | DEBUG    | produtos: novo item -> {'codigo': '3', 'descricao': 'CALCARIODOLOMITICOPOSTO'}
2026-09-23 16:06:42 | INFO     | produtos: 1 item(ns) extraido(s)
2026-09-23 16:06:42 | INFO     | produtos: item 1 codigo='3 CALCULO DOISSQN INSCRICAO MUNICIPAL DADOSADICIONAIS' descricao='CALCARIODOLOMITICOPOSTO ANCADC VAsS. B.C.3OrigemRS0,001CMS retido0.00' ncm=None und=None qtde='BASEDECALCULODOISSQN' vlr_unit=None vlr_total=None
2026-09-23 16:06:42 | INFO     | produtos: total combinado (paginas) = 1
2026-09-23 16:06:42 | INFO     | produtos: cabecalho detectado pelo criterio '3. CODIGO+DESCRICAO (sem CFOP no cab)'
2026-09-23 16:06:42 | INFO     | produtos: colunas mapeadas (10): ['valor_icms', 'valor_unitario', 'valor_total', 'quantidade', 'unidade', 'cfop', 'origem_cst', 'ncm', 'descricao', 'codigo']
2026-09-23 16:06:42 | DEBUG    | produtos: novo item -> {'codigo': '3', 'descricao': 'CALCARIODOLOMITICOPOSTO'}
2026-09-23 16:06:42 | INFO     | produtos: 1 item(ns) extraido(s)
2026-09-23 16:06:42 | INFO     | produtos: item 1 codigo='3 CALCULO DOISSQN INSCRICAOMUNICIPAL DADOSADICIONAIS' descricao='CALCARIODOLOMITICOPOSTO LANCADC 0 Ass. B.C.3OrigemR$0.00 ICMSretido0.00' ncm=None und=None qtde='BASEDECALCULODOISSQN' vlr_unit=None vlr_total=None
2026-09-23 16:06:42 | INFO     | produtos: total combinado (paginas) = 1
2026-09-23 16:06:42 | INFO     | produtos: cabecalho detectado pelo criterio '3. CODIGO+DESCRICAO (sem CFOP no cab)'
2026-09-23 16:06:42 | INFO     | produtos: colunas mapeadas (11): ['bc_icms', 'valor_unitario', 'valor_ipi', 'valor_icms', 'valor_total', 'unidade', 'cfop', 'origem_cst', 'ncm', 'descricao', 'codigo']
2026-09-23 16:06:42 | INFO     | produtos: 0 item(ns) extraido(s)
2026-09-23 16:06:42 | INFO     | produtos: total combinado (paginas) = 0
2026-09-23 16:06:42 | WARNING  | produtos: cabecalho da tabela NAO encontrado (regiao y=1453..2470 p1, itens=37)
2026-09-23 16:06:42 | INFO     | produtos: total combinado (paginas) = 0
2026-09-23 16:06:42 | INFO     | produtos: cabecalho detectado pelo criterio '3. CODIGO+DESCRICAO (sem CFOP no cab)'
2026-09-23 16:06:42 | INFO     | produtos: colunas mapeadas (8): ['quantidade', 'unidade', 'cfop', 'origem_cst', 'ncm', 'descricao', 'codigo', 'valor_total']
2026-09-23 16:06:42 | DEBUG    | produtos: novo item -> {'codigo': '3', 'descricao': 'CALCARIODOLOMITICOPOSTO'}
2026-09-23 16:06:42 | INFO     | produtos: 1 item(ns) extraido(s)
2026-09-23 16:06:42 | INFO     | produtos: item 1 codigo='3 CALCULODO ISSQN INSCRICAOMUNICIPAL DADOSADICIONAIS' descricao='CALCARIODOLOMITICOPOSTO LANCAi. AsS. B.C.3Origem RS0.00ICMSretido0.00' ncm=None und=None qtde='BASEDECALCULODOISSQN RESERVADOAOFISCO' vlr_unit=None vlr_total=None
2026-09-23 16:06:42 | INFO     | produtos: total combinado (paginas) = 1
2026-09-23 16:06:42 | INFO     | produtos: cabecalho detectado pelo criterio '2. CODIGO+CFOP'
2026-09-23 16:06:42 | INFO     | produtos: colunas mapeadas (12): ['valor_unitario', 'bc_icms', 'descricao', 'codigo', 'ncm', 'valor_icms', 'origem_cst', 'cfop', 'unidade', 'quantidade', 'valor_total', 'valor_ipi']
2026-09-23 16:06:42 | DEBUG    | produtos: novo item -> {'codigo': '3', 'descricao': 'CALCARIODOLOMITICOPOSTO', 'ncm': '25181000', 'origem_cst': '040', 'cfop': '5102', 'unidade': 'TN', 'quantidade': '48,2600', 'valor_unitario': '225,00', 'valor_total': '10.858.50', 'bc_icms': '0,00', 'valor_icms': '0.00', 'valor_ipi': '0.00 0.00 0.00'}
2026-09-23 16:06:42 | INFO     | produtos: 1 item(ns) extraido(s)
2026-09-23 16:06:42 | INFO     | produtos: item 1 codigo='3 B.C.3OrigemR$0.00ICMSretido0,00 CALCULODOISSQN INSCRICAOMUNICIPAL DADOSADICIONAIS' descricao='CALCARIODOLOMITICOPOSTO' ncm='25181000' und='TN' qtde='48,2600 BASEDECALCULODOISSQN' vlr_unit='225,00' vlr_total='10.858.50'
2026-09-23 16:06:42 | INFO     | produtos: total combinado (paginas) = 1
2026-09-23 16:06:42 | INFO     | produtos: cabecalho detectado pelo criterio '2. CODIGO+CFOP'
2026-09-23 16:06:42 | INFO     | produtos: colunas mapeadas (11): ['codigo', 'descricao', 'valor_unitario', 'bc_icms', 'ncm', 'origem_cst', 'cfop', 'unidade', 'quantidade', 'valor_total', 'valor_icms']
2026-09-23 16:06:42 | DEBUG    | produtos: novo item -> {'codigo': '3', 'descricao': 'CALCARIODOLOMITICOPOSTO', 'ncm': '25181000', 'origem_cst': '040', 'cfop': '5102', 'bc_icms': 'ICMS', 'valor_icms': 'ICMS'}
2026-09-23 16:06:42 | INFO     | produtos: 1 item(ns) extraido(s)
2026-09-23 16:06:42 | INFO     | produtos: item 1 codigo='3 B.C.3OrigemRS0,00ICMSretido0.00 CALCULO DO ISSQN INSCRICAO MUNICIPAL DADOSADICIONAIS' descricao='CALCARIODOLOMITICOPOSTO' ncm='25181000' und='TN' qtde='47,6200 BASEDECALCULODOISSQN' vlr_unit='225,00' vlr_total='10.714,50'
2026-09-23 16:06:42 | INFO     | produtos: total combinado (paginas) = 1
2026-09-23 16:06:42 | INFO     | produtos: cabecalho detectado pelo criterio '2. CODIGO+CFOP'
2026-09-23 16:06:42 | INFO     | produtos: colunas mapeadas (12): ['valor_unitario', 'codigo', 'bc_icms', 'descricao', 'ncm', 'origem_cst', 'cfop', 'unidade', 'quantidade', 'valor_total', 'valor_icms', 'valor_ipi']
2026-09-23 16:06:42 | DEBUG    | produtos: novo item -> {'codigo': '3', 'descricao': 'CALCARIODOLOMITICOPOSTO', 'ncm': '25181000', 'origem_cst': '040', 'cfop': '5102', 'unidade': 'TN', 'quantidade': '48,0400', 'valor_unitario': '220,00', 'valor_total': '10.568.80', 'bc_icms': '0,00', 'valor_icms': '0.00', 'valor_ipi': '0.00 0,00 0,00'}
2026-09-23 16:06:42 | INFO     | produtos: 1 item(ns) extraido(s)
2026-09-23 16:06:42 | INFO     | produtos: item 1 codigo='3 B.C.3OrigemR$0.00ICMSretido0.00 CALCULODOISSQN INSCRICAO MUNICIPAL DADOSADICIONAIS' descricao='CALCARIODOLOMITICOPOSTO' ncm='25181000' und='TN' qtde='48,0400 BASEDECALCULODOISSQN' vlr_unit='220,00' vlr_total='10.568.80'
2026-09-23 16:06:42 | INFO     | produtos: total combinado (paginas) = 1
2026-09-23 16:06:42 | INFO     | produtos: cabecalho detectado pelo criterio '2. CODIGO+CFOP'
2026-09-23 16:06:42 | INFO     | produtos: colunas mapeadas (12): ['valor_unitario', 'codigo', 'bc_icms', 'descricao', 'ncm', 'origem_cst', 'cfop', 'unidade', 'quantidade', 'valor_icms', 'valor_ipi', 'valor_total']
2026-09-23 16:06:42 | DEBUG    | produtos: novo item -> {'codigo': '3', 'descricao': 'CALCARIODOLOMITICOPOSTO', 'ncm': '25181000', 'bc_icms': 'ICMS', 'valor_ipi': 'ICMS IP1'}
2026-09-23 16:06:42 | INFO     | produtos: 1 item(ns) extraido(s)
2026-09-23 16:06:42 | INFO     | produtos: item 1 codigo='3 B.C.3OrigemR$0.00ICMSretido0.00 CALCULODOISSQN INSCRICAO MUNICIPAL DADOSADICIONAIS' descricao='CALCARIODOLOMITICOPOSTO' ncm='25181000' und='TN' qtde='47,2200 BASEDECALCULODOISSQN' vlr_unit='225,00' vlr_total=None
2026-09-23 16:06:42 | INFO     | produtos: total combinado (paginas) = 1
2026-09-23 16:06:42 | WARNING  | produtos: cabecalho da tabela NAO encontrado (regiao y=1723..2761 p1, itens=38)
2026-09-23 16:06:42 | INFO     | produtos: total combinado (paginas) = 0
2026-09-23 16:06:42 | INFO     | produtos: cabecalho detectado pelo criterio '2. CODIGO+CFOP'
2026-09-23 16:06:42 | INFO     | produtos: colunas mapeadas (12): ['codigo', 'valor_unitario', 'bc_icms', 'descricao', 'ncm', 'cfop', 'origem_cst', 'unidade', 'quantidade', 'valor_total', 'valor_icms', 'valor_ipi']
2026-09-23 16:06:42 | DEBUG    | produtos: novo item -> {'codigo': '3', 'descricao': 'CALCARIODOLOMITICOPOSTO', 'bc_icms': 'ICMS', 'valor_ipi': 'ICM'}
2026-09-23 16:06:42 | INFO     | produtos: 1 item(ns) extraido(s)
2026-09-23 16:06:42 | INFO     | produtos: item 1 codigo='3 B.C.3OrigemRS0,00ICMSretido0.00 CALCULODOISSQN INSCRICAOMUNICIPAL DADOSADICIONAIS' descricao='CALCARIODOLOMITICOPOSTO' ncm='25181000' und='TN' qtde='47,7800 BASEDECALCULODOISSQN' vlr_unit='220.00' vlr_total='10.511,60'
2026-09-23 16:06:42 | INFO     | produtos: total combinado (paginas) = 1
2026-09-23 16:06:42 | INFO     | produtos: cabecalho detectado pelo criterio '2. CODIGO+CFOP'
2026-09-23 16:06:42 | INFO     | produtos: colunas mapeadas (12): ['valor_unitario', 'bc_icms', 'codigo', 'descricao', 'ncm', 'origem_cst', 'unidade', 'cfop', 'quantidade', 'valor_total', 'valor_icms', 'valor_ipi']
2026-09-23 16:06:42 | DEBUG    | produtos: novo item -> {'codigo': '3', 'descricao': 'CALCARIODOLOMITICOPOSTO', 'ncm': '25181000', 'origem_cst': '040', 'cfop': '5102', 'unidade': 'TN', 'quantidade': '46,4000', 'valor_unitario': '225.00', 'valor_total': '10.440.00', 'bc_icms': '0.00', 'valor_icms': '0.00', 'valor_ipi': '0.00 0.00 0.00'}
2026-09-23 16:06:42 | INFO     | produtos: 1 item(ns) extraido(s)
2026-09-23 16:06:42 | INFO     | produtos: item 1 codigo='3 B.C.3Origem RS0.00 ICMSretido0.00 CALCULODOISSQN INSCRICAO MUNICIPAL DADOSADICIONAIS' descricao='CALCARIODOLOMITICOPOSTO' ncm='25181000' und='TN' qtde='46,4000 BASEDECALCULODOISSQN' vlr_unit='225.00' vlr_total='10.440.00'
2026-09-23 16:06:42 | INFO     | produtos: total combinado (paginas) = 1
2026-09-23 16:06:42 | INFO     | produtos: cabecalho detectado pelo criterio '2. CODIGO+CFOP'
2026-09-23 16:06:42 | INFO     | produtos: colunas mapeadas (11): ['valor_unitario', 'codigo', 'bc_icms', 'descricao', 'ncm', 'unidade', 'origem_cst', 'cfop', 'quantidade', 'valor_total', 'valor_ipi']
2026-09-23 16:06:42 | DEBUG    | produtos: novo item -> {'codigo': '3', 'descricao': 'CALCARIODOLOMITICOPOSTO', 'bc_icms': 'ICMS', 'valor_ipi': 'ICMS'}
2026-09-23 16:06:42 | INFO     | produtos: 1 item(ns) extraido(s)
2026-09-23 16:06:42 | INFO     | produtos: item 1 codigo='3 B.C.3Origem R$0.00ICMS retido0,00 CALCULODOISSQN INSCRICAO MUNICIPAL DADOSADICIONAIS' descricao='CALCARIODOLOMITICOPOSTO' ncm='25181000' und='TN' qtde='47,5600 BASEDECALCULODOISSQN' vlr_unit='225,00' vlr_total='10.701.00'
2026-09-23 16:06:42 | INFO     | produtos: total combinado (paginas) = 1
2026-09-23 16:06:42 | INFO     | produtos: cabecalho detectado pelo criterio '2. CODIGO+CFOP'
2026-09-23 16:06:42 | INFO     | produtos: colunas mapeadas (10): ['codigo', 'valor_unitario', 'descricao', 'bc_icms', 'ncm', 'origem_cst', 'cfop', 'unidade', 'valor_total', 'valor_icms']
2026-09-23 16:06:42 | DEBUG    | produtos: novo item -> {'codigo': '3', 'descricao': 'CALCARIODOLOMITICOPOSTO', 'ncm': '25181000', 'bc_icms': 'ICMS', 'valor_icms': 'ICMS'}
2026-09-23 16:06:42 | INFO     | produtos: 1 item(ns) extraido(s)
2026-09-23 16:06:42 | INFO     | produtos: item 1 codigo='3 B.C.3OrigemRS0.00ICMSretido0.00 CALCULODOISSQN INSCRICAOMUNICIPAL DADOSADICIONAIS' descricao='CALCARIODOLOMITICOPOSTO' ncm='25181000' und='TN' qtde=None vlr_unit='47,3000 225,00 BASEDECALCULODOISSQN' vlr_total='10.642.50'
2026-09-23 16:06:42 | INFO     | produtos: total combinado (paginas) = 1
2026-09-23 16:06:42 | DEBUG    | campos: rotulo 'DADOS DO PRODUTO' nao encontrado
2026-09-23 16:06:42 | WARNING  | produtos: regiao de produtos invalida (e1=False e2=True ini_y=None fin_y=2808.0)
2026-09-23 16:06:42 | INFO     | produtos: cabecalho detectado pelo criterio '2. CODIGO+CFOP'
2026-09-23 16:06:42 | INFO     | produtos: colunas mapeadas (12): ['codigo', 'valor_unitario', 'descricao', 'bc_icms', 'ncm', 'origem_cst', 'cfop', 'unidade', 'quantidade', 'valor_total', 'valor_icms', 'valor_ipi']
2026-09-23 16:06:42 | DEBUG    | produtos: novo item -> {'codigo': '3', 'descricao': 'CALCARIODOLOMITICOPOSTO', 'ncm': '25181000', 'origem_cst': '040', 'bc_icms': 'ICMS', 'valor_ipi': 'ICMS IPI'}
2026-09-23 16:06:42 | INFO     | produtos: 1 item(ns) extraido(s)
2026-09-23 16:06:42 | INFO     | produtos: item 1 codigo='3 B.C.3 Origem R$0.00ICMS retido0.00 CALCULO DOISSQN INSCRICAO MUNICIPAL DADOSADICIONAIS' descricao='CALCARIODOLOMITICOPOSTO' ncm='25181000' und='TN' qtde='48,0200 BASEDECALCULODOISSQN' vlr_unit='225,00' vlr_total='10.804.50'
2026-09-23 16:06:42 | INFO     | produtos: total combinado (paginas) = 1
2026-09-23 16:06:42 | WARNING  | produtos: cabecalho da tabela NAO encontrado (regiao y=1730..2820 p1, itens=38)
2026-09-23 16:06:42 | INFO     | produtos: total combinado (paginas) = 0
2026-09-23 16:06:42 | INFO     | produtos: cabecalho detectado pelo criterio '2. CODIGO+CFOP'
2026-09-23 16:06:42 | INFO     | produtos: colunas mapeadas (10): ['valor_unitario', 'codigo', 'descricao', 'ncm', 'origem_cst', 'cfop', 'unidade', 'quantidade', 'valor_icms', 'valor_total']
2026-09-23 16:06:42 | DEBUG    | produtos: novo item -> {'codigo': '3', 'descricao': 'CALCARIODOLOMITICOPOSTO', 'ncm': '25181000', 'origem_cst': '040', 'cfop': '5102', 'unidade': 'TN', 'quantidade': '48,8600', 'valor_unitario': '225,00', 'valor_total': '10.993,59', 'valor_icms': '0.00 0.00 0,00 0.00'}
2026-09-23 16:06:42 | INFO     | produtos: 1 item(ns) extraido(s)
2026-09-23 16:06:42 | INFO     | produtos: item 1 codigo='3 B.C.3OrigemR$0.001CMS retido0.00 CALCULODOISSQN INSCRICAO MUNICIPAL DADOSADICIONAIS' descricao='CALCARIODOLOMITICOPOSTO' ncm='25181000' und='TN' qtde='48,8600 BASEDECALCULODOISSQN' vlr_unit='225,00' vlr_total='10.993,59'
2026-09-23 16:06:42 | INFO     | produtos: total combinado (paginas) = 1
2026-09-23 16:06:42 | WARNING  | produtos: cabecalho da tabela NAO encontrado (regiao y=1739..2827 p1, itens=38)
2026-09-23 16:06:42 | INFO     | produtos: total combinado (paginas) = 0
2026-09-23 16:06:42 | INFO     | produtos: cabecalho detectado pelo criterio '2. CODIGO+CFOP'
2026-09-23 16:06:42 | INFO     | produtos: colunas mapeadas (11): ['valor_unitario', 'codigo', 'bc_icms', 'descricao', 'ncm', 'origem_cst', 'cfop', 'unidade', 'quantidade', 'valor_ipi', 'valor_total']
2026-09-23 16:06:42 | INFO     | produtos: 0 item(ns) extraido(s)
2026-09-23 16:06:42 | INFO     | produtos: total combinado (paginas) = 0
2026-09-23 16:06:42 | WARNING  | produtos: cabecalho da tabela NAO encontrado (regiao y=1728..2813 p1, itens=38)
2026-09-23 16:06:42 | INFO     | produtos: total combinado (paginas) = 0
2026-09-23 16:06:42 | WARNING  | produtos: cabecalho da tabela NAO encontrado (regiao y=1709..2750 p1, itens=38)
2026-09-23 16:06:42 | INFO     | produtos: total combinado (paginas) = 0
2026-09-23 16:06:42 | WARNING  | produtos: cabecalho da tabela NAO encontrado (regiao y=1719..2775 p1, itens=38)
2026-09-23 16:06:42 | INFO     | produtos: total combinado (paginas) = 0
2026-09-23 16:06:42 | INFO     | produtos: cabecalho detectado pelo criterio '2. CODIGO+CFOP'
2026-09-23 16:06:42 | INFO     | produtos: colunas mapeadas (10): ['codigo', 'descricao', 'valor_unitario', 'ncm', 'bc_icms', 'origem_cst', 'cfop', 'unidade', 'valor_ipi', 'valor_total']
2026-09-23 16:06:42 | INFO     | produtos: 0 item(ns) extraido(s)
2026-09-23 16:06:42 | INFO     | produtos: total combinado (paginas) = 0
2026-09-23 16:06:42 | WARNING  | produtos: cabecalho da tabela NAO encontrado (regiao y=1736..2825 p1, itens=38)
2026-09-23 16:06:42 | INFO     | produtos: total combinado (paginas) = 0
2026-09-23 16:06:42 | WARNING  | produtos: cabecalho da tabela NAO encontrado (regiao y=1751..2839 p1, itens=38)
2026-09-23 16:06:42 | INFO     | produtos: total combinado (paginas) = 0
2026-09-23 16:06:42 | INFO     | produtos: cabecalho detectado pelo criterio '2. CODIGO+CFOP'
2026-09-23 16:06:42 | INFO     | produtos: colunas mapeadas (12): ['codigo', 'valor_unitario', 'bc_icms', 'descricao', 'ncm', 'origem_cst', 'cfop', 'unidade', 'quantidade', 'valor_icms', 'valor_ipi', 'valor_total']
2026-09-23 16:06:42 | DEBUG    | produtos: novo item -> {'codigo': '3', 'descricao': 'CALCARIODOLOMITICOPOSTO', 'ncm': '25181000', 'bc_icms': 'ICMS', 'valor_ipi': 'ICMS IP1'}
2026-09-23 16:06:42 | INFO     | produtos: 1 item(ns) extraido(s)
2026-09-23 16:06:42 | INFO     | produtos: item 1 codigo='3 B.C.3OrigemR$0,00ICMS retido0,00 CALCULODOISSQN INSCRICAOMUNICIPAL DADOSADICIONAIS' descricao='CALCARIODOLOMITICOPOSTO' ncm='25181000' und='TN' qtde='46,9400 BASEDECALCULODOISSQN' vlr_unit='225,00' vlr_total=None
2026-09-23 16:06:42 | INFO     | produtos: total combinado (paginas) = 1
2026-09-23 16:06:42 | INFO     | produtos: cabecalho detectado pelo criterio '2. CODIGO+CFOP'
2026-09-23 16:06:42 | INFO     | produtos: colunas mapeadas (12): ['codigo', 'valor_unitario', 'descricao', 'bc_icms', 'ncm', 'origem_cst', 'cfop', 'unidade', 'quantidade', 'valor_total', 'valor_icms', 'valor_ipi']
2026-09-23 16:06:42 | DEBUG    | produtos: novo item -> {'codigo': '3', 'descricao': 'CALCARIODOLOMITICOPOSTO', 'ncm': '25181000', 'bc_icms': 'ICMS', 'valor_ipi': 'ICMS IPI'}
2026-09-23 16:06:42 | INFO     | produtos: 1 item(ns) extraido(s)
2026-09-23 16:06:42 | INFO     | produtos: item 1 codigo='3 B.C.3OrigemR50.00ICMSretido0.00 CALCULODOISSQN INSCRICAO MUNICIPAL DADOSADICIONAIS' descricao='CALCARIODOLOMITICOPOSTO' ncm='25181000' und='TN' qtde='47.7400 BASEDECALCULODOISSQN' vlr_unit='220,00' vlr_total='10.502.80'
2026-09-23 16:06:42 | INFO     | produtos: total combinado (paginas) = 1
2026-09-23 16:06:42 | WARNING  | produtos: cabecalho da tabela NAO encontrado (regiao y=1722..2811 p1, itens=38)
2026-09-23 16:06:42 | INFO     | produtos: total combinado (paginas) = 0
2026-09-23 16:06:42 | WARNING  | produtos: cabecalho da tabela NAO encontrado (regiao y=1726..2814 p1, itens=37)
2026-09-23 16:06:42 | INFO     | produtos: total combinado (paginas) = 0
2026-09-23 16:06:42 | INFO     | produtos: cabecalho detectado pelo criterio '2. CODIGO+CFOP'
2026-09-23 16:06:42 | INFO     | produtos: colunas mapeadas (12): ['codigo', 'descricao', 'valor_unitario', 'ncm', 'origem_cst', 'cfop', 'bc_icms', 'unidade', 'quantidade', 'valor_total', 'valor_icms', 'valor_ipi']
2026-09-23 16:06:42 | DEBUG    | produtos: novo item -> {'codigo': '3', 'descricao': 'CALCARIODOLOMITICOPOSTO', 'bc_icms': 'ICMS', 'valor_ipi': 'ICMS ALIQ ALIQ IPI'}
2026-09-23 16:06:42 | INFO     | produtos: 1 item(ns) extraido(s)
2026-09-23 16:06:42 | INFO     | produtos: item 1 codigo='3 B.C.3OrigemR$0.00ICMSretido0,00 CALCULODOISSQN INSCRICAO MUNICIPAL DADOSADICIONAIS' descricao='CALCARIODOLOMITICOPOSTO' ncm='25181000' und='TN' qtde='46,7400 BASEDECALCULODOISSON' vlr_unit='225,00' vlr_total='10.516,50'
2026-09-23 16:06:42 | INFO     | produtos: total combinado (paginas) = 1
2026-09-23 16:06:42 | WARNING  | produtos: cabecalho da tabela NAO encontrado (regiao y=1747..2841 p1, itens=37)
2026-09-23 16:06:42 | INFO     | produtos: total combinado (paginas) = 0
2026-09-23 16:06:42 | WARNING  | produtos: cabecalho da tabela NAO encontrado (regiao y=1730..2822 p1, itens=38)
2026-09-23 16:06:42 | INFO     | produtos: total combinado (paginas) = 0
2026-09-23 16:06:42 | WARNING  | produtos: cabecalho da tabela NAO encontrado (regiao y=1738..2828 p1, itens=38)
2026-09-23 16:06:42 | INFO     | produtos: total combinado (paginas) = 0
2026-09-23 16:06:42 | INFO     | produtos: cabecalho detectado pelo criterio '2. CODIGO+CFOP'
2026-09-23 16:06:42 | INFO     | produtos: colunas mapeadas (11): ['bc_icms', 'valor_unitario', 'valor_ipi', 'unidade', 'quantidade', 'descricao', 'ncm', 'origem_cst', 'cfop', 'codigo', 'valor_total']
2026-09-23 16:06:42 | DEBUG    | produtos: novo item -> {'codigo': '3', 'descricao': 'CALCARIODOLOMITICOPOSTO', 'ncm': '25181000', 'origem_cst': '040', 'cfop': '5102', 'unidade': 'TN', 'quantidade': '48,0800', 'valor_unitario': '225,00', 'bc_icms': '10.818.00 0.00', 'valor_ipi': '0.00 0.00 0.00 0.0'}
2026-09-23 16:06:42 | INFO     | produtos: 1 item(ns) extraido(s)
2026-09-23 16:06:42 | INFO     | produtos: item 1 codigo='3 B.C.3OrigemR$0,00ICMSretido0.00 CALCULODOISSQN INSCRICAO MUNICIPAL DADOSADICIONAIS' descricao='CALCARIODOLOMITICOPOSTO' ncm='25181000' und='TN' qtde='48,0800 BASEDECALCULODOISSQN' vlr_unit='225,00' vlr_total=None
2026-09-23 16:06:42 | INFO     | produtos: total combinado (paginas) = 1
2026-09-23 16:06:42 | WARNING  | produtos: cabecalho da tabela NAO encontrado (regiao y=1415..2480 p1, itens=18)
2026-09-23 16:06:42 | INFO     | produtos: total combinado (paginas) = 0
2026-09-23 16:06:42 | WARNING  | produtos: cabecalho da tabela NAO encontrado (regiao y=1406..2466 p1, itens=19)
2026-09-23 16:06:42 | INFO     | produtos: total combinado (paginas) = 0
2026-09-23 16:06:42 | INFO     | produtos: cabecalho detectado pelo criterio '4. CODIGO somente (fallback final)'
2026-09-23 16:06:42 | INFO     | produtos: colunas mapeadas (0): []
2026-09-23 16:06:42 | INFO     | produtos: 0 item(ns) extraido(s)
2026-09-23 16:06:42 | INFO     | produtos: total combinado (paginas) = 0
2026-09-23 16:06:42 | INFO     | produtos: cabecalho detectado pelo criterio '4. CODIGO somente (fallback final)'
2026-09-23 16:06:42 | INFO     | produtos: colunas mapeadas (0): []
2026-09-23 16:06:42 | INFO     | produtos: 0 item(ns) extraido(s)
2026-09-23 16:06:42 | INFO     | produtos: total combinado (paginas) = 0
2026-09-23 16:06:42 | WARNING  | produtos: cabecalho da tabela NAO encontrado (regiao y=1434..2499 p1, itens=23)
2026-09-23 16:06:42 | INFO     | produtos: total combinado (paginas) = 0
2026-09-23 16:06:42 | WARNING  | produtos: cabecalho da tabela NAO encontrado (regiao y=1422..2484 p1, itens=22)
2026-09-23 16:06:42 | INFO     | produtos: total combinado (paginas) = 0
2026-09-23 16:06:42 | WARNING  | produtos: cabecalho da tabela NAO encontrado (regiao y=1422..2482 p1, itens=23)
2026-09-23 16:06:42 | INFO     | produtos: total combinado (paginas) = 0
2026-09-23 16:06:42 | WARNING  | produtos: cabecalho da tabela NAO encontrado (regiao y=1385..2443 p1, itens=23)
2026-09-23 16:06:42 | INFO     | produtos: total combinado (paginas) = 0
2026-09-23 16:06:42 | INFO     | produtos: cabecalho detectado pelo criterio '4. CODIGO somente (fallback final)'
2026-09-23 16:06:42 | INFO     | produtos: colunas mapeadas (0): []
2026-09-23 16:06:42 | INFO     | produtos: 0 item(ns) extraido(s)
2026-09-23 16:06:42 | INFO     | produtos: total combinado (paginas) = 0
2026-09-23 16:06:42 | WARNING  | produtos: cabecalho da tabela NAO encontrado (regiao y=1753..2820 p1, itens=26)
2026-09-23 16:06:42 | INFO     | produtos: total combinado (paginas) = 0
2026-09-23 16:06:42 | WARNING  | produtos: cabecalho da tabela NAO encontrado (regiao y=1416..2483 p1, itens=35)
2026-09-23 16:06:42 | INFO     | produtos: total combinado (paginas) = 0
2026-09-23 16:06:42 | INFO     | produtos: cabecalho detectado pelo criterio '4. CODIGO somente (fallback final)'
2026-09-23 16:06:42 | INFO     | produtos: colunas mapeadas (1): ['valor_total']
2026-09-23 16:06:42 | INFO     | produtos: 0 item(ns) extraido(s)
2026-09-23 16:06:42 | INFO     | produtos: total combinado (paginas) = 0
2026-09-23 16:06:42 | INFO     | produtos: cabecalho detectado pelo criterio '4. CODIGO somente (fallback final)'
2026-09-23 16:06:42 | INFO     | produtos: colunas mapeadas (8): ['valor_ipi', 'valor_total', 'valor_unitario', 'desconto', 'quantidade', 'unidade', 'ncm', 'codigo']
2026-09-23 16:06:42 | INFO     | produtos: 0 item(ns) extraido(s)
2026-09-23 16:06:42 | INFO     | produtos: total combinado (paginas) = 0
2026-09-23 16:06:42 | DEBUG    | campos: rotulo 'DADOS DO PRODUTO' nao encontrado
2026-09-23 16:06:42 | WARNING  | produtos: regiao de produtos invalida (e1=False e2=True ini_y=None fin_y=2750.0)
2026-09-23 16:06:42 | WARNING  | produtos: cabecalho da tabela NAO encontrado (regiao y=1687..2651 p1, itens=22)
2026-09-23 16:06:42 | INFO     | produtos: total combinado (paginas) = 0
2026-09-23 16:06:42 | WARNING  | produtos: cabecalho da tabela NAO encontrado (regiao y=1779..2761 p1, itens=30)
2026-09-23 16:06:42 | INFO     | produtos: total combinado (paginas) = 0
2026-09-23 16:06:42 | DEBUG    | campos: rotulo 'DADOS DO PRODUTO' nao encontrado
2026-09-23 16:06:42 | WARNING  | produtos: regiao de produtos invalida (e1=False e2=True ini_y=None fin_y=2764.0)
2026-09-23 16:06:42 | INFO     | produtos: cabecalho detectado pelo criterio '3. CODIGO+DESCRICAO (sem CFOP no cab)'
2026-09-23 16:06:42 | INFO     | produtos: colunas mapeadas (12): ['codigo', 'descricao', 'origem_cst', 'ncm', 'unidade', 'quantidade', 'valor_unitario', 'desconto', 'valor_total', 'bc_icms', 'valor_ipi', 'valor_icms']
2026-09-23 16:06:42 | DEBUG    | produtos: novo item -> {'codigo': 'K012', 'descricao': 'CloretodePotassio60%K20-Granulado', 'ncm': '31042090', 'origem_cst': '6/20', 'unidade': '5102 TON', 'quantidade': '48,0000', 'valor_unitario': '5.611,8750', 'valor_total': '269.370,00', 'valor_ipi': 'ICMSIPI'}
2026-09-23 16:06:42 | INFO     | produtos: 1 item(ns) extraido(s)
2026-09-23 16:06:42 | INFO     | produtos: item 1 codigo='K012 DADOSADICIONAIS' descricao='CloretodePotassio60%K20-Granulado viasolo; Obs:FertilizanteMineral Simples,Aplicacao Lote:' ncm='31042090' und='5102 TON' qtde='48,0000' vlr_unit='5.611,8750' vlr_total='269.370,00'
2026-09-23 16:06:42 | INFO     | produtos: total combinado (paginas) = 1
2026-09-23 16:06:42 | INFO     | produtos: cabecalho detectado pelo criterio '1. CODIGO+CFOP+VLR UNIT'
2026-09-23 16:06:42 | INFO     | produtos: colunas mapeadas (14): ['aliquota', 'valor_icms', 'bc_icms', 'valor_ipi', 'valor_unitario', 'valor_total', 'desconto', 'unidade', 'quantidade', 'origem_cst', 'cfop', 'ncm', 'codigo', 'descricao']
2026-09-23 16:06:42 | DEBUG    | produtos: novo item -> {'codigo': 'P015', 'descricao': 'FosfatoMonoamonico11%N-52%P205-', 'ncm': '31054000', 'origem_cst': '6/20', 'cfop': '5102', 'unidade': 'TON', 'quantidade': '37,0000', 'valor_unitario': '5.821,0919', 'valor_total': '215.380.40', 'bc_icms': '12.664.37', 'valor_icms': '2.152,94', 'aliquota': '0.0017,000.'}
2026-09-23 16:06:42 | DEBUG    | produtos: linha de 'obs' vista; valores nao-descricao aproveitados -> {}
2026-09-23 16:06:42 | DEBUG    | produtos: linha descartada apos obs -> {'descricao': 'VIASOLO;'}
2026-09-23 16:06:42 | DEBUG    | produtos: linha descartada apos obs -> {'descricao': 'Lote:IMP197022-Qtde:37:'}
2026-09-23 16:06:42 | DEBUG    | produtos: linha descartada apos obs -> {'descricao': 'Lote(s):Reg.MAPA:PR0015695 000026.'}
2026-09-23 16:06:42 | DEBUG    | produtos: linha descartada apos obs -> {'codigo': 'DADOSADICIONAIS'}
2026-09-23 16:06:42 | INFO     | produtos: 1 item(ns) extraido(s)
2026-09-23 16:06:42 | INFO     | produtos: item 1 codigo='P015' descricao='FosfatoMonoamonico11%N-52%P205- Granulado' ncm='31054000' und='TON' qtde='37,0000' vlr_unit='5.821,0919' vlr_total='215.380.40'
2026-09-23 16:06:42 | INFO     | produtos: total combinado (paginas) = 1
2026-09-23 16:06:42 | INFO     | produtos: cabecalho detectado pelo criterio '3. CODIGO+DESCRICAO (sem CFOP no cab)'
2026-09-23 16:06:42 | INFO     | produtos: colunas mapeadas (11): ['codigo', 'aliquota', 'descricao', 'origem_cst', 'ncm', 'valor_unitario', 'desconto', 'valor_total', 'bc_icms', 'valor_icms', 'valor_ipi']
2026-09-23 16:06:42 | DEBUG    | produtos: novo item -> {'codigo': 'P015', 'descricao': 'Granulado FosfatoMonoamonico11%N-52%P205-', 'ncm': '31054000', 'origem_cst': '6/20 5102 TON', 'valor_unitario': '37,0000 5.821.0919', 'valor_total': '215.380.40', 'bc_icms': '12.664.37', 'valor_icms': '2.152.94', 'aliquota': '0.0017,000.00'}
2026-09-23 16:06:42 | DEBUG    | produtos: linha de 'obs' vista; valores nao-descricao aproveitados -> {}
2026-09-23 16:06:42 | DEBUG    | produtos: linha descartada apos obs -> {'descricao': 'VIASOLO.:'}
2026-09-23 16:06:42 | DEBUG    | produtos: linha descartada apos obs -> {'descricao': 'Lote:IMP197022-Qtde:37:'}
2026-09-23 16:06:42 | DEBUG    | produtos: linha descartada apos obs -> {'descricao': 'Lote(s):Reg.MAPA:PR0015695000026.'}
2026-09-23 16:06:42 | DEBUG    | produtos: linha descartada apos obs -> {'codigo': 'DADOSADICIONAIS'}
2026-09-23 16:06:42 | INFO     | produtos: 1 item(ns) extraido(s)
2026-09-23 16:06:42 | INFO     | produtos: item 1 codigo='P015' descricao='Granulado FosfatoMonoamonico11%N-52%P205-' ncm='31054000' und=None qtde=None vlr_unit='37,0000 5.821.0919' vlr_total='215.380.40'
2026-09-23 16:06:42 | INFO     | produtos: total combinado (paginas) = 1
2026-09-23 16:06:42 | INFO     | produtos: cabecalho detectado pelo criterio '2. CODIGO+CFOP'
2026-09-23 16:06:42 | INFO     | produtos: colunas mapeadas (13): ['codigo', 'descricao', 'ncm', 'origem_cst', 'cfop', 'aliquota', 'unidade', 'quantidade', 'desconto', 'valor_total', 'bc_icms', 'valor_icms', 'valor_ipi']
2026-09-23 16:06:42 | DEBUG    | produtos: novo item -> {'codigo': 'P015', 'descricao': 'FosfatoMonoamonico11%N-52%P2O5-', 'ncm': '31054000', 'origem_cst': '6/20', 'cfop': '5102', 'unidade': 'TON', 'quantidade': '37.0000', 'desconto': '5.821,0919', 'valor_total': '215.380.40', 'aliquota': 'ICMSTIPI'}
2026-09-23 16:06:42 | DEBUG    | produtos: linha de 'obs' vista; valores nao-descricao aproveitados -> {}
2026-09-23 16:06:42 | DEBUG    | produtos: linha descartada apos obs -> {'descricao': 'VIASOLO.:'}
2026-09-23 16:06:42 | DEBUG    | produtos: linha descartada apos obs -> {'descricao': 'Lote:IMP197022-QIde:37:'}
2026-09-23 16:06:42 | DEBUG    | produtos: linha descartada apos obs -> {'descricao': 'Lote(s):Reg.MAPA:PR0015695000026.'}
2026-09-23 16:06:42 | DEBUG    | produtos: linha descartada apos obs -> {'codigo': 'DADOSADICIONAIS'}
2026-09-23 16:06:42 | INFO     | produtos: 1 item(ns) extraido(s)
2026-09-23 16:06:42 | INFO     | produtos: item 1 codigo='P015' descricao='FosfatoMonoamonico11%N-52%P2O5- Granulado' ncm='31054000' und='TON' qtde='37.0000' vlr_unit=None vlr_total='215.380.40'
2026-09-23 16:06:42 | INFO     | produtos: total combinado (paginas) = 1
2026-09-23 16:06:42 | INFO     | produtos: cabecalho detectado pelo criterio '2. CODIGO+CFOP'
2026-09-23 16:06:42 | INFO     | produtos: colunas mapeadas (12): ['valor_ipi', 'valor_icms', 'bc_icms', 'valor_unitario', 'valor_total', 'desconto', 'quantidade', 'cfop', 'origem_cst', 'ncm', 'descricao', 'codigo']
2026-09-23 16:06:42 | DEBUG    | produtos: novo item -> {'codigo': 'P015', 'descricao': 'FosfatoMonoamonico11%N-52%P205-', 'ncm': '31054000', 'origem_cst': '6/20', 'cfop': '5102 TON', 'quantidade': '36.0000', 'valor_unitario': '5.821.0919', 'valor_total': '209.559,31', 'bc_icms': '12.322.09', 'valor_icms': '2.094,76', 'valor_ipi': '0.0017.00'}
2026-09-23 16:06:42 | DEBUG    | produtos: linha de 'obs' vista; valores nao-descricao aproveitados -> {}
2026-09-23 16:06:42 | DEBUG    | produtos: linha descartada apos obs -> {'descricao': 'VIASOLO;'}
2026-09-23 16:06:42 | DEBUG    | produtos: linha descartada apos obs -> {'descricao': 'Lote:IMP197022-Qtde:36:'}
2026-09-23 16:06:42 | DEBUG    | produtos: linha descartada apos obs -> {'descricao': 'Lote(s):Reg.MAPA:PR0015695000026.'}
2026-09-23 16:06:42 | DEBUG    | produtos: linha descartada apos obs -> {'codigo': 'DADOSADICIONAIS'}
2026-09-23 16:06:42 | INFO     | produtos: 1 item(ns) extraido(s)
2026-09-23 16:06:42 | INFO     | produtos: item 1 codigo='P015' descricao='FosfatoMonoamonico11%N-52%P205- Granulado' ncm='31054000' und=None qtde='36.0000' vlr_unit='5.821.0919' vlr_total='209.559,31'
2026-09-23 16:06:42 | INFO     | produtos: total combinado (paginas) = 1
2026-09-23 16:06:42 | INFO     | produtos: cabecalho detectado pelo criterio '3. CODIGO+DESCRICAO (sem CFOP no cab)'
2026-09-23 16:06:42 | INFO     | produtos: colunas mapeadas (14): ['codigo', 'descricao', 'ncm', 'origem_cst', 'cfop', 'unidade', 'quantidade', 'valor_unitario', 'desconto', 'valor_total', 'aliquota', 'bc_icms', 'valor_icms', 'valor_ipi']
2026-09-23 16:06:42 | DEBUG    | produtos: novo item -> {'codigo': 'PO15', 'descricao': 'FosfatoMonoamonico11%N-52%P205-', 'bc_icms': 'VTRIB'}
2026-09-23 16:06:42 | DEBUG    | produtos: linha de 'obs' vista; valores nao-descricao aproveitados -> {'valor_total': '215.380,40', 'bc_icms': '12.664,37', 'valor_icms': '2.152,94', 'aliquota': '0,0017,000,00'}
2026-09-23 16:06:42 | DEBUG    | produtos: linha descartada apos obs -> {'descricao': 'VIASOLO.'}
2026-09-23 16:06:42 | DEBUG    | produtos: linha descartada apos obs -> {'descricao': 'Lote:IMP197022-Qtde:37;'}
2026-09-23 16:06:42 | DEBUG    | produtos: linha descartada apos obs -> {'descricao': 'Lote(s):Reg.MAPA:PR0015695000026.'}
2026-09-23 16:06:42 | DEBUG    | produtos: linha descartada apos obs -> {'codigo': 'DADOSADICIONAIS'}
2026-09-23 16:06:42 | INFO     | produtos: 1 item(ns) extraido(s)
2026-09-23 16:06:42 | INFO     | produtos: item 1 codigo='PO15' descricao='FosfatoMonoamonico11%N-52%P205- Granulado' ncm='31054000' und='TON' qtde='37,0000' vlr_unit='5.821,0919' vlr_total='215.380,40'
2026-09-23 16:06:42 | INFO     | produtos: total combinado (paginas) = 1
2026-09-23 16:06:42 | INFO     | produtos: cabecalho detectado pelo criterio '1. CODIGO+CFOP+VLR UNIT'
2026-09-23 16:06:42 | INFO     | produtos: colunas mapeadas (11): ['codigo', 'descricao', 'valor_unitario', 'ncm', 'origem_cst', 'cfop', 'desconto', 'valor_total', 'valor_icms', 'valor_ipi', 'bc_icms']
2026-09-23 16:06:42 | DEBUG    | produtos: novo item -> {'codigo': 'P015', 'descricao': 'Granulado FosfatoMonoamonico11%N-52%P205-', 'ncm': '31054000', 'origem_cst': '6/20', 'cfop': '5102 TON', 'valor_unitario': '48,0000 5.907,0600', 'valor_total': '283.538.88', 'bc_icms': '16.672.09', 'valor_icms': '2.834,26', 'valor_ipi': '0.0017.000.0'}
2026-09-23 16:06:42 | DEBUG    | produtos: linha de 'obs' vista; valores nao-descricao aproveitados -> {}
2026-09-23 16:06:42 | DEBUG    | produtos: linha descartada apos obs -> {'descricao': 'Lote:IMP197022-Qtde:48;'}
2026-09-23 16:06:42 | DEBUG    | produtos: linha descartada apos obs -> {'descricao': 'Lote(s):Reg.MAPA:PR 0015695000026.'}
2026-09-23 16:06:42 | DEBUG    | produtos: linha descartada apos obs -> {'codigo': 'DADOSADICIONAIS'}
2026-09-23 16:06:42 | INFO     | produtos: 1 item(ns) extraido(s)
2026-09-23 16:06:42 | INFO     | produtos: item 1 codigo='P015' descricao='Granulado FosfatoMonoamonico11%N-52%P205-' ncm='31054000' und=None qtde=None vlr_unit='48,0000 5.907,0600' vlr_total='283.538.88'
2026-09-23 16:06:42 | INFO     | produtos: total combinado (paginas) = 1
2026-09-23 16:06:42 | INFO     | produtos: cabecalho detectado pelo criterio '1. CODIGO+CFOP+VLR UNIT'
2026-09-23 16:06:42 | INFO     | produtos: colunas mapeadas (13): ['ncm', 'bc_icms', 'valor_icms', 'codigo', 'origem_cst', 'cfop', 'unidade', 'valor_unitario', 'desconto', 'valor_total', 'valor_ipi', 'descricao', 'quantidade']
2026-09-23 16:06:42 | DEBUG    | produtos: novo item -> {'codigo': 'POIS', 'descricao': 'FosfatoMonoamonico11%N-52%P205-', 'ncm': '31054000', 'origem_cst': '6/20', 'cfop': '5102', 'unidade': 'TON', 'quantidade': '32,0000', 'valor_unitario': '5.907,0600', 'valor_total': '189.025.92', 'bc_icms': '11.114.72', 'valor_icms': '1.889.50', 'valor_ipi': '0,00|17.000.0'}
2026-09-23 16:06:42 | DEBUG    | produtos: linha de 'obs' vista; valores nao-descricao aproveitados -> {}
2026-09-23 16:06:42 | DEBUG    | produtos: linha descartada apos obs -> {'descricao': 'APLICACAOVIASOLO'}
2026-09-23 16:06:42 | DEBUG    | produtos: linha descartada apos obs -> {'descricao': 'Lotc:1MP197022-Q1dc:32.'}
2026-09-23 16:06:42 | DEBUG    | produtos: linha descartada apos obs -> {'descricao': 'Lolc(s):Reg.MAPA:PR0015695000026.'}
2026-09-23 16:06:42 | DEBUG    | produtos: linha descartada apos obs -> {'codigo': 'DADOSADICIONAIS'}
2026-09-23 16:06:42 | INFO     | produtos: 1 item(ns) extraido(s)
2026-09-23 16:06:42 | INFO     | produtos: item 1 codigo='POIS' descricao='FosfatoMonoamonico11%N-52%P205- Granulado' ncm='31054000' und='TON' qtde='32,0000' vlr_unit='5.907,0600' vlr_total='189.025.92'
2026-09-23 16:06:42 | INFO     | produtos: total combinado (paginas) = 1
2026-09-23 16:06:42 | INFO     | produtos: cabecalho detectado pelo criterio '1. CODIGO+CFOP+VLR UNIT'
2026-09-23 16:06:42 | INFO     | produtos: colunas mapeadas (14): ['aliquota', 'codigo', 'descricao', 'ncm', 'origem_cst', 'cfop', 'unidade', 'valor_unitario', 'quantidade', 'desconto', 'valor_total', 'bc_icms', 'valor_icms', 'valor_ipi']
2026-09-23 16:06:42 | DEBUG    | produtos: novo item -> {'codigo': 'P015', 'descricao': 'Granulado FosfatoMonoamonico11%N-52%P205-', 'ncm': '31054000', 'origem_cst': '6/20', 'cfop': '5102', 'unidade': 'TON', 'quantidade': '36,0000', 'valor_unitario': '5.821,0925', 'valor_total': '209.559,33', 'bc_icms': '12.322,09', 'valor_icms': '2.094,76', 'aliquota': '0,0017,000,00'}
2026-09-23 16:06:42 | INFO     | produtos: 1 item(ns) extraido(s)
2026-09-23 16:06:42 | INFO     | produtos: item 1 codigo='P015 DADOSADICIONAIS' descricao='Granulado FosfatoMonoamonico11%N-52%P205- APLICACAOVIASOLO: Obs:FERT.MINERALSIMPLES, Lote:' ncm='31054000' und='TON' qtde='36,0000' vlr_unit='5.821,0925' vlr_total='209.559,33'
2026-09-23 16:06:42 | INFO     | produtos: total combinado (paginas) = 1
2026-09-23 16:07:33 | DEBUG    | campos: rotulo 'DADOS DO PRODUTO' nao encontrado
2026-09-23 16:07:33 | DEBUG    | campos: rotulo 'DADOS ADICIONAIS' nao encontrado
2026-09-23 16:07:33 | WARNING  | produtos: regiao de produtos invalida (e1=False e2=False ini_y=None fin_y=None)
2026-09-23 16:07:33 | DEBUG    | campos: rotulo 'DADOS DO PRODUTO' nao encontrado
2026-09-23 16:07:33 | DEBUG    | campos: rotulo 'DADOS ADICIONAIS' nao encontrado
2026-09-23 16:07:33 | WARNING  | produtos: regiao de produtos invalida (e1=False e2=False ini_y=None fin_y=None)
2026-09-23 16:07:33 | DEBUG    | campos: rotulo 'DADOS DO PRODUTO' nao encontrado
2026-09-23 16:07:33 | DEBUG    | campos: rotulo 'DADOS ADICIONAIS' nao encontrado
2026-09-23 16:07:33 | WARNING  | produtos: regiao de produtos invalida (e1=False e2=False ini_y=None fin_y=None)
2026-09-23 16:07:33 | DEBUG    | campos: rotulo 'DADOS DO PRODUTO' nao encontrado
2026-09-23 16:07:33 | DEBUG    | campos: rotulo 'DADOS ADICIONAIS' nao encontrado
2026-09-23 16:07:33 | WARNING  | produtos: regiao de produtos invalida (e1=False e2=False ini_y=None fin_y=None)
2026-09-23 16:07:33 | DEBUG    | campos: rotulo 'DADOS DO PRODUTO' nao encontrado
2026-09-23 16:07:33 | DEBUG    | campos: rotulo 'DADOS ADICIONAIS' nao encontrado
2026-09-23 16:07:33 | WARNING  | produtos: regiao de produtos invalida (e1=False e2=False ini_y=None fin_y=None)
2026-09-23 16:07:33 | DEBUG    | campos: rotulo 'DADOS DO PRODUTO' nao encontrado
2026-09-23 16:07:33 | DEBUG    | campos: rotulo 'DADOS ADICIONAIS' nao encontrado
2026-09-23 16:07:33 | WARNING  | produtos: regiao de produtos invalida (e1=False e2=False ini_y=None fin_y=None)
2026-09-23 16:07:33 | DEBUG    | campos: rotulo 'DADOS DO PRODUTO' nao encontrado
2026-09-23 16:07:33 | DEBUG    | campos: rotulo 'DADOS ADICIONAIS' nao encontrado
2026-09-23 16:07:33 | WARNING  | produtos: regiao de produtos invalida (e1=False e2=False ini_y=None fin_y=None)
2026-09-23 16:07:33 | DEBUG    | campos: rotulo 'DADOS DO PRODUTO' nao encontrado
2026-09-23 16:07:33 | DEBUG    | campos: rotulo 'DADOS ADICIONAIS' nao encontrado
2026-09-23 16:07:33 | WARNING  | produtos: regiao de produtos invalida (e1=False e2=False ini_y=None fin_y=None)
2026-09-23 16:07:33 | INFO     | produtos: cabecalho detectado pelo criterio '2. CODIGO+CFOP'
2026-09-23 16:07:33 | INFO     | produtos: colunas mapeadas (12): ['bc_icms', 'valor_unitario', 'valor_ipi', 'valor_icms', 'valor_total', 'unidade', 'quantidade', 'origem_cst', 'cfop', 'ncm', 'descricao', 'codigo']
2026-09-23 16:07:33 | INFO     | produtos: 0 item(ns) extraido(s)
2026-09-23 16:07:33 | INFO     | produtos: total combinado (paginas) = 0
2026-09-23 16:07:33 | INFO     | produtos: cabecalho detectado pelo criterio '2. CODIGO+CFOP'
2026-09-23 16:07:33 | INFO     | produtos: colunas mapeadas (11): ['codigo', 'descricao', 'valor_unitario', 'ncm', 'bc_icms', 'origem_cst', 'unidade', 'cfop', 'quantidade', 'valor_total', 'valor_icms']
2026-09-23 16:07:33 | DEBUG    | produtos: novo item -> {'codigo': '3', 'descricao': 'CALCARIODOLOMITICOPOSTO', 'bc_icms': 'ICMS', 'valor_icms': 'VAIORIPI ICMS'}
2026-09-23 16:07:33 | INFO     | produtos: 1 item(ns) extraido(s)
2026-09-23 16:07:33 | INFO     | produtos: item 1 codigo='3 B.C.3Origem R$0.00 ICMSretido0.00 CALCULO DO ISSQN INSCRICAOMUNICIPAL DADOSADICIONAIS' descricao='CALCARIODOLOMITICOPOSTO ANCADC 10/ Ass.' ncm='25181000' und='TN' qtde='47,2600 BASEDECALCULO DOISSQN' vlr_unit='240,00' vlr_total='11.342.4d'
2026-09-23 16:07:33 | INFO     | produtos: total combinado (paginas) = 1
2026-09-23 16:07:33 | WARNING  | produtos: cabecalho da tabela NAO encontrado (regiao y=1405..2409 p1, itens=41)
2026-09-23 16:07:33 | INFO     | produtos: total combinado (paginas) = 0
2026-09-23 16:07:33 | WARNING  | produtos: cabecalho da tabela NAO encontrado (regiao y=1408..2411 p1, itens=38)
2026-09-23 16:07:33 | INFO     | produtos: total combinado (paginas) = 0
2026-09-23 16:07:33 | INFO     | produtos: cabecalho detectado pelo criterio '2. CODIGO+CFOP'
2026-09-23 16:07:33 | INFO     | produtos: colunas mapeadas (12): ['bc_icms', 'valor_unitario', 'valor_ipi', 'valor_icms', 'valor_total', 'quantidade', 'unidade', 'cfop', 'origem_cst', 'ncm', 'descricao', 'codigo']
2026-09-23 16:07:33 | DEBUG    | produtos: novo item -> {'codigo': '3', 'descricao': 'CALCARIODOLOMITICOPOSTO'}
2026-09-23 16:07:33 | INFO     | produtos: 1 item(ns) extraido(s)
2026-09-23 16:07:33 | INFO     | produtos: item 1 codigo='3 CALCULO DOISSQN INSCRICAO MUNICIPAL DADOSADICIONAIS' descricao='CALCARIODOLOMITICOPOSTO ANCADC VAsS. B.C.3OrigemRS0,001CMS retido0.00' ncm=None und=None qtde='BASEDECALCULODOISSQN' vlr_unit=None vlr_total=None
2026-09-23 16:07:33 | INFO     | produtos: total combinado (paginas) = 1
2026-09-23 16:07:33 | INFO     | produtos: cabecalho detectado pelo criterio '3. CODIGO+DESCRICAO (sem CFOP no cab)'
2026-09-23 16:07:33 | INFO     | produtos: colunas mapeadas (10): ['valor_icms', 'valor_unitario', 'valor_total', 'quantidade', 'unidade', 'cfop', 'origem_cst', 'ncm', 'descricao', 'codigo']
2026-09-23 16:07:33 | DEBUG    | produtos: novo item -> {'codigo': '3', 'descricao': 'CALCARIODOLOMITICOPOSTO'}
2026-09-23 16:07:33 | INFO     | produtos: 1 item(ns) extraido(s)
2026-09-23 16:07:33 | INFO     | produtos: item 1 codigo='3 CALCULO DOISSQN INSCRICAOMUNICIPAL DADOSADICIONAIS' descricao='CALCARIODOLOMITICOPOSTO LANCADC 0 Ass. B.C.3OrigemR$0.00 ICMSretido0.00' ncm=None und=None qtde='BASEDECALCULODOISSQN' vlr_unit=None vlr_total=None
2026-09-23 16:07:33 | INFO     | produtos: total combinado (paginas) = 1
2026-09-23 16:07:33 | INFO     | produtos: cabecalho detectado pelo criterio '3. CODIGO+DESCRICAO (sem CFOP no cab)'
2026-09-23 16:07:33 | INFO     | produtos: colunas mapeadas (11): ['bc_icms', 'valor_unitario', 'valor_ipi', 'valor_icms', 'valor_total', 'unidade', 'cfop', 'origem_cst', 'ncm', 'descricao', 'codigo']
2026-09-23 16:07:33 | INFO     | produtos: 0 item(ns) extraido(s)
2026-09-23 16:07:33 | INFO     | produtos: total combinado (paginas) = 0
2026-09-23 16:07:33 | WARNING  | produtos: cabecalho da tabela NAO encontrado (regiao y=1453..2470 p1, itens=37)
2026-09-23 16:07:33 | INFO     | produtos: total combinado (paginas) = 0
2026-09-23 16:07:33 | INFO     | produtos: cabecalho detectado pelo criterio '3. CODIGO+DESCRICAO (sem CFOP no cab)'
2026-09-23 16:07:33 | INFO     | produtos: colunas mapeadas (8): ['quantidade', 'unidade', 'cfop', 'origem_cst', 'ncm', 'descricao', 'codigo', 'valor_total']
2026-09-23 16:07:33 | DEBUG    | produtos: novo item -> {'codigo': '3', 'descricao': 'CALCARIODOLOMITICOPOSTO'}
2026-09-23 16:07:33 | INFO     | produtos: 1 item(ns) extraido(s)
2026-09-23 16:07:33 | INFO     | produtos: item 1 codigo='3 CALCULODO ISSQN INSCRICAOMUNICIPAL DADOSADICIONAIS' descricao='CALCARIODOLOMITICOPOSTO LANCAi. AsS. B.C.3Origem RS0.00ICMSretido0.00' ncm=None und=None qtde='BASEDECALCULODOISSQN RESERVADOAOFISCO' vlr_unit=None vlr_total=None
2026-09-23 16:07:33 | INFO     | produtos: total combinado (paginas) = 1
2026-09-23 16:07:33 | INFO     | produtos: cabecalho detectado pelo criterio '2. CODIGO+CFOP'
2026-09-23 16:07:33 | INFO     | produtos: colunas mapeadas (12): ['valor_unitario', 'bc_icms', 'descricao', 'codigo', 'ncm', 'valor_icms', 'origem_cst', 'cfop', 'unidade', 'quantidade', 'valor_total', 'valor_ipi']
2026-09-23 16:07:33 | DEBUG    | produtos: novo item -> {'codigo': '3', 'descricao': 'CALCARIODOLOMITICOPOSTO', 'ncm': '25181000', 'origem_cst': '040', 'cfop': '5102', 'unidade': 'TN', 'quantidade': '48,2600', 'valor_unitario': '225,00', 'valor_total': '10.858.50', 'bc_icms': '0,00', 'valor_icms': '0.00', 'valor_ipi': '0.00 0.00 0.00'}
2026-09-23 16:07:33 | INFO     | produtos: 1 item(ns) extraido(s)
2026-09-23 16:07:33 | INFO     | produtos: item 1 codigo='3 B.C.3OrigemR$0.00ICMSretido0,00 CALCULODOISSQN INSCRICAOMUNICIPAL DADOSADICIONAIS' descricao='CALCARIODOLOMITICOPOSTO' ncm='25181000' und='TN' qtde='48,2600 BASEDECALCULODOISSQN' vlr_unit='225,00' vlr_total='10.858.50'
2026-09-23 16:07:33 | INFO     | produtos: total combinado (paginas) = 1
2026-09-23 16:07:33 | INFO     | produtos: cabecalho detectado pelo criterio '2. CODIGO+CFOP'
2026-09-23 16:07:33 | INFO     | produtos: colunas mapeadas (11): ['codigo', 'descricao', 'valor_unitario', 'bc_icms', 'ncm', 'origem_cst', 'cfop', 'unidade', 'quantidade', 'valor_total', 'valor_icms']
2026-09-23 16:07:33 | DEBUG    | produtos: novo item -> {'codigo': '3', 'descricao': 'CALCARIODOLOMITICOPOSTO', 'ncm': '25181000', 'origem_cst': '040', 'cfop': '5102', 'bc_icms': 'ICMS', 'valor_icms': 'ICMS'}
2026-09-23 16:07:33 | INFO     | produtos: 1 item(ns) extraido(s)
2026-09-23 16:07:33 | INFO     | produtos: item 1 codigo='3 B.C.3OrigemRS0,00ICMSretido0.00 CALCULO DO ISSQN INSCRICAO MUNICIPAL DADOSADICIONAIS' descricao='CALCARIODOLOMITICOPOSTO' ncm='25181000' und='TN' qtde='47,6200 BASEDECALCULODOISSQN' vlr_unit='225,00' vlr_total='10.714,50'
2026-09-23 16:07:33 | INFO     | produtos: total combinado (paginas) = 1
2026-09-23 16:07:33 | INFO     | produtos: cabecalho detectado pelo criterio '2. CODIGO+CFOP'
2026-09-23 16:07:33 | INFO     | produtos: colunas mapeadas (12): ['valor_unitario', 'codigo', 'bc_icms', 'descricao', 'ncm', 'origem_cst', 'cfop', 'unidade', 'quantidade', 'valor_total', 'valor_icms', 'valor_ipi']
2026-09-23 16:07:33 | DEBUG    | produtos: novo item -> {'codigo': '3', 'descricao': 'CALCARIODOLOMITICOPOSTO', 'ncm': '25181000', 'origem_cst': '040', 'cfop': '5102', 'unidade': 'TN', 'quantidade': '48,0400', 'valor_unitario': '220,00', 'valor_total': '10.568.80', 'bc_icms': '0,00', 'valor_icms': '0.00', 'valor_ipi': '0.00 0,00 0,00'}
2026-09-23 16:07:33 | INFO     | produtos: 1 item(ns) extraido(s)
2026-09-23 16:07:33 | INFO     | produtos: item 1 codigo='3 B.C.3OrigemR$0.00ICMSretido0.00 CALCULODOISSQN INSCRICAO MUNICIPAL DADOSADICIONAIS' descricao='CALCARIODOLOMITICOPOSTO' ncm='25181000' und='TN' qtde='48,0400 BASEDECALCULODOISSQN' vlr_unit='220,00' vlr_total='10.568.80'
2026-09-23 16:07:33 | INFO     | produtos: total combinado (paginas) = 1
2026-09-23 16:07:33 | INFO     | produtos: cabecalho detectado pelo criterio '2. CODIGO+CFOP'
2026-09-23 16:07:33 | INFO     | produtos: colunas mapeadas (12): ['valor_unitario', 'codigo', 'bc_icms', 'descricao', 'ncm', 'origem_cst', 'cfop', 'unidade', 'quantidade', 'valor_icms', 'valor_ipi', 'valor_total']
2026-09-23 16:07:33 | DEBUG    | produtos: novo item -> {'codigo': '3', 'descricao': 'CALCARIODOLOMITICOPOSTO', 'ncm': '25181000', 'bc_icms': 'ICMS', 'valor_ipi': 'ICMS IP1'}
2026-09-23 16:07:33 | INFO     | produtos: 1 item(ns) extraido(s)
2026-09-23 16:07:33 | INFO     | produtos: item 1 codigo='3 B.C.3OrigemR$0.00ICMSretido0.00 CALCULODOISSQN INSCRICAO MUNICIPAL DADOSADICIONAIS' descricao='CALCARIODOLOMITICOPOSTO' ncm='25181000' und='TN' qtde='47,2200 BASEDECALCULODOISSQN' vlr_unit='225,00' vlr_total=None
2026-09-23 16:07:33 | INFO     | produtos: total combinado (paginas) = 1
2026-09-23 16:07:33 | WARNING  | produtos: cabecalho da tabela NAO encontrado (regiao y=1723..2761 p1, itens=38)
2026-09-23 16:07:33 | INFO     | produtos: total combinado (paginas) = 0
2026-09-23 16:07:33 | INFO     | produtos: cabecalho detectado pelo criterio '2. CODIGO+CFOP'
2026-09-23 16:07:33 | INFO     | produtos: colunas mapeadas (12): ['codigo', 'valor_unitario', 'bc_icms', 'descricao', 'ncm', 'cfop', 'origem_cst', 'unidade', 'quantidade', 'valor_total', 'valor_icms', 'valor_ipi']
2026-09-23 16:07:33 | DEBUG    | produtos: novo item -> {'codigo': '3', 'descricao': 'CALCARIODOLOMITICOPOSTO', 'bc_icms': 'ICMS', 'valor_ipi': 'ICM'}
2026-09-23 16:07:33 | INFO     | produtos: 1 item(ns) extraido(s)
2026-09-23 16:07:33 | INFO     | produtos: item 1 codigo='3 B.C.3OrigemRS0,00ICMSretido0.00 CALCULODOISSQN INSCRICAOMUNICIPAL DADOSADICIONAIS' descricao='CALCARIODOLOMITICOPOSTO' ncm='25181000' und='TN' qtde='47,7800 BASEDECALCULODOISSQN' vlr_unit='220.00' vlr_total='10.511,60'
2026-09-23 16:07:33 | INFO     | produtos: total combinado (paginas) = 1
2026-09-23 16:07:33 | INFO     | produtos: cabecalho detectado pelo criterio '2. CODIGO+CFOP'
2026-09-23 16:07:33 | INFO     | produtos: colunas mapeadas (12): ['valor_unitario', 'bc_icms', 'codigo', 'descricao', 'ncm', 'origem_cst', 'unidade', 'cfop', 'quantidade', 'valor_total', 'valor_icms', 'valor_ipi']
2026-09-23 16:07:33 | DEBUG    | produtos: novo item -> {'codigo': '3', 'descricao': 'CALCARIODOLOMITICOPOSTO', 'ncm': '25181000', 'origem_cst': '040', 'cfop': '5102', 'unidade': 'TN', 'quantidade': '46,4000', 'valor_unitario': '225.00', 'valor_total': '10.440.00', 'bc_icms': '0.00', 'valor_icms': '0.00', 'valor_ipi': '0.00 0.00 0.00'}
2026-09-23 16:07:33 | INFO     | produtos: 1 item(ns) extraido(s)
2026-09-23 16:07:33 | INFO     | produtos: item 1 codigo='3 B.C.3Origem RS0.00 ICMSretido0.00 CALCULODOISSQN INSCRICAO MUNICIPAL DADOSADICIONAIS' descricao='CALCARIODOLOMITICOPOSTO' ncm='25181000' und='TN' qtde='46,4000 BASEDECALCULODOISSQN' vlr_unit='225.00' vlr_total='10.440.00'
2026-09-23 16:07:33 | INFO     | produtos: total combinado (paginas) = 1
2026-09-23 16:07:33 | INFO     | produtos: cabecalho detectado pelo criterio '2. CODIGO+CFOP'
2026-09-23 16:07:33 | INFO     | produtos: colunas mapeadas (11): ['valor_unitario', 'codigo', 'bc_icms', 'descricao', 'ncm', 'unidade', 'origem_cst', 'cfop', 'quantidade', 'valor_total', 'valor_ipi']
2026-09-23 16:07:33 | DEBUG    | produtos: novo item -> {'codigo': '3', 'descricao': 'CALCARIODOLOMITICOPOSTO', 'bc_icms': 'ICMS', 'valor_ipi': 'ICMS'}
2026-09-23 16:07:33 | INFO     | produtos: 1 item(ns) extraido(s)
2026-09-23 16:07:33 | INFO     | produtos: item 1 codigo='3 B.C.3Origem R$0.00ICMS retido0,00 CALCULODOISSQN INSCRICAO MUNICIPAL DADOSADICIONAIS' descricao='CALCARIODOLOMITICOPOSTO' ncm='25181000' und='TN' qtde='47,5600 BASEDECALCULODOISSQN' vlr_unit='225,00' vlr_total='10.701.00'
2026-09-23 16:07:33 | INFO     | produtos: total combinado (paginas) = 1
2026-09-23 16:07:33 | INFO     | produtos: cabecalho detectado pelo criterio '2. CODIGO+CFOP'
2026-09-23 16:07:33 | INFO     | produtos: colunas mapeadas (10): ['codigo', 'valor_unitario', 'descricao', 'bc_icms', 'ncm', 'origem_cst', 'cfop', 'unidade', 'valor_total', 'valor_icms']
2026-09-23 16:07:33 | DEBUG    | produtos: novo item -> {'codigo': '3', 'descricao': 'CALCARIODOLOMITICOPOSTO', 'ncm': '25181000', 'bc_icms': 'ICMS', 'valor_icms': 'ICMS'}
2026-09-23 16:07:33 | INFO     | produtos: 1 item(ns) extraido(s)
2026-09-23 16:07:33 | INFO     | produtos: item 1 codigo='3 B.C.3OrigemRS0.00ICMSretido0.00 CALCULODOISSQN INSCRICAOMUNICIPAL DADOSADICIONAIS' descricao='CALCARIODOLOMITICOPOSTO' ncm='25181000' und='TN' qtde=None vlr_unit='47,3000 225,00 BASEDECALCULODOISSQN' vlr_total='10.642.50'
2026-09-23 16:07:33 | INFO     | produtos: total combinado (paginas) = 1
2026-09-23 16:07:33 | DEBUG    | campos: rotulo 'DADOS DO PRODUTO' nao encontrado
2026-09-23 16:07:33 | WARNING  | produtos: regiao de produtos invalida (e1=False e2=True ini_y=None fin_y=2808.0)
2026-09-23 16:07:33 | INFO     | produtos: cabecalho detectado pelo criterio '2. CODIGO+CFOP'
2026-09-23 16:07:33 | INFO     | produtos: colunas mapeadas (12): ['codigo', 'valor_unitario', 'descricao', 'bc_icms', 'ncm', 'origem_cst', 'cfop', 'unidade', 'quantidade', 'valor_total', 'valor_icms', 'valor_ipi']
2026-09-23 16:07:33 | DEBUG    | produtos: novo item -> {'codigo': '3', 'descricao': 'CALCARIODOLOMITICOPOSTO', 'ncm': '25181000', 'origem_cst': '040', 'bc_icms': 'ICMS', 'valor_ipi': 'ICMS IPI'}
2026-09-23 16:07:33 | INFO     | produtos: 1 item(ns) extraido(s)
2026-09-23 16:07:33 | INFO     | produtos: item 1 codigo='3 B.C.3 Origem R$0.00ICMS retido0.00 CALCULO DOISSQN INSCRICAO MUNICIPAL DADOSADICIONAIS' descricao='CALCARIODOLOMITICOPOSTO' ncm='25181000' und='TN' qtde='48,0200 BASEDECALCULODOISSQN' vlr_unit='225,00' vlr_total='10.804.50'
2026-09-23 16:07:33 | INFO     | produtos: total combinado (paginas) = 1
2026-09-23 16:07:33 | WARNING  | produtos: cabecalho da tabela NAO encontrado (regiao y=1730..2820 p1, itens=38)
2026-09-23 16:07:33 | INFO     | produtos: total combinado (paginas) = 0
2026-09-23 16:07:33 | INFO     | produtos: cabecalho detectado pelo criterio '2. CODIGO+CFOP'
2026-09-23 16:07:33 | INFO     | produtos: colunas mapeadas (10): ['valor_unitario', 'codigo', 'descricao', 'ncm', 'origem_cst', 'cfop', 'unidade', 'quantidade', 'valor_icms', 'valor_total']
2026-09-23 16:07:33 | DEBUG    | produtos: novo item -> {'codigo': '3', 'descricao': 'CALCARIODOLOMITICOPOSTO', 'ncm': '25181000', 'origem_cst': '040', 'cfop': '5102', 'unidade': 'TN', 'quantidade': '48,8600', 'valor_unitario': '225,00', 'valor_total': '10.993,59', 'valor_icms': '0.00 0.00 0,00 0.00'}
2026-09-23 16:07:33 | INFO     | produtos: 1 item(ns) extraido(s)
2026-09-23 16:07:33 | INFO     | produtos: item 1 codigo='3 B.C.3OrigemR$0.001CMS retido0.00 CALCULODOISSQN INSCRICAO MUNICIPAL DADOSADICIONAIS' descricao='CALCARIODOLOMITICOPOSTO' ncm='25181000' und='TN' qtde='48,8600 BASEDECALCULODOISSQN' vlr_unit='225,00' vlr_total='10.993,59'
2026-09-23 16:07:33 | INFO     | produtos: total combinado (paginas) = 1
2026-09-23 16:07:33 | WARNING  | produtos: cabecalho da tabela NAO encontrado (regiao y=1739..2827 p1, itens=38)
2026-09-23 16:07:33 | INFO     | produtos: total combinado (paginas) = 0
2026-09-23 16:07:33 | INFO     | produtos: cabecalho detectado pelo criterio '2. CODIGO+CFOP'
2026-09-23 16:07:33 | INFO     | produtos: colunas mapeadas (11): ['valor_unitario', 'codigo', 'bc_icms', 'descricao', 'ncm', 'origem_cst', 'cfop', 'unidade', 'quantidade', 'valor_ipi', 'valor_total']
2026-09-23 16:07:33 | INFO     | produtos: 0 item(ns) extraido(s)
2026-09-23 16:07:33 | INFO     | produtos: total combinado (paginas) = 0
2026-09-23 16:07:33 | WARNING  | produtos: cabecalho da tabela NAO encontrado (regiao y=1728..2813 p1, itens=38)
2026-09-23 16:07:33 | INFO     | produtos: total combinado (paginas) = 0
2026-09-23 16:07:33 | WARNING  | produtos: cabecalho da tabela NAO encontrado (regiao y=1709..2750 p1, itens=38)
2026-09-23 16:07:33 | INFO     | produtos: total combinado (paginas) = 0
2026-09-23 16:07:33 | WARNING  | produtos: cabecalho da tabela NAO encontrado (regiao y=1719..2775 p1, itens=38)
2026-09-23 16:07:33 | INFO     | produtos: total combinado (paginas) = 0
2026-09-23 16:07:33 | INFO     | produtos: cabecalho detectado pelo criterio '2. CODIGO+CFOP'
2026-09-23 16:07:33 | INFO     | produtos: colunas mapeadas (10): ['codigo', 'descricao', 'valor_unitario', 'ncm', 'bc_icms', 'origem_cst', 'cfop', 'unidade', 'valor_ipi', 'valor_total']
2026-09-23 16:07:33 | INFO     | produtos: 0 item(ns) extraido(s)
2026-09-23 16:07:33 | INFO     | produtos: total combinado (paginas) = 0
2026-09-23 16:07:33 | WARNING  | produtos: cabecalho da tabela NAO encontrado (regiao y=1736..2825 p1, itens=38)
2026-09-23 16:07:33 | INFO     | produtos: total combinado (paginas) = 0
2026-09-23 16:07:33 | WARNING  | produtos: cabecalho da tabela NAO encontrado (regiao y=1751..2839 p1, itens=38)
2026-09-23 16:07:33 | INFO     | produtos: total combinado (paginas) = 0
2026-09-23 16:07:33 | INFO     | produtos: cabecalho detectado pelo criterio '2. CODIGO+CFOP'
2026-09-23 16:07:33 | INFO     | produtos: colunas mapeadas (12): ['codigo', 'valor_unitario', 'bc_icms', 'descricao', 'ncm', 'origem_cst', 'cfop', 'unidade', 'quantidade', 'valor_icms', 'valor_ipi', 'valor_total']
2026-09-23 16:07:33 | DEBUG    | produtos: novo item -> {'codigo': '3', 'descricao': 'CALCARIODOLOMITICOPOSTO', 'ncm': '25181000', 'bc_icms': 'ICMS', 'valor_ipi': 'ICMS IP1'}
2026-09-23 16:07:33 | INFO     | produtos: 1 item(ns) extraido(s)
2026-09-23 16:07:33 | INFO     | produtos: item 1 codigo='3 B.C.3OrigemR$0,00ICMS retido0,00 CALCULODOISSQN INSCRICAOMUNICIPAL DADOSADICIONAIS' descricao='CALCARIODOLOMITICOPOSTO' ncm='25181000' und='TN' qtde='46,9400 BASEDECALCULODOISSQN' vlr_unit='225,00' vlr_total=None
2026-09-23 16:07:33 | INFO     | produtos: total combinado (paginas) = 1
2026-09-23 16:07:33 | INFO     | produtos: cabecalho detectado pelo criterio '2. CODIGO+CFOP'
2026-09-23 16:07:33 | INFO     | produtos: colunas mapeadas (12): ['codigo', 'valor_unitario', 'descricao', 'bc_icms', 'ncm', 'origem_cst', 'cfop', 'unidade', 'quantidade', 'valor_total', 'valor_icms', 'valor_ipi']
2026-09-23 16:07:33 | DEBUG    | produtos: novo item -> {'codigo': '3', 'descricao': 'CALCARIODOLOMITICOPOSTO', 'ncm': '25181000', 'bc_icms': 'ICMS', 'valor_ipi': 'ICMS IPI'}
2026-09-23 16:07:33 | INFO     | produtos: 1 item(ns) extraido(s)
2026-09-23 16:07:33 | INFO     | produtos: item 1 codigo='3 B.C.3OrigemR50.00ICMSretido0.00 CALCULODOISSQN INSCRICAO MUNICIPAL DADOSADICIONAIS' descricao='CALCARIODOLOMITICOPOSTO' ncm='25181000' und='TN' qtde='47.7400 BASEDECALCULODOISSQN' vlr_unit='220,00' vlr_total='10.502.80'
2026-09-23 16:07:33 | INFO     | produtos: total combinado (paginas) = 1
2026-09-23 16:07:33 | WARNING  | produtos: cabecalho da tabela NAO encontrado (regiao y=1722..2811 p1, itens=38)
2026-09-23 16:07:33 | INFO     | produtos: total combinado (paginas) = 0
2026-09-23 16:07:33 | WARNING  | produtos: cabecalho da tabela NAO encontrado (regiao y=1726..2814 p1, itens=37)
2026-09-23 16:07:33 | INFO     | produtos: total combinado (paginas) = 0
2026-09-23 16:07:33 | INFO     | produtos: cabecalho detectado pelo criterio '2. CODIGO+CFOP'
2026-09-23 16:07:33 | INFO     | produtos: colunas mapeadas (12): ['codigo', 'descricao', 'valor_unitario', 'ncm', 'origem_cst', 'cfop', 'bc_icms', 'unidade', 'quantidade', 'valor_total', 'valor_icms', 'valor_ipi']
2026-09-23 16:07:33 | DEBUG    | produtos: novo item -> {'codigo': '3', 'descricao': 'CALCARIODOLOMITICOPOSTO', 'bc_icms': 'ICMS', 'valor_ipi': 'ICMS ALIQ ALIQ IPI'}
2026-09-23 16:07:33 | INFO     | produtos: 1 item(ns) extraido(s)
2026-09-23 16:07:33 | INFO     | produtos: item 1 codigo='3 B.C.3OrigemR$0.00ICMSretido0,00 CALCULODOISSQN INSCRICAO MUNICIPAL DADOSADICIONAIS' descricao='CALCARIODOLOMITICOPOSTO' ncm='25181000' und='TN' qtde='46,7400 BASEDECALCULODOISSON' vlr_unit='225,00' vlr_total='10.516,50'
2026-09-23 16:07:33 | INFO     | produtos: total combinado (paginas) = 1
2026-09-23 16:07:33 | WARNING  | produtos: cabecalho da tabela NAO encontrado (regiao y=1747..2841 p1, itens=37)
2026-09-23 16:07:33 | INFO     | produtos: total combinado (paginas) = 0
2026-09-23 16:07:33 | WARNING  | produtos: cabecalho da tabela NAO encontrado (regiao y=1730..2822 p1, itens=38)
2026-09-23 16:07:33 | INFO     | produtos: total combinado (paginas) = 0
2026-09-23 16:07:33 | WARNING  | produtos: cabecalho da tabela NAO encontrado (regiao y=1738..2828 p1, itens=38)
2026-09-23 16:07:33 | INFO     | produtos: total combinado (paginas) = 0
2026-09-23 16:07:33 | INFO     | produtos: cabecalho detectado pelo criterio '2. CODIGO+CFOP'
2026-09-23 16:07:33 | INFO     | produtos: colunas mapeadas (11): ['bc_icms', 'valor_unitario', 'valor_ipi', 'unidade', 'quantidade', 'descricao', 'ncm', 'origem_cst', 'cfop', 'codigo', 'valor_total']
2026-09-23 16:07:33 | DEBUG    | produtos: novo item -> {'codigo': '3', 'descricao': 'CALCARIODOLOMITICOPOSTO', 'ncm': '25181000', 'origem_cst': '040', 'cfop': '5102', 'unidade': 'TN', 'quantidade': '48,0800', 'valor_unitario': '225,00', 'bc_icms': '10.818.00 0.00', 'valor_ipi': '0.00 0.00 0.00 0.0'}
2026-09-23 16:07:33 | INFO     | produtos: 1 item(ns) extraido(s)
2026-09-23 16:07:33 | INFO     | produtos: item 1 codigo='3 B.C.3OrigemR$0,00ICMSretido0.00 CALCULODOISSQN INSCRICAO MUNICIPAL DADOSADICIONAIS' descricao='CALCARIODOLOMITICOPOSTO' ncm='25181000' und='TN' qtde='48,0800 BASEDECALCULODOISSQN' vlr_unit='225,00' vlr_total=None
2026-09-23 16:07:33 | INFO     | produtos: total combinado (paginas) = 1
2026-09-23 16:07:33 | WARNING  | produtos: cabecalho da tabela NAO encontrado (regiao y=1415..2480 p1, itens=18)
2026-09-23 16:07:33 | INFO     | produtos: total combinado (paginas) = 0
2026-09-23 16:07:33 | WARNING  | produtos: cabecalho da tabela NAO encontrado (regiao y=1406..2466 p1, itens=19)
2026-09-23 16:07:33 | INFO     | produtos: total combinado (paginas) = 0
2026-09-23 16:07:33 | INFO     | produtos: cabecalho detectado pelo criterio '4. CODIGO somente (fallback final)'
2026-09-23 16:07:33 | INFO     | produtos: colunas mapeadas (0): []
2026-09-23 16:07:33 | INFO     | produtos: 0 item(ns) extraido(s)
2026-09-23 16:07:33 | INFO     | produtos: total combinado (paginas) = 0
2026-09-23 16:07:33 | INFO     | produtos: cabecalho detectado pelo criterio '4. CODIGO somente (fallback final)'
2026-09-23 16:07:33 | INFO     | produtos: colunas mapeadas (0): []
2026-09-23 16:07:33 | INFO     | produtos: 0 item(ns) extraido(s)
2026-09-23 16:07:33 | INFO     | produtos: total combinado (paginas) = 0
2026-09-23 16:07:33 | WARNING  | produtos: cabecalho da tabela NAO encontrado (regiao y=1434..2499 p1, itens=23)
2026-09-23 16:07:33 | INFO     | produtos: total combinado (paginas) = 0
2026-09-23 16:07:33 | WARNING  | produtos: cabecalho da tabela NAO encontrado (regiao y=1422..2484 p1, itens=22)
2026-09-23 16:07:33 | INFO     | produtos: total combinado (paginas) = 0
2026-09-23 16:07:33 | WARNING  | produtos: cabecalho da tabela NAO encontrado (regiao y=1422..2482 p1, itens=23)
2026-09-23 16:07:33 | INFO     | produtos: total combinado (paginas) = 0
2026-09-23 16:07:33 | WARNING  | produtos: cabecalho da tabela NAO encontrado (regiao y=1385..2443 p1, itens=23)
2026-09-23 16:07:33 | INFO     | produtos: total combinado (paginas) = 0
2026-09-23 16:07:33 | INFO     | produtos: cabecalho detectado pelo criterio '4. CODIGO somente (fallback final)'
2026-09-23 16:07:33 | INFO     | produtos: colunas mapeadas (0): []
2026-09-23 16:07:33 | INFO     | produtos: 0 item(ns) extraido(s)
2026-09-23 16:07:33 | INFO     | produtos: total combinado (paginas) = 0
2026-09-23 16:07:33 | WARNING  | produtos: cabecalho da tabela NAO encontrado (regiao y=1753..2820 p1, itens=26)
2026-09-23 16:07:33 | INFO     | produtos: total combinado (paginas) = 0
2026-09-23 16:07:33 | WARNING  | produtos: cabecalho da tabela NAO encontrado (regiao y=1416..2483 p1, itens=35)
2026-09-23 16:07:33 | INFO     | produtos: total combinado (paginas) = 0
2026-09-23 16:07:33 | INFO     | produtos: cabecalho detectado pelo criterio '4. CODIGO somente (fallback final)'
2026-09-23 16:07:33 | INFO     | produtos: colunas mapeadas (1): ['valor_total']
2026-09-23 16:07:33 | INFO     | produtos: 0 item(ns) extraido(s)
2026-09-23 16:07:33 | INFO     | produtos: total combinado (paginas) = 0
2026-09-23 16:07:33 | INFO     | produtos: cabecalho detectado pelo criterio '4. CODIGO somente (fallback final)'
2026-09-23 16:07:33 | INFO     | produtos: colunas mapeadas (8): ['valor_ipi', 'valor_total', 'valor_unitario', 'desconto', 'quantidade', 'unidade', 'ncm', 'codigo']
2026-09-23 16:07:33 | INFO     | produtos: 0 item(ns) extraido(s)
2026-09-23 16:07:33 | INFO     | produtos: total combinado (paginas) = 0
2026-09-23 16:07:33 | DEBUG    | campos: rotulo 'DADOS DO PRODUTO' nao encontrado
2026-09-23 16:07:33 | WARNING  | produtos: regiao de produtos invalida (e1=False e2=True ini_y=None fin_y=2750.0)
2026-09-23 16:07:33 | WARNING  | produtos: cabecalho da tabela NAO encontrado (regiao y=1687..2651 p1, itens=22)
2026-09-23 16:07:33 | INFO     | produtos: total combinado (paginas) = 0
2026-09-23 16:07:33 | WARNING  | produtos: cabecalho da tabela NAO encontrado (regiao y=1779..2761 p1, itens=30)
2026-09-23 16:07:33 | INFO     | produtos: total combinado (paginas) = 0
2026-09-23 16:07:33 | DEBUG    | campos: rotulo 'DADOS DO PRODUTO' nao encontrado
2026-09-23 16:07:33 | WARNING  | produtos: regiao de produtos invalida (e1=False e2=True ini_y=None fin_y=2764.0)
2026-09-23 16:07:33 | INFO     | produtos: cabecalho detectado pelo criterio '3. CODIGO+DESCRICAO (sem CFOP no cab)'
2026-09-23 16:07:33 | INFO     | produtos: colunas mapeadas (12): ['codigo', 'descricao', 'origem_cst', 'ncm', 'unidade', 'quantidade', 'valor_unitario', 'desconto', 'valor_total', 'bc_icms', 'valor_ipi', 'valor_icms']
2026-09-23 16:07:33 | DEBUG    | produtos: novo item -> {'codigo': 'K012', 'descricao': 'CloretodePotassio60%K20-Granulado', 'ncm': '31042090', 'origem_cst': '6/20', 'unidade': '5102 TON', 'quantidade': '48,0000', 'valor_unitario': '5.611,8750', 'valor_total': '269.370,00', 'valor_ipi': 'ICMSIPI'}
2026-09-23 16:07:33 | INFO     | produtos: 1 item(ns) extraido(s)
2026-09-23 16:07:33 | INFO     | produtos: item 1 codigo='K012 DADOSADICIONAIS' descricao='CloretodePotassio60%K20-Granulado viasolo; Obs:FertilizanteMineral Simples,Aplicacao Lote:' ncm='31042090' und='5102 TON' qtde='48,0000' vlr_unit='5.611,8750' vlr_total='269.370,00'
2026-09-23 16:07:33 | INFO     | produtos: total combinado (paginas) = 1
2026-09-23 16:07:33 | INFO     | produtos: cabecalho detectado pelo criterio '1. CODIGO+CFOP+VLR UNIT'
2026-09-23 16:07:33 | INFO     | produtos: colunas mapeadas (14): ['aliquota', 'valor_icms', 'bc_icms', 'valor_ipi', 'valor_unitario', 'valor_total', 'desconto', 'unidade', 'quantidade', 'origem_cst', 'cfop', 'ncm', 'codigo', 'descricao']
2026-09-23 16:07:33 | DEBUG    | produtos: novo item -> {'codigo': 'P015', 'descricao': 'FosfatoMonoamonico11%N-52%P205-', 'ncm': '31054000', 'origem_cst': '6/20', 'cfop': '5102', 'unidade': 'TON', 'quantidade': '37,0000', 'valor_unitario': '5.821,0919', 'valor_total': '215.380.40', 'bc_icms': '12.664.37', 'valor_icms': '2.152,94', 'aliquota': '0.0017,000.'}
2026-09-23 16:07:33 | DEBUG    | produtos: linha de 'obs' vista; valores nao-descricao aproveitados -> {}
2026-09-23 16:07:33 | DEBUG    | produtos: linha descartada apos obs -> {'descricao': 'VIASOLO;'}
2026-09-23 16:07:33 | DEBUG    | produtos: linha descartada apos obs -> {'descricao': 'Lote:IMP197022-Qtde:37:'}
2026-09-23 16:07:33 | DEBUG    | produtos: linha descartada apos obs -> {'descricao': 'Lote(s):Reg.MAPA:PR0015695 000026.'}
2026-09-23 16:07:33 | DEBUG    | produtos: linha descartada apos obs -> {'codigo': 'DADOSADICIONAIS'}
2026-09-23 16:07:33 | INFO     | produtos: 1 item(ns) extraido(s)
2026-09-23 16:07:33 | INFO     | produtos: item 1 codigo='P015' descricao='FosfatoMonoamonico11%N-52%P205- Granulado' ncm='31054000' und='TON' qtde='37,0000' vlr_unit='5.821,0919' vlr_total='215.380.40'
2026-09-23 16:07:33 | INFO     | produtos: total combinado (paginas) = 1
2026-09-23 16:07:33 | INFO     | produtos: cabecalho detectado pelo criterio '3. CODIGO+DESCRICAO (sem CFOP no cab)'
2026-09-23 16:07:33 | INFO     | produtos: colunas mapeadas (11): ['codigo', 'aliquota', 'descricao', 'origem_cst', 'ncm', 'valor_unitario', 'desconto', 'valor_total', 'bc_icms', 'valor_icms', 'valor_ipi']
2026-09-23 16:07:33 | DEBUG    | produtos: novo item -> {'codigo': 'P015', 'descricao': 'Granulado FosfatoMonoamonico11%N-52%P205-', 'ncm': '31054000', 'origem_cst': '6/20 5102 TON', 'valor_unitario': '37,0000 5.821.0919', 'valor_total': '215.380.40', 'bc_icms': '12.664.37', 'valor_icms': '2.152.94', 'aliquota': '0.0017,000.00'}
2026-09-23 16:07:33 | DEBUG    | produtos: linha de 'obs' vista; valores nao-descricao aproveitados -> {}
2026-09-23 16:07:33 | DEBUG    | produtos: linha descartada apos obs -> {'descricao': 'VIASOLO.:'}
2026-09-23 16:07:33 | DEBUG    | produtos: linha descartada apos obs -> {'descricao': 'Lote:IMP197022-Qtde:37:'}
2026-09-23 16:07:33 | DEBUG    | produtos: linha descartada apos obs -> {'descricao': 'Lote(s):Reg.MAPA:PR0015695000026.'}
2026-09-23 16:07:33 | DEBUG    | produtos: linha descartada apos obs -> {'codigo': 'DADOSADICIONAIS'}
2026-09-23 16:07:33 | INFO     | produtos: 1 item(ns) extraido(s)
2026-09-23 16:07:33 | INFO     | produtos: item 1 codigo='P015' descricao='Granulado FosfatoMonoamonico11%N-52%P205-' ncm='31054000' und=None qtde=None vlr_unit='37,0000 5.821.0919' vlr_total='215.380.40'
2026-09-23 16:07:33 | INFO     | produtos: total combinado (paginas) = 1
2026-09-23 16:07:33 | INFO     | produtos: cabecalho detectado pelo criterio '2. CODIGO+CFOP'
2026-09-23 16:07:33 | INFO     | produtos: colunas mapeadas (13): ['codigo', 'descricao', 'ncm', 'origem_cst', 'cfop', 'aliquota', 'unidade', 'quantidade', 'desconto', 'valor_total', 'bc_icms', 'valor_icms', 'valor_ipi']
2026-09-23 16:07:33 | DEBUG    | produtos: novo item -> {'codigo': 'P015', 'descricao': 'FosfatoMonoamonico11%N-52%P2O5-', 'ncm': '31054000', 'origem_cst': '6/20', 'cfop': '5102', 'unidade': 'TON', 'quantidade': '37.0000', 'desconto': '5.821,0919', 'valor_total': '215.380.40', 'aliquota': 'ICMSTIPI'}
2026-09-23 16:07:33 | DEBUG    | produtos: linha de 'obs' vista; valores nao-descricao aproveitados -> {}
2026-09-23 16:07:33 | DEBUG    | produtos: linha descartada apos obs -> {'descricao': 'VIASOLO.:'}
2026-09-23 16:07:33 | DEBUG    | produtos: linha descartada apos obs -> {'descricao': 'Lote:IMP197022-QIde:37:'}
2026-09-23 16:07:33 | DEBUG    | produtos: linha descartada apos obs -> {'descricao': 'Lote(s):Reg.MAPA:PR0015695000026.'}
2026-09-23 16:07:33 | DEBUG    | produtos: linha descartada apos obs -> {'codigo': 'DADOSADICIONAIS'}
2026-09-23 16:07:33 | INFO     | produtos: 1 item(ns) extraido(s)
2026-09-23 16:07:33 | INFO     | produtos: item 1 codigo='P015' descricao='FosfatoMonoamonico11%N-52%P2O5- Granulado' ncm='31054000' und='TON' qtde='37.0000' vlr_unit=None vlr_total='215.380.40'
2026-09-23 16:07:33 | INFO     | produtos: total combinado (paginas) = 1
2026-09-23 16:07:33 | INFO     | produtos: cabecalho detectado pelo criterio '2. CODIGO+CFOP'
2026-09-23 16:07:33 | INFO     | produtos: colunas mapeadas (12): ['valor_ipi', 'valor_icms', 'bc_icms', 'valor_unitario', 'valor_total', 'desconto', 'quantidade', 'cfop', 'origem_cst', 'ncm', 'descricao', 'codigo']
2026-09-23 16:07:33 | DEBUG    | produtos: novo item -> {'codigo': 'P015', 'descricao': 'FosfatoMonoamonico11%N-52%P205-', 'ncm': '31054000', 'origem_cst': '6/20', 'cfop': '5102 TON', 'quantidade': '36.0000', 'valor_unitario': '5.821.0919', 'valor_total': '209.559,31', 'bc_icms': '12.322.09', 'valor_icms': '2.094,76', 'valor_ipi': '0.0017.00'}
2026-09-23 16:07:33 | DEBUG    | produtos: linha de 'obs' vista; valores nao-descricao aproveitados -> {}
2026-09-23 16:07:33 | DEBUG    | produtos: linha descartada apos obs -> {'descricao': 'VIASOLO;'}
2026-09-23 16:07:33 | DEBUG    | produtos: linha descartada apos obs -> {'descricao': 'Lote:IMP197022-Qtde:36:'}
2026-09-23 16:07:33 | DEBUG    | produtos: linha descartada apos obs -> {'descricao': 'Lote(s):Reg.MAPA:PR0015695000026.'}
2026-09-23 16:07:33 | DEBUG    | produtos: linha descartada apos obs -> {'codigo': 'DADOSADICIONAIS'}
2026-09-23 16:07:33 | INFO     | produtos: 1 item(ns) extraido(s)
2026-09-23 16:07:33 | INFO     | produtos: item 1 codigo='P015' descricao='FosfatoMonoamonico11%N-52%P205- Granulado' ncm='31054000' und=None qtde='36.0000' vlr_unit='5.821.0919' vlr_total='209.559,31'
2026-09-23 16:07:33 | INFO     | produtos: total combinado (paginas) = 1
2026-09-23 16:07:33 | INFO     | produtos: cabecalho detectado pelo criterio '3. CODIGO+DESCRICAO (sem CFOP no cab)'
2026-09-23 16:07:33 | INFO     | produtos: colunas mapeadas (14): ['codigo', 'descricao', 'ncm', 'origem_cst', 'cfop', 'unidade', 'quantidade', 'valor_unitario', 'desconto', 'valor_total', 'aliquota', 'bc_icms', 'valor_icms', 'valor_ipi']
2026-09-23 16:07:33 | DEBUG    | produtos: novo item -> {'codigo': 'PO15', 'descricao': 'FosfatoMonoamonico11%N-52%P205-', 'bc_icms': 'VTRIB'}
2026-09-23 16:07:33 | DEBUG    | produtos: linha de 'obs' vista; valores nao-descricao aproveitados -> {'valor_total': '215.380,40', 'bc_icms': '12.664,37', 'valor_icms': '2.152,94', 'aliquota': '0,0017,000,00'}
2026-09-23 16:07:33 | DEBUG    | produtos: linha descartada apos obs -> {'descricao': 'VIASOLO.'}
2026-09-23 16:07:33 | DEBUG    | produtos: linha descartada apos obs -> {'descricao': 'Lote:IMP197022-Qtde:37;'}
2026-09-23 16:07:33 | DEBUG    | produtos: linha descartada apos obs -> {'descricao': 'Lote(s):Reg.MAPA:PR0015695000026.'}
2026-09-23 16:07:33 | DEBUG    | produtos: linha descartada apos obs -> {'codigo': 'DADOSADICIONAIS'}
2026-09-23 16:07:33 | INFO     | produtos: 1 item(ns) extraido(s)
2026-09-23 16:07:33 | INFO     | produtos: item 1 codigo='PO15' descricao='FosfatoMonoamonico11%N-52%P205- Granulado' ncm='31054000' und='TON' qtde='37,0000' vlr_unit='5.821,0919' vlr_total='215.380,40'
2026-09-23 16:07:33 | INFO     | produtos: total combinado (paginas) = 1
2026-09-23 16:07:33 | INFO     | produtos: cabecalho detectado pelo criterio '1. CODIGO+CFOP+VLR UNIT'
2026-09-23 16:07:33 | INFO     | produtos: colunas mapeadas (11): ['codigo', 'descricao', 'valor_unitario', 'ncm', 'origem_cst', 'cfop', 'desconto', 'valor_total', 'valor_icms', 'valor_ipi', 'bc_icms']
2026-09-23 16:07:33 | DEBUG    | produtos: novo item -> {'codigo': 'P015', 'descricao': 'Granulado FosfatoMonoamonico11%N-52%P205-', 'ncm': '31054000', 'origem_cst': '6/20', 'cfop': '5102 TON', 'valor_unitario': '48,0000 5.907,0600', 'valor_total': '283.538.88', 'bc_icms': '16.672.09', 'valor_icms': '2.834,26', 'valor_ipi': '0.0017.000.0'}
2026-09-23 16:07:33 | DEBUG    | produtos: linha de 'obs' vista; valores nao-descricao aproveitados -> {}
2026-09-23 16:07:33 | DEBUG    | produtos: linha descartada apos obs -> {'descricao': 'Lote:IMP197022-Qtde:48;'}
2026-09-23 16:07:33 | DEBUG    | produtos: linha descartada apos obs -> {'descricao': 'Lote(s):Reg.MAPA:PR 0015695000026.'}
2026-09-23 16:07:33 | DEBUG    | produtos: linha descartada apos obs -> {'codigo': 'DADOSADICIONAIS'}
2026-09-23 16:07:33 | INFO     | produtos: 1 item(ns) extraido(s)
2026-09-23 16:07:33 | INFO     | produtos: item 1 codigo='P015' descricao='Granulado FosfatoMonoamonico11%N-52%P205-' ncm='31054000' und=None qtde=None vlr_unit='48,0000 5.907,0600' vlr_total='283.538.88'
2026-09-23 16:07:33 | INFO     | produtos: total combinado (paginas) = 1
2026-09-23 16:07:33 | INFO     | produtos: cabecalho detectado pelo criterio '1. CODIGO+CFOP+VLR UNIT'
2026-09-23 16:07:33 | INFO     | produtos: colunas mapeadas (13): ['ncm', 'bc_icms', 'valor_icms', 'codigo', 'origem_cst', 'cfop', 'unidade', 'valor_unitario', 'desconto', 'valor_total', 'valor_ipi', 'descricao', 'quantidade']
2026-09-23 16:07:33 | DEBUG    | produtos: novo item -> {'codigo': 'POIS', 'descricao': 'FosfatoMonoamonico11%N-52%P205-', 'ncm': '31054000', 'origem_cst': '6/20', 'cfop': '5102', 'unidade': 'TON', 'quantidade': '32,0000', 'valor_unitario': '5.907,0600', 'valor_total': '189.025.92', 'bc_icms': '11.114.72', 'valor_icms': '1.889.50', 'valor_ipi': '0,00|17.000.0'}
2026-09-23 16:07:33 | DEBUG    | produtos: linha de 'obs' vista; valores nao-descricao aproveitados -> {}
2026-09-23 16:07:33 | DEBUG    | produtos: linha descartada apos obs -> {'descricao': 'APLICACAOVIASOLO'}
2026-09-23 16:07:33 | DEBUG    | produtos: linha descartada apos obs -> {'descricao': 'Lotc:1MP197022-Q1dc:32.'}
2026-09-23 16:07:33 | DEBUG    | produtos: linha descartada apos obs -> {'descricao': 'Lolc(s):Reg.MAPA:PR0015695000026.'}
2026-09-23 16:07:33 | DEBUG    | produtos: linha descartada apos obs -> {'codigo': 'DADOSADICIONAIS'}
2026-09-23 16:07:33 | INFO     | produtos: 1 item(ns) extraido(s)
2026-09-23 16:07:33 | INFO     | produtos: item 1 codigo='POIS' descricao='FosfatoMonoamonico11%N-52%P205- Granulado' ncm='31054000' und='TON' qtde='32,0000' vlr_unit='5.907,0600' vlr_total='189.025.92'
2026-09-23 16:07:33 | INFO     | produtos: total combinado (paginas) = 1
2026-09-23 16:07:33 | INFO     | produtos: cabecalho detectado pelo criterio '1. CODIGO+CFOP+VLR UNIT'
2026-09-23 16:07:33 | INFO     | produtos: colunas mapeadas (14): ['aliquota', 'codigo', 'descricao', 'ncm', 'origem_cst', 'cfop', 'unidade', 'valor_unitario', 'quantidade', 'desconto', 'valor_total', 'bc_icms', 'valor_icms', 'valor_ipi']
2026-09-23 16:07:33 | DEBUG    | produtos: novo item -> {'codigo': 'P015', 'descricao': 'Granulado FosfatoMonoamonico11%N-52%P205-', 'ncm': '31054000', 'origem_cst': '6/20', 'cfop': '5102', 'unidade': 'TON', 'quantidade': '36,0000', 'valor_unitario': '5.821,0925', 'valor_total': '209.559,33', 'bc_icms': '12.322,09', 'valor_icms': '2.094,76', 'aliquota': '0,0017,000,00'}
2026-09-23 16:07:33 | INFO     | produtos: 1 item(ns) extraido(s)
2026-09-23 16:07:33 | INFO     | produtos: item 1 codigo='P015 DADOSADICIONAIS' descricao='Granulado FosfatoMonoamonico11%N-52%P205- APLICACAOVIASOLO: Obs:FERT.MINERALSIMPLES, Lote:' ncm='31054000' und='TON' qtde='36,0000' vlr_unit='5.821,0925' vlr_total='209.559,33'
2026-09-23 16:07:33 | INFO     | produtos: total combinado (paginas) = 1
2026-09-23 16:12:01 | DEBUG    | campos: rotulo 'DADOS DO PRODUTO' nao encontrado
2026-09-23 16:12:01 | DEBUG    | campos: rotulo 'DADOS ADICIONAIS' nao encontrado
2026-09-23 16:12:01 | WARNING  | produtos: regiao de produtos invalida (e1=False e2=False ini_y=None fin_y=None)
2026-09-23 16:12:01 | DEBUG    | campos: rotulo 'DADOS DO PRODUTO' nao encontrado
2026-09-23 16:12:01 | DEBUG    | campos: rotulo 'DADOS ADICIONAIS' nao encontrado
2026-09-23 16:12:01 | WARNING  | produtos: regiao de produtos invalida (e1=False e2=False ini_y=None fin_y=None)
2026-09-23 16:12:01 | DEBUG    | campos: rotulo 'DADOS DO PRODUTO' nao encontrado
2026-09-23 16:12:01 | DEBUG    | campos: rotulo 'DADOS ADICIONAIS' nao encontrado
2026-09-23 16:12:01 | WARNING  | produtos: regiao de produtos invalida (e1=False e2=False ini_y=None fin_y=None)
2026-09-23 16:12:01 | DEBUG    | campos: rotulo 'DADOS DO PRODUTO' nao encontrado
2026-09-23 16:12:01 | DEBUG    | campos: rotulo 'DADOS ADICIONAIS' nao encontrado
2026-09-23 16:12:01 | WARNING  | produtos: regiao de produtos invalida (e1=False e2=False ini_y=None fin_y=None)
2026-09-23 16:12:01 | DEBUG    | campos: rotulo 'DADOS DO PRODUTO' nao encontrado
2026-09-23 16:12:01 | DEBUG    | campos: rotulo 'DADOS ADICIONAIS' nao encontrado
2026-09-23 16:12:01 | WARNING  | produtos: regiao de produtos invalida (e1=False e2=False ini_y=None fin_y=None)
2026-09-23 16:12:01 | DEBUG    | campos: rotulo 'DADOS DO PRODUTO' nao encontrado
2026-09-23 16:12:01 | DEBUG    | campos: rotulo 'DADOS ADICIONAIS' nao encontrado
2026-09-23 16:12:01 | WARNING  | produtos: regiao de produtos invalida (e1=False e2=False ini_y=None fin_y=None)
2026-09-23 16:12:01 | DEBUG    | campos: rotulo 'DADOS DO PRODUTO' nao encontrado
2026-09-23 16:12:01 | DEBUG    | campos: rotulo 'DADOS ADICIONAIS' nao encontrado
2026-09-23 16:12:01 | WARNING  | produtos: regiao de produtos invalida (e1=False e2=False ini_y=None fin_y=None)
2026-09-23 16:12:01 | DEBUG    | campos: rotulo 'DADOS DO PRODUTO' nao encontrado
2026-09-23 16:12:01 | DEBUG    | campos: rotulo 'DADOS ADICIONAIS' nao encontrado
2026-09-23 16:12:01 | WARNING  | produtos: regiao de produtos invalida (e1=False e2=False ini_y=None fin_y=None)
2026-09-23 16:12:01 | INFO     | produtos: cabecalho detectado pelo criterio '2. CODIGO+CFOP'
2026-09-23 16:12:01 | INFO     | produtos: colunas mapeadas (12): ['bc_icms', 'valor_unitario', 'valor_ipi', 'valor_icms', 'valor_total', 'unidade', 'quantidade', 'origem_cst', 'cfop', 'ncm', 'descricao', 'codigo']
2026-09-23 16:12:01 | DEBUG    | produtos: novo item -> {'descricao': 'CALCARIODOLOMITICOPOSTO', 'ncm': '25181000', 'origem_cst': '040', 'cfop': '5102', 'unidade': 'TN', 'quantidade': '47,9200', 'valor_unitario': '240,00', 'valor_total': '11.500,80', 'bc_icms': '0,00', 'valor_icms': '0,00', 'valor_ipi': '0,00 0.00 0.00'}
2026-09-23 16:12:01 | INFO     | produtos: 1 item(ns) extraido(s)
2026-09-23 16:12:01 | INFO     | produtos: item 1 codigo='3 CALCULO DOISSQN INSCRICAOMUNICIPAL DADOSADICIONAIS' descricao='CALCARIODOLOMITICOPOSTO ANCAD Ass. B.C.3Origem R$0.00ICMS retido0.00' ncm='25181000' und='TN' qtde='47,9200 BASE DE CALCULODOISSQN' vlr_unit='240,00' vlr_total='11.500,80'
2026-09-23 16:12:01 | INFO     | produtos: total combinado (paginas) = 1
2026-09-23 16:12:01 | INFO     | produtos: cabecalho detectado pelo criterio '2. CODIGO+CFOP'
2026-09-23 16:12:01 | INFO     | produtos: colunas mapeadas (11): ['codigo', 'descricao', 'valor_unitario', 'ncm', 'bc_icms', 'origem_cst', 'unidade', 'cfop', 'quantidade', 'valor_total', 'valor_icms']
2026-09-23 16:12:01 | DEBUG    | produtos: novo item -> {'codigo': '3', 'descricao': 'CALCARIODOLOMITICOPOSTO', 'bc_icms': 'ICMS', 'valor_icms': 'VAIORIPI ICMS'}
2026-09-23 16:12:01 | INFO     | produtos: 1 item(ns) extraido(s)
2026-09-23 16:12:01 | INFO     | produtos: item 1 codigo='3 B.C.3Origem R$0.00 ICMSretido0.00 CALCULO DO ISSQN INSCRICAOMUNICIPAL DADOSADICIONAIS' descricao='CALCARIODOLOMITICOPOSTO ANCADC 10/ Ass.' ncm='25181000' und='TN' qtde='47,2600 BASEDECALCULO DOISSQN' vlr_unit='240,00' vlr_total='11.342.4d'
2026-09-23 16:12:01 | INFO     | produtos: total combinado (paginas) = 1
2026-09-23 16:12:01 | WARNING  | produtos: cabecalho da tabela NAO encontrado (regiao y=1405..2409 p1, itens=41)
2026-09-23 16:12:01 | INFO     | produtos: total combinado (paginas) = 0
2026-09-23 16:12:01 | WARNING  | produtos: cabecalho da tabela NAO encontrado (regiao y=1408..2411 p1, itens=38)
2026-09-23 16:12:01 | INFO     | produtos: total combinado (paginas) = 0
2026-09-23 16:12:01 | INFO     | produtos: cabecalho detectado pelo criterio '2. CODIGO+CFOP'
2026-09-23 16:12:01 | INFO     | produtos: colunas mapeadas (12): ['bc_icms', 'valor_unitario', 'valor_ipi', 'valor_icms', 'valor_total', 'quantidade', 'unidade', 'cfop', 'origem_cst', 'ncm', 'descricao', 'codigo']
2026-09-23 16:12:01 | DEBUG    | produtos: novo item -> {'codigo': '3', 'descricao': 'CALCARIODOLOMITICOPOSTO'}
2026-09-23 16:12:01 | INFO     | produtos: 1 item(ns) extraido(s)
2026-09-23 16:12:01 | INFO     | produtos: item 1 codigo='3 CALCULO DOISSQN INSCRICAO MUNICIPAL DADOSADICIONAIS' descricao='CALCARIODOLOMITICOPOSTO ANCADC VAsS. B.C.3OrigemRS0,001CMS retido0.00' ncm=None und=None qtde='BASEDECALCULODOISSQN' vlr_unit=None vlr_total=None
2026-09-23 16:12:01 | INFO     | produtos: total combinado (paginas) = 1
2026-09-23 16:12:01 | INFO     | produtos: cabecalho detectado pelo criterio '3. CODIGO+DESCRICAO (sem CFOP no cab)'
2026-09-23 16:12:01 | INFO     | produtos: colunas mapeadas (10): ['valor_icms', 'valor_unitario', 'valor_total', 'quantidade', 'unidade', 'cfop', 'origem_cst', 'ncm', 'descricao', 'codigo']
2026-09-23 16:12:01 | DEBUG    | produtos: novo item -> {'codigo': '3', 'descricao': 'CALCARIODOLOMITICOPOSTO'}
2026-09-23 16:12:01 | INFO     | produtos: 1 item(ns) extraido(s)
2026-09-23 16:12:01 | INFO     | produtos: item 1 codigo='3 CALCULO DOISSQN INSCRICAOMUNICIPAL DADOSADICIONAIS' descricao='CALCARIODOLOMITICOPOSTO LANCADC 0 Ass. B.C.3OrigemR$0.00 ICMSretido0.00' ncm=None und=None qtde='BASEDECALCULODOISSQN' vlr_unit=None vlr_total=None
2026-09-23 16:12:01 | INFO     | produtos: total combinado (paginas) = 1
2026-09-23 16:12:01 | INFO     | produtos: cabecalho detectado pelo criterio '3. CODIGO+DESCRICAO (sem CFOP no cab)'
2026-09-23 16:12:01 | INFO     | produtos: colunas mapeadas (11): ['bc_icms', 'valor_unitario', 'valor_ipi', 'valor_icms', 'valor_total', 'unidade', 'cfop', 'origem_cst', 'ncm', 'descricao', 'codigo']
2026-09-23 16:12:01 | INFO     | produtos: 0 item(ns) extraido(s)
2026-09-23 16:12:01 | INFO     | produtos: total combinado (paginas) = 0
2026-09-23 16:12:01 | WARNING  | produtos: cabecalho da tabela NAO encontrado (regiao y=1453..2470 p1, itens=37)
2026-09-23 16:12:01 | INFO     | produtos: total combinado (paginas) = 0
2026-09-23 16:12:01 | INFO     | produtos: cabecalho detectado pelo criterio '3. CODIGO+DESCRICAO (sem CFOP no cab)'
2026-09-23 16:12:01 | INFO     | produtos: colunas mapeadas (8): ['quantidade', 'unidade', 'cfop', 'origem_cst', 'ncm', 'descricao', 'codigo', 'valor_total']
2026-09-23 16:12:01 | DEBUG    | produtos: novo item -> {'codigo': '3', 'descricao': 'CALCARIODOLOMITICOPOSTO'}
2026-09-23 16:12:01 | INFO     | produtos: 1 item(ns) extraido(s)
2026-09-23 16:12:01 | INFO     | produtos: item 1 codigo='3 CALCULODO ISSQN INSCRICAOMUNICIPAL DADOSADICIONAIS' descricao='CALCARIODOLOMITICOPOSTO LANCAi. AsS. B.C.3Origem RS0.00ICMSretido0.00' ncm=None und=None qtde='BASEDECALCULODOISSQN RESERVADOAOFISCO' vlr_unit=None vlr_total=None
2026-09-23 16:12:01 | INFO     | produtos: total combinado (paginas) = 1
2026-09-23 16:12:01 | INFO     | produtos: cabecalho detectado pelo criterio '2. CODIGO+CFOP'
2026-09-23 16:12:01 | INFO     | produtos: colunas mapeadas (12): ['valor_unitario', 'bc_icms', 'descricao', 'codigo', 'ncm', 'valor_icms', 'origem_cst', 'cfop', 'unidade', 'quantidade', 'valor_total', 'valor_ipi']
2026-09-23 16:12:01 | DEBUG    | produtos: novo item -> {'codigo': '3', 'descricao': 'CALCARIODOLOMITICOPOSTO', 'ncm': '25181000', 'origem_cst': '040', 'cfop': '5102', 'unidade': 'TN', 'quantidade': '48,2600', 'valor_unitario': '225,00', 'valor_total': '10.858.50', 'bc_icms': '0,00', 'valor_icms': '0.00', 'valor_ipi': '0.00 0.00 0.00'}
2026-09-23 16:12:01 | INFO     | produtos: 1 item(ns) extraido(s)
2026-09-23 16:12:01 | INFO     | produtos: item 1 codigo='3 B.C.3OrigemR$0.00ICMSretido0,00 CALCULODOISSQN INSCRICAOMUNICIPAL DADOSADICIONAIS' descricao='CALCARIODOLOMITICOPOSTO' ncm='25181000' und='TN' qtde='48,2600 BASEDECALCULODOISSQN' vlr_unit='225,00' vlr_total='10.858.50'
2026-09-23 16:12:01 | INFO     | produtos: total combinado (paginas) = 1
2026-09-23 16:12:01 | INFO     | produtos: cabecalho detectado pelo criterio '2. CODIGO+CFOP'
2026-09-23 16:12:01 | INFO     | produtos: colunas mapeadas (11): ['codigo', 'descricao', 'valor_unitario', 'bc_icms', 'ncm', 'origem_cst', 'cfop', 'unidade', 'quantidade', 'valor_total', 'valor_icms']
2026-09-23 16:12:01 | DEBUG    | produtos: novo item -> {'codigo': '3', 'descricao': 'CALCARIODOLOMITICOPOSTO', 'ncm': '25181000', 'origem_cst': '040', 'cfop': '5102', 'bc_icms': 'ICMS', 'valor_icms': 'ICMS'}
2026-09-23 16:12:01 | INFO     | produtos: 1 item(ns) extraido(s)
2026-09-23 16:12:01 | INFO     | produtos: item 1 codigo='3 B.C.3OrigemRS0,00ICMSretido0.00 CALCULO DO ISSQN INSCRICAO MUNICIPAL DADOSADICIONAIS' descricao='CALCARIODOLOMITICOPOSTO' ncm='25181000' und='TN' qtde='47,6200 BASEDECALCULODOISSQN' vlr_unit='225,00' vlr_total='10.714,50'
2026-09-23 16:12:01 | INFO     | produtos: total combinado (paginas) = 1
2026-09-23 16:12:01 | INFO     | produtos: cabecalho detectado pelo criterio '2. CODIGO+CFOP'
2026-09-23 16:12:01 | INFO     | produtos: colunas mapeadas (12): ['valor_unitario', 'codigo', 'bc_icms', 'descricao', 'ncm', 'origem_cst', 'cfop', 'unidade', 'quantidade', 'valor_total', 'valor_icms', 'valor_ipi']
2026-09-23 16:12:01 | DEBUG    | produtos: novo item -> {'codigo': '3', 'descricao': 'CALCARIODOLOMITICOPOSTO', 'ncm': '25181000', 'origem_cst': '040', 'cfop': '5102', 'unidade': 'TN', 'quantidade': '48,0400', 'valor_unitario': '220,00', 'valor_total': '10.568.80', 'bc_icms': '0,00', 'valor_icms': '0.00', 'valor_ipi': '0.00 0,00 0,00'}
2026-09-23 16:12:01 | INFO     | produtos: 1 item(ns) extraido(s)
2026-09-23 16:12:01 | INFO     | produtos: item 1 codigo='3 B.C.3OrigemR$0.00ICMSretido0.00 CALCULODOISSQN INSCRICAO MUNICIPAL DADOSADICIONAIS' descricao='CALCARIODOLOMITICOPOSTO' ncm='25181000' und='TN' qtde='48,0400 BASEDECALCULODOISSQN' vlr_unit='220,00' vlr_total='10.568.80'
2026-09-23 16:12:01 | INFO     | produtos: total combinado (paginas) = 1
2026-09-23 16:12:01 | INFO     | produtos: cabecalho detectado pelo criterio '2. CODIGO+CFOP'
2026-09-23 16:12:01 | INFO     | produtos: colunas mapeadas (12): ['valor_unitario', 'codigo', 'bc_icms', 'descricao', 'ncm', 'origem_cst', 'cfop', 'unidade', 'quantidade', 'valor_icms', 'valor_ipi', 'valor_total']
2026-09-23 16:12:01 | DEBUG    | produtos: novo item -> {'codigo': '3', 'descricao': 'CALCARIODOLOMITICOPOSTO', 'ncm': '25181000', 'bc_icms': 'ICMS', 'valor_ipi': 'ICMS IP1'}
2026-09-23 16:12:01 | INFO     | produtos: 1 item(ns) extraido(s)
2026-09-23 16:12:01 | INFO     | produtos: item 1 codigo='3 B.C.3OrigemR$0.00ICMSretido0.00 CALCULODOISSQN INSCRICAO MUNICIPAL DADOSADICIONAIS' descricao='CALCARIODOLOMITICOPOSTO' ncm='25181000' und='TN' qtde='47,2200 BASEDECALCULODOISSQN' vlr_unit='225,00' vlr_total=None
2026-09-23 16:12:01 | INFO     | produtos: total combinado (paginas) = 1
2026-09-23 16:12:01 | WARNING  | produtos: cabecalho da tabela NAO encontrado (regiao y=1723..2761 p1, itens=38)
2026-09-23 16:12:01 | INFO     | produtos: total combinado (paginas) = 0
2026-09-23 16:12:01 | INFO     | produtos: cabecalho detectado pelo criterio '2. CODIGO+CFOP'
2026-09-23 16:12:01 | INFO     | produtos: colunas mapeadas (12): ['codigo', 'valor_unitario', 'bc_icms', 'descricao', 'ncm', 'cfop', 'origem_cst', 'unidade', 'quantidade', 'valor_total', 'valor_icms', 'valor_ipi']
2026-09-23 16:12:01 | DEBUG    | produtos: novo item -> {'codigo': '3', 'descricao': 'CALCARIODOLOMITICOPOSTO', 'bc_icms': 'ICMS', 'valor_ipi': 'ICM'}
2026-09-23 16:12:01 | INFO     | produtos: 1 item(ns) extraido(s)
2026-09-23 16:12:01 | INFO     | produtos: item 1 codigo='3 B.C.3OrigemRS0,00ICMSretido0.00 CALCULODOISSQN INSCRICAOMUNICIPAL DADOSADICIONAIS' descricao='CALCARIODOLOMITICOPOSTO' ncm='25181000' und='TN' qtde='47,7800 BASEDECALCULODOISSQN' vlr_unit='220.00' vlr_total='10.511,60'
2026-09-23 16:12:01 | INFO     | produtos: total combinado (paginas) = 1
2026-09-23 16:12:01 | INFO     | produtos: cabecalho detectado pelo criterio '2. CODIGO+CFOP'
2026-09-23 16:12:01 | INFO     | produtos: colunas mapeadas (12): ['valor_unitario', 'bc_icms', 'codigo', 'descricao', 'ncm', 'origem_cst', 'unidade', 'cfop', 'quantidade', 'valor_total', 'valor_icms', 'valor_ipi']
2026-09-23 16:12:01 | DEBUG    | produtos: novo item -> {'codigo': '3', 'descricao': 'CALCARIODOLOMITICOPOSTO', 'ncm': '25181000', 'origem_cst': '040', 'cfop': '5102', 'unidade': 'TN', 'quantidade': '46,4000', 'valor_unitario': '225.00', 'valor_total': '10.440.00', 'bc_icms': '0.00', 'valor_icms': '0.00', 'valor_ipi': '0.00 0.00 0.00'}
2026-09-23 16:12:01 | INFO     | produtos: 1 item(ns) extraido(s)
2026-09-23 16:12:01 | INFO     | produtos: item 1 codigo='3 B.C.3Origem RS0.00 ICMSretido0.00 CALCULODOISSQN INSCRICAO MUNICIPAL DADOSADICIONAIS' descricao='CALCARIODOLOMITICOPOSTO' ncm='25181000' und='TN' qtde='46,4000 BASEDECALCULODOISSQN' vlr_unit='225.00' vlr_total='10.440.00'
2026-09-23 16:12:01 | INFO     | produtos: total combinado (paginas) = 1
2026-09-23 16:12:01 | INFO     | produtos: cabecalho detectado pelo criterio '2. CODIGO+CFOP'
2026-09-23 16:12:01 | INFO     | produtos: colunas mapeadas (11): ['valor_unitario', 'codigo', 'bc_icms', 'descricao', 'ncm', 'unidade', 'origem_cst', 'cfop', 'quantidade', 'valor_total', 'valor_ipi']
2026-09-23 16:12:01 | DEBUG    | produtos: novo item -> {'codigo': '3', 'descricao': 'CALCARIODOLOMITICOPOSTO', 'bc_icms': 'ICMS', 'valor_ipi': 'ICMS'}
2026-09-23 16:12:01 | INFO     | produtos: 1 item(ns) extraido(s)
2026-09-23 16:12:01 | INFO     | produtos: item 1 codigo='3 B.C.3Origem R$0.00ICMS retido0,00 CALCULODOISSQN INSCRICAO MUNICIPAL DADOSADICIONAIS' descricao='CALCARIODOLOMITICOPOSTO' ncm='25181000' und='TN' qtde='47,5600 BASEDECALCULODOISSQN' vlr_unit='225,00' vlr_total='10.701.00'
2026-09-23 16:12:01 | INFO     | produtos: total combinado (paginas) = 1
2026-09-23 16:12:01 | INFO     | produtos: cabecalho detectado pelo criterio '2. CODIGO+CFOP'
2026-09-23 16:12:01 | INFO     | produtos: colunas mapeadas (10): ['codigo', 'valor_unitario', 'descricao', 'bc_icms', 'ncm', 'origem_cst', 'cfop', 'unidade', 'valor_total', 'valor_icms']
2026-09-23 16:12:01 | DEBUG    | produtos: novo item -> {'codigo': '3', 'descricao': 'CALCARIODOLOMITICOPOSTO', 'ncm': '25181000', 'bc_icms': 'ICMS', 'valor_icms': 'ICMS'}
2026-09-23 16:12:01 | INFO     | produtos: 1 item(ns) extraido(s)
2026-09-23 16:12:01 | INFO     | produtos: item 1 codigo='3 B.C.3OrigemRS0.00ICMSretido0.00 CALCULODOISSQN INSCRICAOMUNICIPAL DADOSADICIONAIS' descricao='CALCARIODOLOMITICOPOSTO' ncm='25181000' und='TN' qtde=None vlr_unit='47,3000 225,00 BASEDECALCULODOISSQN' vlr_total='10.642.50'
2026-09-23 16:12:01 | INFO     | produtos: total combinado (paginas) = 1
2026-09-23 16:12:01 | DEBUG    | campos: rotulo 'DADOS DO PRODUTO' nao encontrado
2026-09-23 16:12:01 | WARNING  | produtos: regiao de produtos invalida (e1=False e2=True ini_y=None fin_y=2808.0)
2026-09-23 16:12:01 | INFO     | produtos: cabecalho detectado pelo criterio '2. CODIGO+CFOP'
2026-09-23 16:12:01 | INFO     | produtos: colunas mapeadas (12): ['codigo', 'valor_unitario', 'descricao', 'bc_icms', 'ncm', 'origem_cst', 'cfop', 'unidade', 'quantidade', 'valor_total', 'valor_icms', 'valor_ipi']
2026-09-23 16:12:01 | DEBUG    | produtos: novo item -> {'codigo': '3', 'descricao': 'CALCARIODOLOMITICOPOSTO', 'ncm': '25181000', 'origem_cst': '040', 'bc_icms': 'ICMS', 'valor_ipi': 'ICMS IPI'}
2026-09-23 16:12:01 | INFO     | produtos: 1 item(ns) extraido(s)
2026-09-23 16:12:01 | INFO     | produtos: item 1 codigo='3 B.C.3 Origem R$0.00ICMS retido0.00 CALCULO DOISSQN INSCRICAO MUNICIPAL DADOSADICIONAIS' descricao='CALCARIODOLOMITICOPOSTO' ncm='25181000' und='TN' qtde='48,0200 BASEDECALCULODOISSQN' vlr_unit='225,00' vlr_total='10.804.50'
2026-09-23 16:12:01 | INFO     | produtos: total combinado (paginas) = 1
2026-09-23 16:12:01 | WARNING  | produtos: cabecalho da tabela NAO encontrado (regiao y=1730..2820 p1, itens=38)
2026-09-23 16:12:01 | INFO     | produtos: total combinado (paginas) = 0
2026-09-23 16:12:01 | INFO     | produtos: cabecalho detectado pelo criterio '2. CODIGO+CFOP'
2026-09-23 16:12:01 | INFO     | produtos: colunas mapeadas (10): ['valor_unitario', 'codigo', 'descricao', 'ncm', 'origem_cst', 'cfop', 'unidade', 'quantidade', 'valor_icms', 'valor_total']
2026-09-23 16:12:01 | DEBUG    | produtos: novo item -> {'codigo': '3', 'descricao': 'CALCARIODOLOMITICOPOSTO', 'ncm': '25181000', 'origem_cst': '040', 'cfop': '5102', 'unidade': 'TN', 'quantidade': '48,8600', 'valor_unitario': '225,00', 'valor_total': '10.993,59', 'valor_icms': '0.00 0.00 0,00 0.00'}
2026-09-23 16:12:01 | INFO     | produtos: 1 item(ns) extraido(s)
2026-09-23 16:12:01 | INFO     | produtos: item 1 codigo='3 B.C.3OrigemR$0.001CMS retido0.00 CALCULODOISSQN INSCRICAO MUNICIPAL DADOSADICIONAIS' descricao='CALCARIODOLOMITICOPOSTO' ncm='25181000' und='TN' qtde='48,8600 BASEDECALCULODOISSQN' vlr_unit='225,00' vlr_total='10.993,59'
2026-09-23 16:12:01 | INFO     | produtos: total combinado (paginas) = 1
2026-09-23 16:12:01 | WARNING  | produtos: cabecalho da tabela NAO encontrado (regiao y=1739..2827 p1, itens=38)
2026-09-23 16:12:01 | INFO     | produtos: total combinado (paginas) = 0
2026-09-23 16:12:01 | INFO     | produtos: cabecalho detectado pelo criterio '2. CODIGO+CFOP'
2026-09-23 16:12:01 | INFO     | produtos: colunas mapeadas (11): ['valor_unitario', 'codigo', 'bc_icms', 'descricao', 'ncm', 'origem_cst', 'cfop', 'unidade', 'quantidade', 'valor_ipi', 'valor_total']
2026-09-23 16:12:01 | DEBUG    | produtos: novo item -> {'descricao': 'CALCARIODOLOMITICOPOSTO', 'ncm': '25181000', 'origem_cst': '040', 'cfop': '5102', 'unidade': 'TN', 'quantidade': '47,5200', 'valor_unitario': '225,00', 'bc_icms': '10.692.00 0.00', 'valor_ipi': '0,00 0,00 0.00 0.00'}
2026-09-23 16:12:01 | INFO     | produtos: 1 item(ns) extraido(s)
2026-09-23 16:12:01 | INFO     | produtos: item 1 codigo='B.C.3OrigemR$0.00ICMSretido0.00 CALCULODOISSQN INSCRICAO MUNICIPAL DADOSADICIONAIS' descricao='CALCARIODOLOMITICOPOSTO' ncm='25181000' und='TN' qtde='47,5200 BASEDECALCULODOISSQN' vlr_unit='225,00' vlr_total=None
2026-09-23 16:12:01 | INFO     | produtos: total combinado (paginas) = 1
2026-09-23 16:12:01 | WARNING  | produtos: cabecalho da tabela NAO encontrado (regiao y=1728..2813 p1, itens=38)
2026-09-23 16:12:01 | INFO     | produtos: total combinado (paginas) = 0
2026-09-23 16:12:01 | WARNING  | produtos: cabecalho da tabela NAO encontrado (regiao y=1709..2750 p1, itens=38)
2026-09-23 16:12:01 | INFO     | produtos: total combinado (paginas) = 0
2026-09-23 16:12:01 | WARNING  | produtos: cabecalho da tabela NAO encontrado (regiao y=1719..2775 p1, itens=38)
2026-09-23 16:12:01 | INFO     | produtos: total combinado (paginas) = 0
2026-09-23 16:12:01 | INFO     | produtos: cabecalho detectado pelo criterio '2. CODIGO+CFOP'
2026-09-23 16:12:01 | INFO     | produtos: colunas mapeadas (10): ['codigo', 'descricao', 'valor_unitario', 'ncm', 'bc_icms', 'origem_cst', 'cfop', 'unidade', 'valor_ipi', 'valor_total']
2026-09-23 16:12:01 | INFO     | produtos: 0 item(ns) extraido(s)
2026-09-23 16:12:01 | INFO     | produtos: total combinado (paginas) = 0
2026-09-23 16:12:01 | WARNING  | produtos: cabecalho da tabela NAO encontrado (regiao y=1736..2825 p1, itens=38)
2026-09-23 16:12:01 | INFO     | produtos: total combinado (paginas) = 0
2026-09-23 16:12:01 | WARNING  | produtos: cabecalho da tabela NAO encontrado (regiao y=1751..2839 p1, itens=38)
2026-09-23 16:12:01 | INFO     | produtos: total combinado (paginas) = 0
2026-09-23 16:12:01 | INFO     | produtos: cabecalho detectado pelo criterio '2. CODIGO+CFOP'
2026-09-23 16:12:01 | INFO     | produtos: colunas mapeadas (12): ['codigo', 'valor_unitario', 'bc_icms', 'descricao', 'ncm', 'origem_cst', 'cfop', 'unidade', 'quantidade', 'valor_icms', 'valor_ipi', 'valor_total']
2026-09-23 16:12:01 | DEBUG    | produtos: novo item -> {'codigo': '3', 'descricao': 'CALCARIODOLOMITICOPOSTO', 'ncm': '25181000', 'bc_icms': 'ICMS', 'valor_ipi': 'ICMS IP1'}
2026-09-23 16:12:01 | INFO     | produtos: 1 item(ns) extraido(s)
2026-09-23 16:12:01 | INFO     | produtos: item 1 codigo='3 B.C.3OrigemR$0,00ICMS retido0,00 CALCULODOISSQN INSCRICAOMUNICIPAL DADOSADICIONAIS' descricao='CALCARIODOLOMITICOPOSTO' ncm='25181000' und='TN' qtde='46,9400 BASEDECALCULODOISSQN' vlr_unit='225,00' vlr_total=None
2026-09-23 16:12:01 | INFO     | produtos: total combinado (paginas) = 1
2026-09-23 16:12:01 | INFO     | produtos: cabecalho detectado pelo criterio '2. CODIGO+CFOP'
2026-09-23 16:12:01 | INFO     | produtos: colunas mapeadas (12): ['codigo', 'valor_unitario', 'descricao', 'bc_icms', 'ncm', 'origem_cst', 'cfop', 'unidade', 'quantidade', 'valor_total', 'valor_icms', 'valor_ipi']
2026-09-23 16:12:01 | DEBUG    | produtos: novo item -> {'codigo': '3', 'descricao': 'CALCARIODOLOMITICOPOSTO', 'ncm': '25181000', 'bc_icms': 'ICMS', 'valor_ipi': 'ICMS IPI'}
2026-09-23 16:12:01 | INFO     | produtos: 1 item(ns) extraido(s)
2026-09-23 16:12:01 | INFO     | produtos: item 1 codigo='3 B.C.3OrigemR50.00ICMSretido0.00 CALCULODOISSQN INSCRICAO MUNICIPAL DADOSADICIONAIS' descricao='CALCARIODOLOMITICOPOSTO' ncm='25181000' und='TN' qtde='47.7400 BASEDECALCULODOISSQN' vlr_unit='220,00' vlr_total='10.502.80'
2026-09-23 16:12:01 | INFO     | produtos: total combinado (paginas) = 1
2026-09-23 16:12:01 | WARNING  | produtos: cabecalho da tabela NAO encontrado (regiao y=1722..2811 p1, itens=38)
2026-09-23 16:12:01 | INFO     | produtos: total combinado (paginas) = 0
2026-09-23 16:12:01 | WARNING  | produtos: cabecalho da tabela NAO encontrado (regiao y=1726..2814 p1, itens=37)
2026-09-23 16:12:01 | INFO     | produtos: total combinado (paginas) = 0
2026-09-23 16:12:01 | INFO     | produtos: cabecalho detectado pelo criterio '2. CODIGO+CFOP'
2026-09-23 16:12:01 | INFO     | produtos: colunas mapeadas (12): ['codigo', 'descricao', 'valor_unitario', 'ncm', 'origem_cst', 'cfop', 'bc_icms', 'unidade', 'quantidade', 'valor_total', 'valor_icms', 'valor_ipi']
2026-09-23 16:12:01 | DEBUG    | produtos: novo item -> {'codigo': '3', 'descricao': 'CALCARIODOLOMITICOPOSTO', 'bc_icms': 'ICMS', 'valor_ipi': 'ICMS ALIQ ALIQ IPI'}
2026-09-23 16:12:01 | INFO     | produtos: 1 item(ns) extraido(s)
2026-09-23 16:12:01 | INFO     | produtos: item 1 codigo='3 B.C.3OrigemR$0.00ICMSretido0,00 CALCULODOISSQN INSCRICAO MUNICIPAL DADOSADICIONAIS' descricao='CALCARIODOLOMITICOPOSTO' ncm='25181000' und='TN' qtde='46,7400 BASEDECALCULODOISSON' vlr_unit='225,00' vlr_total='10.516,50'
2026-09-23 16:12:01 | INFO     | produtos: total combinado (paginas) = 1
2026-09-23 16:12:01 | WARNING  | produtos: cabecalho da tabela NAO encontrado (regiao y=1747..2841 p1, itens=37)
2026-09-23 16:12:01 | INFO     | produtos: total combinado (paginas) = 0
2026-09-23 16:12:01 | WARNING  | produtos: cabecalho da tabela NAO encontrado (regiao y=1730..2822 p1, itens=38)
2026-09-23 16:12:01 | INFO     | produtos: total combinado (paginas) = 0
2026-09-23 16:12:01 | WARNING  | produtos: cabecalho da tabela NAO encontrado (regiao y=1738..2828 p1, itens=38)
2026-09-23 16:12:01 | INFO     | produtos: total combinado (paginas) = 0
2026-09-23 16:12:01 | INFO     | produtos: cabecalho detectado pelo criterio '2. CODIGO+CFOP'
2026-09-23 16:12:01 | INFO     | produtos: colunas mapeadas (11): ['bc_icms', 'valor_unitario', 'valor_ipi', 'unidade', 'quantidade', 'descricao', 'ncm', 'origem_cst', 'cfop', 'codigo', 'valor_total']
2026-09-23 16:12:01 | DEBUG    | produtos: novo item -> {'codigo': '3', 'descricao': 'CALCARIODOLOMITICOPOSTO', 'ncm': '25181000', 'origem_cst': '040', 'cfop': '5102', 'unidade': 'TN', 'quantidade': '48,0800', 'valor_unitario': '225,00', 'bc_icms': '10.818.00 0.00', 'valor_ipi': '0.00 0.00 0.00 0.0'}
2026-09-23 16:12:01 | INFO     | produtos: 1 item(ns) extraido(s)
2026-09-23 16:12:01 | INFO     | produtos: item 1 codigo='3 B.C.3OrigemR$0,00ICMSretido0.00 CALCULODOISSQN INSCRICAO MUNICIPAL DADOSADICIONAIS' descricao='CALCARIODOLOMITICOPOSTO' ncm='25181000' und='TN' qtde='48,0800 BASEDECALCULODOISSQN' vlr_unit='225,00' vlr_total=None
2026-09-23 16:12:01 | INFO     | produtos: total combinado (paginas) = 1
2026-09-23 16:12:01 | WARNING  | produtos: cabecalho da tabela NAO encontrado (regiao y=1415..2480 p1, itens=18)
2026-09-23 16:12:01 | INFO     | produtos: total combinado (paginas) = 0
2026-09-23 16:12:01 | WARNING  | produtos: cabecalho da tabela NAO encontrado (regiao y=1406..2466 p1, itens=19)
2026-09-23 16:12:01 | INFO     | produtos: total combinado (paginas) = 0
2026-09-23 16:12:01 | INFO     | produtos: cabecalho detectado pelo criterio '4. CODIGO somente (fallback final)'
2026-09-23 16:12:01 | INFO     | produtos: colunas mapeadas (0): []
2026-09-23 16:12:01 | INFO     | produtos: 0 item(ns) extraido(s)
2026-09-23 16:12:01 | INFO     | produtos: total combinado (paginas) = 0
2026-09-23 16:12:01 | INFO     | produtos: cabecalho detectado pelo criterio '4. CODIGO somente (fallback final)'
2026-09-23 16:12:01 | INFO     | produtos: colunas mapeadas (0): []
2026-09-23 16:12:01 | INFO     | produtos: 0 item(ns) extraido(s)
2026-09-23 16:12:01 | INFO     | produtos: total combinado (paginas) = 0
2026-09-23 16:12:01 | WARNING  | produtos: cabecalho da tabela NAO encontrado (regiao y=1434..2499 p1, itens=23)
2026-09-23 16:12:01 | INFO     | produtos: total combinado (paginas) = 0
2026-09-23 16:12:01 | WARNING  | produtos: cabecalho da tabela NAO encontrado (regiao y=1422..2484 p1, itens=22)
2026-09-23 16:12:01 | INFO     | produtos: total combinado (paginas) = 0
2026-09-23 16:12:01 | WARNING  | produtos: cabecalho da tabela NAO encontrado (regiao y=1422..2482 p1, itens=23)
2026-09-23 16:12:01 | INFO     | produtos: total combinado (paginas) = 0
2026-09-23 16:12:01 | WARNING  | produtos: cabecalho da tabela NAO encontrado (regiao y=1385..2443 p1, itens=23)
2026-09-23 16:12:01 | INFO     | produtos: total combinado (paginas) = 0
2026-09-23 16:12:01 | INFO     | produtos: cabecalho detectado pelo criterio '4. CODIGO somente (fallback final)'
2026-09-23 16:12:01 | INFO     | produtos: colunas mapeadas (0): []
2026-09-23 16:12:01 | INFO     | produtos: 0 item(ns) extraido(s)
2026-09-23 16:12:01 | INFO     | produtos: total combinado (paginas) = 0
2026-09-23 16:12:01 | WARNING  | produtos: cabecalho da tabela NAO encontrado (regiao y=1753..2820 p1, itens=26)
2026-09-23 16:12:01 | INFO     | produtos: total combinado (paginas) = 0
2026-09-23 16:12:01 | WARNING  | produtos: cabecalho da tabela NAO encontrado (regiao y=1416..2483 p1, itens=35)
2026-09-23 16:12:01 | INFO     | produtos: total combinado (paginas) = 0
2026-09-23 16:12:01 | INFO     | produtos: cabecalho detectado pelo criterio '4. CODIGO somente (fallback final)'
2026-09-23 16:12:01 | INFO     | produtos: colunas mapeadas (1): ['valor_total']
2026-09-23 16:12:01 | INFO     | produtos: 0 item(ns) extraido(s)
2026-09-23 16:12:01 | INFO     | produtos: total combinado (paginas) = 0
2026-09-23 16:12:01 | INFO     | produtos: cabecalho detectado pelo criterio '4. CODIGO somente (fallback final)'
2026-09-23 16:12:01 | INFO     | produtos: colunas mapeadas (8): ['valor_ipi', 'valor_total', 'valor_unitario', 'desconto', 'quantidade', 'unidade', 'ncm', 'codigo']
2026-09-23 16:12:01 | INFO     | produtos: 0 item(ns) extraido(s)
2026-09-23 16:12:01 | INFO     | produtos: total combinado (paginas) = 0
2026-09-23 16:12:01 | DEBUG    | campos: rotulo 'DADOS DO PRODUTO' nao encontrado
2026-09-23 16:12:01 | WARNING  | produtos: regiao de produtos invalida (e1=False e2=True ini_y=None fin_y=2750.0)
2026-09-23 16:12:01 | WARNING  | produtos: cabecalho da tabela NAO encontrado (regiao y=1687..2651 p1, itens=22)
2026-09-23 16:12:01 | INFO     | produtos: total combinado (paginas) = 0
2026-09-23 16:12:01 | WARNING  | produtos: cabecalho da tabela NAO encontrado (regiao y=1779..2761 p1, itens=30)
2026-09-23 16:12:01 | INFO     | produtos: total combinado (paginas) = 0
2026-09-23 16:12:01 | DEBUG    | campos: rotulo 'DADOS DO PRODUTO' nao encontrado
2026-09-23 16:12:01 | WARNING  | produtos: regiao de produtos invalida (e1=False e2=True ini_y=None fin_y=2764.0)
2026-09-23 16:12:01 | INFO     | produtos: cabecalho detectado pelo criterio '3. CODIGO+DESCRICAO (sem CFOP no cab)'
2026-09-23 16:12:01 | INFO     | produtos: colunas mapeadas (12): ['codigo', 'descricao', 'origem_cst', 'ncm', 'unidade', 'quantidade', 'valor_unitario', 'desconto', 'valor_total', 'bc_icms', 'valor_ipi', 'valor_icms']
2026-09-23 16:12:01 | DEBUG    | produtos: novo item -> {'codigo': 'K012', 'descricao': 'CloretodePotassio60%K20-Granulado', 'ncm': '31042090', 'origem_cst': '6/20', 'unidade': '5102 TON', 'quantidade': '48,0000', 'valor_unitario': '5.611,8750', 'valor_total': '269.370,00', 'valor_ipi': 'ICMSIPI'}
2026-09-23 16:12:01 | INFO     | produtos: 1 item(ns) extraido(s)
2026-09-23 16:12:01 | INFO     | produtos: item 1 codigo='K012 DADOSADICIONAIS' descricao='CloretodePotassio60%K20-Granulado viasolo; Obs:FertilizanteMineral Simples,Aplicacao Lote:' ncm='31042090' und='5102 TON' qtde='48,0000' vlr_unit='5.611,8750' vlr_total='269.370,00'
2026-09-23 16:12:01 | INFO     | produtos: total combinado (paginas) = 1
2026-09-23 16:12:01 | INFO     | produtos: cabecalho detectado pelo criterio '1. CODIGO+CFOP+VLR UNIT'
2026-09-23 16:12:01 | INFO     | produtos: colunas mapeadas (14): ['aliquota', 'valor_icms', 'bc_icms', 'valor_ipi', 'valor_unitario', 'valor_total', 'desconto', 'unidade', 'quantidade', 'origem_cst', 'cfop', 'ncm', 'codigo', 'descricao']
2026-09-23 16:12:01 | DEBUG    | produtos: novo item -> {'codigo': 'P015', 'descricao': 'FosfatoMonoamonico11%N-52%P205-', 'ncm': '31054000', 'origem_cst': '6/20', 'cfop': '5102', 'unidade': 'TON', 'quantidade': '37,0000', 'valor_unitario': '5.821,0919', 'valor_total': '215.380.40', 'bc_icms': '12.664.37', 'valor_icms': '2.152,94', 'aliquota': '0.0017,000.'}
2026-09-23 16:12:01 | DEBUG    | produtos: linha de 'obs' vista; valores nao-descricao aproveitados -> {}
2026-09-23 16:12:01 | DEBUG    | produtos: linha descartada apos obs -> {'descricao': 'VIASOLO;'}
2026-09-23 16:12:01 | DEBUG    | produtos: linha descartada apos obs -> {'descricao': 'Lote:IMP197022-Qtde:37:'}
2026-09-23 16:12:01 | DEBUG    | produtos: linha descartada apos obs -> {'descricao': 'Lote(s):Reg.MAPA:PR0015695 000026.'}
2026-09-23 16:12:01 | DEBUG    | produtos: linha descartada apos obs -> {'codigo': 'DADOSADICIONAIS'}
2026-09-23 16:12:01 | INFO     | produtos: 1 item(ns) extraido(s)
2026-09-23 16:12:01 | INFO     | produtos: item 1 codigo='P015' descricao='FosfatoMonoamonico11%N-52%P205- Granulado' ncm='31054000' und='TON' qtde='37,0000' vlr_unit='5.821,0919' vlr_total='215.380.40'
2026-09-23 16:12:01 | INFO     | produtos: total combinado (paginas) = 1
2026-09-23 16:12:01 | INFO     | produtos: cabecalho detectado pelo criterio '3. CODIGO+DESCRICAO (sem CFOP no cab)'
2026-09-23 16:12:01 | INFO     | produtos: colunas mapeadas (11): ['codigo', 'aliquota', 'descricao', 'origem_cst', 'ncm', 'valor_unitario', 'desconto', 'valor_total', 'bc_icms', 'valor_icms', 'valor_ipi']
2026-09-23 16:12:01 | DEBUG    | produtos: novo item -> {'codigo': 'P015', 'descricao': 'Granulado FosfatoMonoamonico11%N-52%P205-', 'ncm': '31054000', 'origem_cst': '6/20 5102 TON', 'valor_unitario': '37,0000 5.821.0919', 'valor_total': '215.380.40', 'bc_icms': '12.664.37', 'valor_icms': '2.152.94', 'aliquota': '0.0017,000.00'}
2026-09-23 16:12:01 | DEBUG    | produtos: linha de 'obs' vista; valores nao-descricao aproveitados -> {}
2026-09-23 16:12:01 | DEBUG    | produtos: linha descartada apos obs -> {'descricao': 'VIASOLO.:'}
2026-09-23 16:12:01 | DEBUG    | produtos: linha descartada apos obs -> {'descricao': 'Lote:IMP197022-Qtde:37:'}
2026-09-23 16:12:01 | DEBUG    | produtos: linha descartada apos obs -> {'descricao': 'Lote(s):Reg.MAPA:PR0015695000026.'}
2026-09-23 16:12:01 | DEBUG    | produtos: linha descartada apos obs -> {'codigo': 'DADOSADICIONAIS'}
2026-09-23 16:12:01 | INFO     | produtos: 1 item(ns) extraido(s)
2026-09-23 16:12:01 | INFO     | produtos: item 1 codigo='P015' descricao='Granulado FosfatoMonoamonico11%N-52%P205-' ncm='31054000' und=None qtde=None vlr_unit='37,0000 5.821.0919' vlr_total='215.380.40'
2026-09-23 16:12:01 | INFO     | produtos: total combinado (paginas) = 1
2026-09-23 16:12:01 | INFO     | produtos: cabecalho detectado pelo criterio '2. CODIGO+CFOP'
2026-09-23 16:12:01 | INFO     | produtos: colunas mapeadas (13): ['codigo', 'descricao', 'ncm', 'origem_cst', 'cfop', 'aliquota', 'unidade', 'quantidade', 'desconto', 'valor_total', 'bc_icms', 'valor_icms', 'valor_ipi']
2026-09-23 16:12:01 | DEBUG    | produtos: novo item -> {'codigo': 'P015', 'descricao': 'FosfatoMonoamonico11%N-52%P2O5-', 'ncm': '31054000', 'origem_cst': '6/20', 'cfop': '5102', 'unidade': 'TON', 'quantidade': '37.0000', 'desconto': '5.821,0919', 'valor_total': '215.380.40', 'aliquota': 'ICMSTIPI'}
2026-09-23 16:12:01 | DEBUG    | produtos: linha de 'obs' vista; valores nao-descricao aproveitados -> {}
2026-09-23 16:12:01 | DEBUG    | produtos: linha descartada apos obs -> {'descricao': 'VIASOLO.:'}
2026-09-23 16:12:01 | DEBUG    | produtos: linha descartada apos obs -> {'descricao': 'Lote:IMP197022-QIde:37:'}
2026-09-23 16:12:01 | DEBUG    | produtos: linha descartada apos obs -> {'descricao': 'Lote(s):Reg.MAPA:PR0015695000026.'}
2026-09-23 16:12:01 | DEBUG    | produtos: linha descartada apos obs -> {'codigo': 'DADOSADICIONAIS'}
2026-09-23 16:12:01 | INFO     | produtos: 1 item(ns) extraido(s)
2026-09-23 16:12:01 | INFO     | produtos: item 1 codigo='P015' descricao='FosfatoMonoamonico11%N-52%P2O5- Granulado' ncm='31054000' und='TON' qtde='37.0000' vlr_unit=None vlr_total='215.380.40'
2026-09-23 16:12:01 | INFO     | produtos: total combinado (paginas) = 1
2026-09-23 16:12:01 | INFO     | produtos: cabecalho detectado pelo criterio '2. CODIGO+CFOP'
2026-09-23 16:12:01 | INFO     | produtos: colunas mapeadas (12): ['valor_ipi', 'valor_icms', 'bc_icms', 'valor_unitario', 'valor_total', 'desconto', 'quantidade', 'cfop', 'origem_cst', 'ncm', 'descricao', 'codigo']
2026-09-23 16:12:01 | DEBUG    | produtos: novo item -> {'codigo': 'P015', 'descricao': 'FosfatoMonoamonico11%N-52%P205-', 'ncm': '31054000', 'origem_cst': '6/20', 'cfop': '5102 TON', 'quantidade': '36.0000', 'valor_unitario': '5.821.0919', 'valor_total': '209.559,31', 'bc_icms': '12.322.09', 'valor_icms': '2.094,76', 'valor_ipi': '0.0017.00'}
2026-09-23 16:12:01 | DEBUG    | produtos: linha de 'obs' vista; valores nao-descricao aproveitados -> {}
2026-09-23 16:12:01 | DEBUG    | produtos: linha descartada apos obs -> {'descricao': 'VIASOLO;'}
2026-09-23 16:12:01 | DEBUG    | produtos: linha descartada apos obs -> {'descricao': 'Lote:IMP197022-Qtde:36:'}
2026-09-23 16:12:01 | DEBUG    | produtos: linha descartada apos obs -> {'descricao': 'Lote(s):Reg.MAPA:PR0015695000026.'}
2026-09-23 16:12:01 | DEBUG    | produtos: linha descartada apos obs -> {'codigo': 'DADOSADICIONAIS'}
2026-09-23 16:12:01 | INFO     | produtos: 1 item(ns) extraido(s)
2026-09-23 16:12:01 | INFO     | produtos: item 1 codigo='P015' descricao='FosfatoMonoamonico11%N-52%P205- Granulado' ncm='31054000' und=None qtde='36.0000' vlr_unit='5.821.0919' vlr_total='209.559,31'
2026-09-23 16:12:01 | INFO     | produtos: total combinado (paginas) = 1
2026-09-23 16:12:01 | INFO     | produtos: cabecalho detectado pelo criterio '3. CODIGO+DESCRICAO (sem CFOP no cab)'
2026-09-23 16:12:01 | INFO     | produtos: colunas mapeadas (14): ['codigo', 'descricao', 'ncm', 'origem_cst', 'cfop', 'unidade', 'quantidade', 'valor_unitario', 'desconto', 'valor_total', 'aliquota', 'bc_icms', 'valor_icms', 'valor_ipi']
2026-09-23 16:12:01 | DEBUG    | produtos: novo item -> {'codigo': 'PO15', 'descricao': 'FosfatoMonoamonico11%N-52%P205-', 'bc_icms': 'VTRIB'}
2026-09-23 16:12:01 | DEBUG    | produtos: novo item -> {'descricao': 'Granulado', 'ncm': '31054000', 'origem_cst': '6/20', 'cfop': '5102', 'unidade': 'TON', 'quantidade': '37,0000', 'valor_unitario': '5.821,0919', 'aliquota': 'ICMSIPI'}
2026-09-23 16:12:01 | DEBUG    | produtos: linha de 'obs' vista; valores nao-descricao aproveitados -> {'valor_total': '215.380,40', 'bc_icms': '12.664,37', 'valor_icms': '2.152,94', 'aliquota': '0,0017,000,00'}
2026-09-23 16:12:01 | DEBUG    | produtos: linha descartada apos obs -> {'descricao': 'VIASOLO.'}
2026-09-23 16:12:01 | DEBUG    | produtos: linha descartada apos obs -> {'descricao': 'Lote:IMP197022-Qtde:37;'}
2026-09-23 16:12:01 | DEBUG    | produtos: linha descartada apos obs -> {'descricao': 'Lote(s):Reg.MAPA:PR0015695000026.'}
2026-09-23 16:12:01 | DEBUG    | produtos: linha descartada apos obs -> {'codigo': 'DADOSADICIONAIS'}
2026-09-23 16:12:01 | INFO     | produtos: 2 item(ns) extraido(s)
2026-09-23 16:12:01 | INFO     | produtos: item 1 codigo='PO15' descricao='FosfatoMonoamonico11%N-52%P205-' ncm=None und=None qtde=None vlr_unit=None vlr_total=None
2026-09-23 16:12:01 | INFO     | produtos: item 2 codigo=None descricao='Granulado' ncm='31054000' und='TON' qtde='37,0000' vlr_unit='5.821,0919' vlr_total='215.380,40'
2026-09-23 16:12:01 | INFO     | produtos: total combinado (paginas) = 2
2026-09-23 16:12:01 | INFO     | produtos: cabecalho detectado pelo criterio '1. CODIGO+CFOP+VLR UNIT'
2026-09-23 16:12:01 | INFO     | produtos: colunas mapeadas (11): ['codigo', 'descricao', 'valor_unitario', 'ncm', 'origem_cst', 'cfop', 'desconto', 'valor_total', 'valor_icms', 'valor_ipi', 'bc_icms']
2026-09-23 16:12:01 | DEBUG    | produtos: novo item -> {'codigo': 'P015', 'descricao': 'Granulado FosfatoMonoamonico11%N-52%P205-', 'ncm': '31054000', 'origem_cst': '6/20', 'cfop': '5102 TON', 'valor_unitario': '48,0000 5.907,0600', 'valor_total': '283.538.88', 'bc_icms': '16.672.09', 'valor_icms': '2.834,26', 'valor_ipi': '0.0017.000.0'}
2026-09-23 16:12:01 | DEBUG    | produtos: linha de 'obs' vista; valores nao-descricao aproveitados -> {}
2026-09-23 16:12:01 | DEBUG    | produtos: linha descartada apos obs -> {'descricao': 'Lote:IMP197022-Qtde:48;'}
2026-09-23 16:12:01 | DEBUG    | produtos: linha descartada apos obs -> {'descricao': 'Lote(s):Reg.MAPA:PR 0015695000026.'}
2026-09-23 16:12:01 | DEBUG    | produtos: linha descartada apos obs -> {'codigo': 'DADOSADICIONAIS'}
2026-09-23 16:12:01 | INFO     | produtos: 1 item(ns) extraido(s)
2026-09-23 16:12:01 | INFO     | produtos: item 1 codigo='P015' descricao='Granulado FosfatoMonoamonico11%N-52%P205-' ncm='31054000' und=None qtde=None vlr_unit='48,0000 5.907,0600' vlr_total='283.538.88'
2026-09-23 16:12:01 | INFO     | produtos: total combinado (paginas) = 1
2026-09-23 16:12:01 | INFO     | produtos: cabecalho detectado pelo criterio '1. CODIGO+CFOP+VLR UNIT'
2026-09-23 16:12:01 | INFO     | produtos: colunas mapeadas (13): ['ncm', 'bc_icms', 'valor_icms', 'codigo', 'origem_cst', 'cfop', 'unidade', 'valor_unitario', 'desconto', 'valor_total', 'valor_ipi', 'descricao', 'quantidade']
2026-09-23 16:12:01 | DEBUG    | produtos: novo item -> {'codigo': 'POIS', 'descricao': 'FosfatoMonoamonico11%N-52%P205-', 'ncm': '31054000', 'origem_cst': '6/20', 'cfop': '5102', 'unidade': 'TON', 'quantidade': '32,0000', 'valor_unitario': '5.907,0600', 'valor_total': '189.025.92', 'bc_icms': '11.114.72', 'valor_icms': '1.889.50', 'valor_ipi': '0,00|17.000.0'}
2026-09-23 16:12:01 | DEBUG    | produtos: linha de 'obs' vista; valores nao-descricao aproveitados -> {}
2026-09-23 16:12:01 | DEBUG    | produtos: linha descartada apos obs -> {'descricao': 'APLICACAOVIASOLO'}
2026-09-23 16:12:01 | DEBUG    | produtos: linha descartada apos obs -> {'descricao': 'Lotc:1MP197022-Q1dc:32.'}
2026-09-23 16:12:01 | DEBUG    | produtos: linha descartada apos obs -> {'descricao': 'Lolc(s):Reg.MAPA:PR0015695000026.'}
2026-09-23 16:12:01 | DEBUG    | produtos: linha descartada apos obs -> {'codigo': 'DADOSADICIONAIS'}
2026-09-23 16:12:01 | INFO     | produtos: 1 item(ns) extraido(s)
2026-09-23 16:12:01 | INFO     | produtos: item 1 codigo='POIS' descricao='FosfatoMonoamonico11%N-52%P205- Granulado' ncm='31054000' und='TON' qtde='32,0000' vlr_unit='5.907,0600' vlr_total='189.025.92'
2026-09-23 16:12:01 | INFO     | produtos: total combinado (paginas) = 1
2026-09-23 16:12:01 | INFO     | produtos: cabecalho detectado pelo criterio '1. CODIGO+CFOP+VLR UNIT'
2026-09-23 16:12:01 | INFO     | produtos: colunas mapeadas (14): ['aliquota', 'codigo', 'descricao', 'ncm', 'origem_cst', 'cfop', 'unidade', 'valor_unitario', 'quantidade', 'desconto', 'valor_total', 'bc_icms', 'valor_icms', 'valor_ipi']
2026-09-23 16:12:01 | DEBUG    | produtos: novo item -> {'codigo': 'P015', 'descricao': 'Granulado FosfatoMonoamonico11%N-52%P205-', 'ncm': '31054000', 'origem_cst': '6/20', 'cfop': '5102', 'unidade': 'TON', 'quantidade': '36,0000', 'valor_unitario': '5.821,0925', 'valor_total': '209.559,33', 'bc_icms': '12.322,09', 'valor_icms': '2.094,76', 'aliquota': '0,0017,000,00'}
2026-09-23 16:12:01 | INFO     | produtos: 1 item(ns) extraido(s)
2026-09-23 16:12:01 | INFO     | produtos: item 1 codigo='P015 DADOSADICIONAIS' descricao='Granulado FosfatoMonoamonico11%N-52%P205- APLICACAOVIASOLO: Obs:FERT.MINERALSIMPLES, Lote:' ncm='31054000' und='TON' qtde='36,0000' vlr_unit='5.821,0925' vlr_total='209.559,33'
2026-09-23 16:12:01 | INFO     | produtos: total combinado (paginas) = 1
2026-09-23 16:12:43 | INFO     | produtos: cabecalho detectado pelo criterio '1. CODIGO+CFOP+VLR UNIT'
2026-09-23 16:12:43 | INFO     | produtos: colunas mapeadas (14): ['aliquota', 'valor_icms', 'bc_icms', 'valor_ipi', 'valor_unitario', 'valor_total', 'desconto', 'unidade', 'quantidade', 'origem_cst', 'cfop', 'ncm', 'codigo', 'descricao']
2026-09-23 16:12:43 | DEBUG    | produtos: novo item -> {'codigo': 'P015', 'descricao': 'FosfatoMonoamonico11%N-52%P205-', 'ncm': '31054000', 'origem_cst': '6/20', 'cfop': '5102', 'unidade': 'TON', 'quantidade': '37,0000', 'valor_unitario': '5.821,0919', 'valor_total': '215.380.40', 'bc_icms': '12.664.37', 'valor_icms': '2.152,94', 'aliquota': '0.0017,000.'}
2026-09-23 16:12:43 | DEBUG    | produtos: linha de 'obs' vista; valores nao-descricao aproveitados -> {}
2026-09-23 16:12:43 | DEBUG    | produtos: linha descartada apos obs -> {'descricao': 'VIASOLO;'}
2026-09-23 16:12:43 | DEBUG    | produtos: linha descartada apos obs -> {'descricao': 'Lote:IMP197022-Qtde:37:'}
2026-09-23 16:12:43 | DEBUG    | produtos: linha descartada apos obs -> {'descricao': 'Lote(s):Reg.MAPA:PR0015695 000026.'}
2026-09-23 16:12:43 | DEBUG    | produtos: linha descartada apos obs -> {'codigo': 'DADOSADICIONAIS'}
2026-09-23 16:12:43 | INFO     | produtos: 1 item(ns) extraido(s)
2026-09-23 16:12:43 | INFO     | produtos: item 1 codigo='P015' descricao='FosfatoMonoamonico11%N-52%P205- Granulado' ncm='31054000' und='TON' qtde='37,0000' vlr_unit='5.821,0919' vlr_total='215.380.40'
2026-09-23 16:12:43 | INFO     | produtos: total combinado (paginas) = 1
2026-09-23 16:12:43 | INFO     | produtos: cabecalho detectado pelo criterio '3. CODIGO+DESCRICAO (sem CFOP no cab)'
2026-09-23 16:12:43 | INFO     | produtos: colunas mapeadas (11): ['codigo', 'aliquota', 'descricao', 'origem_cst', 'ncm', 'valor_unitario', 'desconto', 'valor_total', 'bc_icms', 'valor_icms', 'valor_ipi']
2026-09-23 16:12:43 | DEBUG    | produtos: novo item -> {'codigo': 'P015', 'descricao': 'Granulado FosfatoMonoamonico11%N-52%P205-', 'ncm': '31054000', 'origem_cst': '6/20 5102 TON', 'valor_unitario': '37,0000 5.821.0919', 'valor_total': '215.380.40', 'bc_icms': '12.664.37', 'valor_icms': '2.152.94', 'aliquota': '0.0017,000.00'}
2026-09-23 16:12:43 | DEBUG    | produtos: linha de 'obs' vista; valores nao-descricao aproveitados -> {}
2026-09-23 16:12:43 | DEBUG    | produtos: linha descartada apos obs -> {'descricao': 'VIASOLO.:'}
2026-09-23 16:12:43 | DEBUG    | produtos: linha descartada apos obs -> {'descricao': 'Lote:IMP197022-Qtde:37:'}
2026-09-23 16:12:43 | DEBUG    | produtos: linha descartada apos obs -> {'descricao': 'Lote(s):Reg.MAPA:PR0015695000026.'}
2026-09-23 16:12:43 | DEBUG    | produtos: linha descartada apos obs -> {'codigo': 'DADOSADICIONAIS'}
2026-09-23 16:12:43 | INFO     | produtos: 1 item(ns) extraido(s)
2026-09-23 16:12:43 | INFO     | produtos: item 1 codigo='P015' descricao='Granulado FosfatoMonoamonico11%N-52%P205-' ncm='31054000' und=None qtde=None vlr_unit='37,0000 5.821.0919' vlr_total='215.380.40'
2026-09-23 16:12:43 | INFO     | produtos: total combinado (paginas) = 1
2026-09-23 16:12:43 | INFO     | produtos: cabecalho detectado pelo criterio '2. CODIGO+CFOP'
2026-09-23 16:12:43 | INFO     | produtos: colunas mapeadas (13): ['codigo', 'descricao', 'ncm', 'origem_cst', 'cfop', 'aliquota', 'unidade', 'quantidade', 'desconto', 'valor_total', 'bc_icms', 'valor_icms', 'valor_ipi']
2026-09-23 16:12:43 | DEBUG    | produtos: novo item -> {'codigo': 'P015', 'descricao': 'FosfatoMonoamonico11%N-52%P2O5-', 'ncm': '31054000', 'origem_cst': '6/20', 'cfop': '5102', 'unidade': 'TON', 'quantidade': '37.0000', 'desconto': '5.821,0919', 'valor_total': '215.380.40', 'aliquota': 'ICMSTIPI'}
2026-09-23 16:12:43 | DEBUG    | produtos: linha de 'obs' vista; valores nao-descricao aproveitados -> {}
2026-09-23 16:12:43 | DEBUG    | produtos: linha descartada apos obs -> {'descricao': 'VIASOLO.:'}
2026-09-23 16:12:43 | DEBUG    | produtos: linha descartada apos obs -> {'descricao': 'Lote:IMP197022-QIde:37:'}
2026-09-23 16:12:43 | DEBUG    | produtos: linha descartada apos obs -> {'descricao': 'Lote(s):Reg.MAPA:PR0015695000026.'}
2026-09-23 16:12:43 | DEBUG    | produtos: linha descartada apos obs -> {'codigo': 'DADOSADICIONAIS'}
2026-09-23 16:12:43 | INFO     | produtos: 1 item(ns) extraido(s)
2026-09-23 16:12:43 | INFO     | produtos: item 1 codigo='P015' descricao='FosfatoMonoamonico11%N-52%P2O5- Granulado' ncm='31054000' und='TON' qtde='37.0000' vlr_unit=None vlr_total='215.380.40'
2026-09-23 16:12:43 | INFO     | produtos: total combinado (paginas) = 1
2026-09-23 16:12:43 | INFO     | produtos: cabecalho detectado pelo criterio '2. CODIGO+CFOP'
2026-09-23 16:12:43 | INFO     | produtos: colunas mapeadas (12): ['valor_ipi', 'valor_icms', 'bc_icms', 'valor_unitario', 'valor_total', 'desconto', 'quantidade', 'cfop', 'origem_cst', 'ncm', 'descricao', 'codigo']
2026-09-23 16:12:43 | DEBUG    | produtos: novo item -> {'codigo': 'P015', 'descricao': 'FosfatoMonoamonico11%N-52%P205-', 'ncm': '31054000', 'origem_cst': '6/20', 'cfop': '5102 TON', 'quantidade': '36.0000', 'valor_unitario': '5.821.0919', 'valor_total': '209.559,31', 'bc_icms': '12.322.09', 'valor_icms': '2.094,76', 'valor_ipi': '0.0017.00'}
2026-09-23 16:12:43 | DEBUG    | produtos: linha de 'obs' vista; valores nao-descricao aproveitados -> {}
2026-09-23 16:12:43 | DEBUG    | produtos: linha descartada apos obs -> {'descricao': 'VIASOLO;'}
2026-09-23 16:12:43 | DEBUG    | produtos: linha descartada apos obs -> {'descricao': 'Lote:IMP197022-Qtde:36:'}
2026-09-23 16:12:43 | DEBUG    | produtos: linha descartada apos obs -> {'descricao': 'Lote(s):Reg.MAPA:PR0015695000026.'}
2026-09-23 16:12:43 | DEBUG    | produtos: linha descartada apos obs -> {'codigo': 'DADOSADICIONAIS'}
2026-09-23 16:12:43 | INFO     | produtos: 1 item(ns) extraido(s)
2026-09-23 16:12:43 | INFO     | produtos: item 1 codigo='P015' descricao='FosfatoMonoamonico11%N-52%P205- Granulado' ncm='31054000' und=None qtde='36.0000' vlr_unit='5.821.0919' vlr_total='209.559,31'
2026-09-23 16:12:43 | INFO     | produtos: total combinado (paginas) = 1
2026-09-23 16:12:43 | INFO     | produtos: cabecalho detectado pelo criterio '3. CODIGO+DESCRICAO (sem CFOP no cab)'
2026-09-23 16:12:43 | INFO     | produtos: colunas mapeadas (14): ['codigo', 'descricao', 'ncm', 'origem_cst', 'cfop', 'unidade', 'quantidade', 'valor_unitario', 'desconto', 'valor_total', 'aliquota', 'bc_icms', 'valor_icms', 'valor_ipi']
2026-09-23 16:12:43 | DEBUG    | produtos: novo item -> {'codigo': 'PO15', 'descricao': 'FosfatoMonoamonico11%N-52%P205-', 'bc_icms': 'VTRIB'}
2026-09-23 16:12:43 | DEBUG    | produtos: novo item -> {'descricao': 'Granulado', 'ncm': '31054000', 'origem_cst': '6/20', 'cfop': '5102', 'unidade': 'TON', 'quantidade': '37,0000', 'valor_unitario': '5.821,0919', 'aliquota': 'ICMSIPI'}
2026-09-23 16:12:43 | DEBUG    | produtos: linha de 'obs' vista; valores nao-descricao aproveitados -> {'valor_total': '215.380,40', 'bc_icms': '12.664,37', 'valor_icms': '2.152,94', 'aliquota': '0,0017,000,00'}
2026-09-23 16:12:43 | DEBUG    | produtos: linha descartada apos obs -> {'descricao': 'VIASOLO.'}
2026-09-23 16:12:43 | DEBUG    | produtos: linha descartada apos obs -> {'descricao': 'Lote:IMP197022-Qtde:37;'}
2026-09-23 16:12:43 | DEBUG    | produtos: linha descartada apos obs -> {'descricao': 'Lote(s):Reg.MAPA:PR0015695000026.'}
2026-09-23 16:12:43 | DEBUG    | produtos: linha descartada apos obs -> {'codigo': 'DADOSADICIONAIS'}
2026-09-23 16:12:43 | INFO     | produtos: 2 item(ns) extraido(s)
2026-09-23 16:12:43 | INFO     | produtos: item 1 codigo='PO15' descricao='FosfatoMonoamonico11%N-52%P205-' ncm=None und=None qtde=None vlr_unit=None vlr_total=None
2026-09-23 16:12:43 | INFO     | produtos: item 2 codigo=None descricao='Granulado' ncm='31054000' und='TON' qtde='37,0000' vlr_unit='5.821,0919' vlr_total='215.380,40'
2026-09-23 16:12:43 | INFO     | produtos: total combinado (paginas) = 2
2026-09-23 16:12:43 | INFO     | produtos: cabecalho detectado pelo criterio '1. CODIGO+CFOP+VLR UNIT'
2026-09-23 16:12:43 | INFO     | produtos: colunas mapeadas (11): ['codigo', 'descricao', 'valor_unitario', 'ncm', 'origem_cst', 'cfop', 'desconto', 'valor_total', 'valor_icms', 'valor_ipi', 'bc_icms']
2026-09-23 16:12:43 | DEBUG    | produtos: novo item -> {'codigo': 'P015', 'descricao': 'Granulado FosfatoMonoamonico11%N-52%P205-', 'ncm': '31054000', 'origem_cst': '6/20', 'cfop': '5102 TON', 'valor_unitario': '48,0000 5.907,0600', 'valor_total': '283.538.88', 'bc_icms': '16.672.09', 'valor_icms': '2.834,26', 'valor_ipi': '0.0017.000.0'}
2026-09-23 16:12:43 | DEBUG    | produtos: linha de 'obs' vista; valores nao-descricao aproveitados -> {}
2026-09-23 16:12:43 | DEBUG    | produtos: linha descartada apos obs -> {'descricao': 'Lote:IMP197022-Qtde:48;'}
2026-09-23 16:12:43 | DEBUG    | produtos: linha descartada apos obs -> {'descricao': 'Lote(s):Reg.MAPA:PR 0015695000026.'}
2026-09-23 16:12:43 | DEBUG    | produtos: linha descartada apos obs -> {'codigo': 'DADOSADICIONAIS'}
2026-09-23 16:12:43 | INFO     | produtos: 1 item(ns) extraido(s)
2026-09-23 16:12:43 | INFO     | produtos: item 1 codigo='P015' descricao='Granulado FosfatoMonoamonico11%N-52%P205-' ncm='31054000' und=None qtde=None vlr_unit='48,0000 5.907,0600' vlr_total='283.538.88'
2026-09-23 16:12:43 | INFO     | produtos: total combinado (paginas) = 1
2026-09-23 16:12:43 | INFO     | produtos: cabecalho detectado pelo criterio '1. CODIGO+CFOP+VLR UNIT'
2026-09-23 16:12:43 | INFO     | produtos: colunas mapeadas (13): ['ncm', 'bc_icms', 'valor_icms', 'codigo', 'origem_cst', 'cfop', 'unidade', 'valor_unitario', 'desconto', 'valor_total', 'valor_ipi', 'descricao', 'quantidade']
2026-09-23 16:12:43 | DEBUG    | produtos: novo item -> {'codigo': 'POIS', 'descricao': 'FosfatoMonoamonico11%N-52%P205-', 'ncm': '31054000', 'origem_cst': '6/20', 'cfop': '5102', 'unidade': 'TON', 'quantidade': '32,0000', 'valor_unitario': '5.907,0600', 'valor_total': '189.025.92', 'bc_icms': '11.114.72', 'valor_icms': '1.889.50', 'valor_ipi': '0,00|17.000.0'}
2026-09-23 16:12:43 | DEBUG    | produtos: linha de 'obs' vista; valores nao-descricao aproveitados -> {}
2026-09-23 16:12:43 | DEBUG    | produtos: linha descartada apos obs -> {'descricao': 'APLICACAOVIASOLO'}
2026-09-23 16:12:43 | DEBUG    | produtos: linha descartada apos obs -> {'descricao': 'Lotc:1MP197022-Q1dc:32.'}
2026-09-23 16:12:43 | DEBUG    | produtos: linha descartada apos obs -> {'descricao': 'Lolc(s):Reg.MAPA:PR0015695000026.'}
2026-09-23 16:12:43 | DEBUG    | produtos: linha descartada apos obs -> {'codigo': 'DADOSADICIONAIS'}
2026-09-23 16:12:43 | INFO     | produtos: 1 item(ns) extraido(s)
2026-09-23 16:12:43 | INFO     | produtos: item 1 codigo='POIS' descricao='FosfatoMonoamonico11%N-52%P205- Granulado' ncm='31054000' und='TON' qtde='32,0000' vlr_unit='5.907,0600' vlr_total='189.025.92'
2026-09-23 16:12:43 | INFO     | produtos: total combinado (paginas) = 1
2026-09-23 16:12:43 | INFO     | produtos: cabecalho detectado pelo criterio '1. CODIGO+CFOP+VLR UNIT'
2026-09-23 16:12:43 | INFO     | produtos: colunas mapeadas (14): ['aliquota', 'codigo', 'descricao', 'ncm', 'origem_cst', 'cfop', 'unidade', 'valor_unitario', 'quantidade', 'desconto', 'valor_total', 'bc_icms', 'valor_icms', 'valor_ipi']
2026-09-23 16:12:43 | DEBUG    | produtos: novo item -> {'codigo': 'P015', 'descricao': 'Granulado FosfatoMonoamonico11%N-52%P205-', 'ncm': '31054000', 'origem_cst': '6/20', 'cfop': '5102', 'unidade': 'TON', 'quantidade': '36,0000', 'valor_unitario': '5.821,0925', 'valor_total': '209.559,33', 'bc_icms': '12.322,09', 'valor_icms': '2.094,76', 'aliquota': '0,0017,000,00'}
2026-09-23 16:12:43 | INFO     | produtos: 1 item(ns) extraido(s)
2026-09-23 16:12:43 | INFO     | produtos: item 1 codigo='P015 DADOSADICIONAIS' descricao='Granulado FosfatoMonoamonico11%N-52%P205- APLICACAOVIASOLO: Obs:FERT.MINERALSIMPLES, Lote:' ncm='31054000' und='TON' qtde='36,0000' vlr_unit='5.821,0925' vlr_total='209.559,33'
2026-09-23 16:12:43 | INFO     | produtos: total combinado (paginas) = 1
2026-09-23 16:14:24 | DEBUG    | campos: rotulo 'DADOS DO PRODUTO' nao encontrado
2026-09-23 16:14:24 | DEBUG    | campos: rotulo 'DADOS ADICIONAIS' nao encontrado
2026-09-23 16:14:24 | WARNING  | produtos: regiao de produtos invalida (e1=False e2=False ini_y=None fin_y=None)
2026-09-23 16:14:24 | DEBUG    | campos: rotulo 'DADOS DO PRODUTO' nao encontrado
2026-09-23 16:14:24 | DEBUG    | campos: rotulo 'DADOS ADICIONAIS' nao encontrado
2026-09-23 16:14:24 | WARNING  | produtos: regiao de produtos invalida (e1=False e2=False ini_y=None fin_y=None)
2026-09-23 16:14:24 | DEBUG    | campos: rotulo 'DADOS DO PRODUTO' nao encontrado
2026-09-23 16:14:24 | DEBUG    | campos: rotulo 'DADOS ADICIONAIS' nao encontrado
2026-09-23 16:14:24 | WARNING  | produtos: regiao de produtos invalida (e1=False e2=False ini_y=None fin_y=None)
2026-09-23 16:14:24 | DEBUG    | campos: rotulo 'DADOS DO PRODUTO' nao encontrado
2026-09-23 16:14:24 | DEBUG    | campos: rotulo 'DADOS ADICIONAIS' nao encontrado
2026-09-23 16:14:24 | WARNING  | produtos: regiao de produtos invalida (e1=False e2=False ini_y=None fin_y=None)
2026-09-23 16:14:24 | DEBUG    | campos: rotulo 'DADOS DO PRODUTO' nao encontrado
2026-09-23 16:14:24 | DEBUG    | campos: rotulo 'DADOS ADICIONAIS' nao encontrado
2026-09-23 16:14:24 | WARNING  | produtos: regiao de produtos invalida (e1=False e2=False ini_y=None fin_y=None)
2026-09-23 16:14:24 | DEBUG    | campos: rotulo 'DADOS DO PRODUTO' nao encontrado
2026-09-23 16:14:24 | DEBUG    | campos: rotulo 'DADOS ADICIONAIS' nao encontrado
2026-09-23 16:14:24 | WARNING  | produtos: regiao de produtos invalida (e1=False e2=False ini_y=None fin_y=None)
2026-09-23 16:14:24 | DEBUG    | campos: rotulo 'DADOS DO PRODUTO' nao encontrado
2026-09-23 16:14:24 | DEBUG    | campos: rotulo 'DADOS ADICIONAIS' nao encontrado
2026-09-23 16:14:24 | WARNING  | produtos: regiao de produtos invalida (e1=False e2=False ini_y=None fin_y=None)
2026-09-23 16:14:24 | DEBUG    | campos: rotulo 'DADOS DO PRODUTO' nao encontrado
2026-09-23 16:14:24 | DEBUG    | campos: rotulo 'DADOS ADICIONAIS' nao encontrado
2026-09-23 16:14:24 | WARNING  | produtos: regiao de produtos invalida (e1=False e2=False ini_y=None fin_y=None)
2026-09-23 16:14:24 | INFO     | produtos: cabecalho detectado pelo criterio '2. CODIGO+CFOP'
2026-09-23 16:14:24 | INFO     | produtos: colunas mapeadas (12): ['bc_icms', 'valor_unitario', 'valor_ipi', 'valor_icms', 'valor_total', 'unidade', 'quantidade', 'origem_cst', 'cfop', 'ncm', 'descricao', 'codigo']
2026-09-23 16:14:24 | DEBUG    | produtos: novo item -> {'descricao': 'CALCARIODOLOMITICOPOSTO', 'ncm': '25181000', 'origem_cst': '040', 'cfop': '5102', 'unidade': 'TN', 'quantidade': '47,9200', 'valor_unitario': '240,00', 'valor_total': '11.500,80', 'bc_icms': '0,00', 'valor_icms': '0,00', 'valor_ipi': '0,00 0.00 0.00'}
2026-09-23 16:14:24 | INFO     | produtos: 1 item(ns) extraido(s)
2026-09-23 16:14:24 | INFO     | produtos: item 1 codigo='3 CALCULO DOISSQN INSCRICAOMUNICIPAL DADOSADICIONAIS' descricao='CALCARIODOLOMITICOPOSTO ANCAD Ass. B.C.3Origem R$0.00ICMS retido0.00' ncm='25181000' und='TN' qtde='47,9200 BASE DE CALCULODOISSQN' vlr_unit='240,00' vlr_total='11.500,80'
2026-09-23 16:14:24 | INFO     | produtos: total combinado (paginas) = 1
2026-09-23 16:14:24 | INFO     | produtos: cabecalho detectado pelo criterio '2. CODIGO+CFOP'
2026-09-23 16:14:24 | INFO     | produtos: colunas mapeadas (11): ['codigo', 'descricao', 'valor_unitario', 'ncm', 'bc_icms', 'origem_cst', 'unidade', 'cfop', 'quantidade', 'valor_total', 'valor_icms']
2026-09-23 16:14:24 | DEBUG    | produtos: novo item -> {'codigo': '3', 'descricao': 'CALCARIODOLOMITICOPOSTO', 'bc_icms': 'ICMS', 'valor_icms': 'VAIORIPI ICMS'}
2026-09-23 16:14:24 | INFO     | produtos: 1 item(ns) extraido(s)
2026-09-23 16:14:24 | INFO     | produtos: item 1 codigo='3 B.C.3Origem R$0.00 ICMSretido0.00 CALCULO DO ISSQN INSCRICAOMUNICIPAL DADOSADICIONAIS' descricao='CALCARIODOLOMITICOPOSTO ANCADC 10/ Ass.' ncm='25181000' und='TN' qtde='47,2600 BASEDECALCULO DOISSQN' vlr_unit='240,00' vlr_total='11.342.4d'
2026-09-23 16:14:24 | INFO     | produtos: total combinado (paginas) = 1
2026-09-23 16:14:24 | WARNING  | produtos: cabecalho da tabela NAO encontrado (regiao y=1405..2409 p1, itens=41)
2026-09-23 16:14:24 | INFO     | produtos: total combinado (paginas) = 0
2026-09-23 16:14:24 | WARNING  | produtos: cabecalho da tabela NAO encontrado (regiao y=1408..2411 p1, itens=38)
2026-09-23 16:14:24 | INFO     | produtos: total combinado (paginas) = 0
2026-09-23 16:14:24 | INFO     | produtos: cabecalho detectado pelo criterio '2. CODIGO+CFOP'
2026-09-23 16:14:24 | INFO     | produtos: colunas mapeadas (12): ['bc_icms', 'valor_unitario', 'valor_ipi', 'valor_icms', 'valor_total', 'quantidade', 'unidade', 'cfop', 'origem_cst', 'ncm', 'descricao', 'codigo']
2026-09-23 16:14:24 | DEBUG    | produtos: novo item -> {'codigo': '3', 'descricao': 'CALCARIODOLOMITICOPOSTO'}
2026-09-23 16:14:24 | INFO     | produtos: 1 item(ns) extraido(s)
2026-09-23 16:14:24 | INFO     | produtos: item 1 codigo='3 CALCULO DOISSQN INSCRICAO MUNICIPAL DADOSADICIONAIS' descricao='CALCARIODOLOMITICOPOSTO ANCADC VAsS. B.C.3OrigemRS0,001CMS retido0.00' ncm=None und=None qtde='BASEDECALCULODOISSQN' vlr_unit=None vlr_total=None
2026-09-23 16:14:24 | INFO     | produtos: total combinado (paginas) = 1
2026-09-23 16:14:24 | INFO     | produtos: cabecalho detectado pelo criterio '3. CODIGO+DESCRICAO (sem CFOP no cab)'
2026-09-23 16:14:24 | INFO     | produtos: colunas mapeadas (10): ['valor_icms', 'valor_unitario', 'valor_total', 'quantidade', 'unidade', 'cfop', 'origem_cst', 'ncm', 'descricao', 'codigo']
2026-09-23 16:14:24 | DEBUG    | produtos: novo item -> {'codigo': '3', 'descricao': 'CALCARIODOLOMITICOPOSTO'}
2026-09-23 16:14:24 | INFO     | produtos: 1 item(ns) extraido(s)
2026-09-23 16:14:24 | INFO     | produtos: item 1 codigo='3 CALCULO DOISSQN INSCRICAOMUNICIPAL DADOSADICIONAIS' descricao='CALCARIODOLOMITICOPOSTO LANCADC 0 Ass. B.C.3OrigemR$0.00 ICMSretido0.00' ncm=None und=None qtde='BASEDECALCULODOISSQN' vlr_unit=None vlr_total=None
2026-09-23 16:14:24 | INFO     | produtos: total combinado (paginas) = 1
2026-09-23 16:14:24 | INFO     | produtos: cabecalho detectado pelo criterio '3. CODIGO+DESCRICAO (sem CFOP no cab)'
2026-09-23 16:14:24 | INFO     | produtos: colunas mapeadas (11): ['bc_icms', 'valor_unitario', 'valor_ipi', 'valor_icms', 'valor_total', 'unidade', 'cfop', 'origem_cst', 'ncm', 'descricao', 'codigo']
2026-09-23 16:14:24 | INFO     | produtos: 0 item(ns) extraido(s)
2026-09-23 16:14:24 | INFO     | produtos: total combinado (paginas) = 0
2026-09-23 16:14:24 | WARNING  | produtos: cabecalho da tabela NAO encontrado (regiao y=1453..2470 p1, itens=37)
2026-09-23 16:14:24 | INFO     | produtos: total combinado (paginas) = 0
2026-09-23 16:14:24 | INFO     | produtos: cabecalho detectado pelo criterio '3. CODIGO+DESCRICAO (sem CFOP no cab)'
2026-09-23 16:14:24 | INFO     | produtos: colunas mapeadas (8): ['quantidade', 'unidade', 'cfop', 'origem_cst', 'ncm', 'descricao', 'codigo', 'valor_total']
2026-09-23 16:14:24 | DEBUG    | produtos: novo item -> {'codigo': '3', 'descricao': 'CALCARIODOLOMITICOPOSTO'}
2026-09-23 16:14:24 | INFO     | produtos: 1 item(ns) extraido(s)
2026-09-23 16:14:24 | INFO     | produtos: item 1 codigo='3 CALCULODO ISSQN INSCRICAOMUNICIPAL DADOSADICIONAIS' descricao='CALCARIODOLOMITICOPOSTO LANCAi. AsS. B.C.3Origem RS0.00ICMSretido0.00' ncm=None und=None qtde='BASEDECALCULODOISSQN RESERVADOAOFISCO' vlr_unit=None vlr_total=None
2026-09-23 16:14:24 | INFO     | produtos: total combinado (paginas) = 1
2026-09-23 16:14:24 | INFO     | produtos: cabecalho detectado pelo criterio '2. CODIGO+CFOP'
2026-09-23 16:14:24 | INFO     | produtos: colunas mapeadas (12): ['valor_unitario', 'bc_icms', 'descricao', 'codigo', 'ncm', 'valor_icms', 'origem_cst', 'cfop', 'unidade', 'quantidade', 'valor_total', 'valor_ipi']
2026-09-23 16:14:24 | DEBUG    | produtos: novo item -> {'codigo': '3', 'descricao': 'CALCARIODOLOMITICOPOSTO', 'ncm': '25181000', 'origem_cst': '040', 'cfop': '5102', 'unidade': 'TN', 'quantidade': '48,2600', 'valor_unitario': '225,00', 'valor_total': '10.858.50', 'bc_icms': '0,00', 'valor_icms': '0.00', 'valor_ipi': '0.00 0.00 0.00'}
2026-09-23 16:14:24 | INFO     | produtos: 1 item(ns) extraido(s)
2026-09-23 16:14:24 | INFO     | produtos: item 1 codigo='3 B.C.3OrigemR$0.00ICMSretido0,00 CALCULODOISSQN INSCRICAOMUNICIPAL DADOSADICIONAIS' descricao='CALCARIODOLOMITICOPOSTO' ncm='25181000' und='TN' qtde='48,2600 BASEDECALCULODOISSQN' vlr_unit='225,00' vlr_total='10.858.50'
2026-09-23 16:14:24 | INFO     | produtos: total combinado (paginas) = 1
2026-09-23 16:14:24 | INFO     | produtos: cabecalho detectado pelo criterio '2. CODIGO+CFOP'
2026-09-23 16:14:24 | INFO     | produtos: colunas mapeadas (11): ['codigo', 'descricao', 'valor_unitario', 'bc_icms', 'ncm', 'origem_cst', 'cfop', 'unidade', 'quantidade', 'valor_total', 'valor_icms']
2026-09-23 16:14:24 | DEBUG    | produtos: novo item -> {'codigo': '3', 'descricao': 'CALCARIODOLOMITICOPOSTO', 'ncm': '25181000', 'origem_cst': '040', 'cfop': '5102', 'bc_icms': 'ICMS', 'valor_icms': 'ICMS'}
2026-09-23 16:14:24 | INFO     | produtos: 1 item(ns) extraido(s)
2026-09-23 16:14:24 | INFO     | produtos: item 1 codigo='3 B.C.3OrigemRS0,00ICMSretido0.00 CALCULO DO ISSQN INSCRICAO MUNICIPAL DADOSADICIONAIS' descricao='CALCARIODOLOMITICOPOSTO' ncm='25181000' und='TN' qtde='47,6200 BASEDECALCULODOISSQN' vlr_unit='225,00' vlr_total='10.714,50'
2026-09-23 16:14:24 | INFO     | produtos: total combinado (paginas) = 1
2026-09-23 16:14:24 | INFO     | produtos: cabecalho detectado pelo criterio '2. CODIGO+CFOP'
2026-09-23 16:14:24 | INFO     | produtos: colunas mapeadas (12): ['valor_unitario', 'codigo', 'bc_icms', 'descricao', 'ncm', 'origem_cst', 'cfop', 'unidade', 'quantidade', 'valor_total', 'valor_icms', 'valor_ipi']
2026-09-23 16:14:24 | DEBUG    | produtos: novo item -> {'codigo': '3', 'descricao': 'CALCARIODOLOMITICOPOSTO', 'ncm': '25181000', 'origem_cst': '040', 'cfop': '5102', 'unidade': 'TN', 'quantidade': '48,0400', 'valor_unitario': '220,00', 'valor_total': '10.568.80', 'bc_icms': '0,00', 'valor_icms': '0.00', 'valor_ipi': '0.00 0,00 0,00'}
2026-09-23 16:14:24 | INFO     | produtos: 1 item(ns) extraido(s)
2026-09-23 16:14:24 | INFO     | produtos: item 1 codigo='3 B.C.3OrigemR$0.00ICMSretido0.00 CALCULODOISSQN INSCRICAO MUNICIPAL DADOSADICIONAIS' descricao='CALCARIODOLOMITICOPOSTO' ncm='25181000' und='TN' qtde='48,0400 BASEDECALCULODOISSQN' vlr_unit='220,00' vlr_total='10.568.80'
2026-09-23 16:14:24 | INFO     | produtos: total combinado (paginas) = 1
2026-09-23 16:14:24 | INFO     | produtos: cabecalho detectado pelo criterio '2. CODIGO+CFOP'
2026-09-23 16:14:24 | INFO     | produtos: colunas mapeadas (12): ['valor_unitario', 'codigo', 'bc_icms', 'descricao', 'ncm', 'origem_cst', 'cfop', 'unidade', 'quantidade', 'valor_icms', 'valor_ipi', 'valor_total']
2026-09-23 16:14:24 | DEBUG    | produtos: novo item -> {'codigo': '3', 'descricao': 'CALCARIODOLOMITICOPOSTO', 'ncm': '25181000', 'bc_icms': 'ICMS', 'valor_ipi': 'ICMS IP1'}
2026-09-23 16:14:24 | INFO     | produtos: 1 item(ns) extraido(s)
2026-09-23 16:14:24 | INFO     | produtos: item 1 codigo='3 B.C.3OrigemR$0.00ICMSretido0.00 CALCULODOISSQN INSCRICAO MUNICIPAL DADOSADICIONAIS' descricao='CALCARIODOLOMITICOPOSTO' ncm='25181000' und='TN' qtde='47,2200 BASEDECALCULODOISSQN' vlr_unit='225,00' vlr_total=None
2026-09-23 16:14:24 | INFO     | produtos: total combinado (paginas) = 1
2026-09-23 16:14:24 | WARNING  | produtos: cabecalho da tabela NAO encontrado (regiao y=1723..2761 p1, itens=38)
2026-09-23 16:14:24 | INFO     | produtos: total combinado (paginas) = 0
2026-09-23 16:14:24 | INFO     | produtos: cabecalho detectado pelo criterio '2. CODIGO+CFOP'
2026-09-23 16:14:24 | INFO     | produtos: colunas mapeadas (12): ['codigo', 'valor_unitario', 'bc_icms', 'descricao', 'ncm', 'cfop', 'origem_cst', 'unidade', 'quantidade', 'valor_total', 'valor_icms', 'valor_ipi']
2026-09-23 16:14:24 | DEBUG    | produtos: novo item -> {'codigo': '3', 'descricao': 'CALCARIODOLOMITICOPOSTO', 'bc_icms': 'ICMS', 'valor_ipi': 'ICM'}
2026-09-23 16:14:24 | INFO     | produtos: 1 item(ns) extraido(s)
2026-09-23 16:14:24 | INFO     | produtos: item 1 codigo='3 B.C.3OrigemRS0,00ICMSretido0.00 CALCULODOISSQN INSCRICAOMUNICIPAL DADOSADICIONAIS' descricao='CALCARIODOLOMITICOPOSTO' ncm='25181000' und='TN' qtde='47,7800 BASEDECALCULODOISSQN' vlr_unit='220.00' vlr_total='10.511,60'
2026-09-23 16:14:24 | INFO     | produtos: total combinado (paginas) = 1
2026-09-23 16:14:24 | INFO     | produtos: cabecalho detectado pelo criterio '2. CODIGO+CFOP'
2026-09-23 16:14:24 | INFO     | produtos: colunas mapeadas (12): ['valor_unitario', 'bc_icms', 'codigo', 'descricao', 'ncm', 'origem_cst', 'unidade', 'cfop', 'quantidade', 'valor_total', 'valor_icms', 'valor_ipi']
2026-09-23 16:14:24 | DEBUG    | produtos: novo item -> {'codigo': '3', 'descricao': 'CALCARIODOLOMITICOPOSTO', 'ncm': '25181000', 'origem_cst': '040', 'cfop': '5102', 'unidade': 'TN', 'quantidade': '46,4000', 'valor_unitario': '225.00', 'valor_total': '10.440.00', 'bc_icms': '0.00', 'valor_icms': '0.00', 'valor_ipi': '0.00 0.00 0.00'}
2026-09-23 16:14:24 | INFO     | produtos: 1 item(ns) extraido(s)
2026-09-23 16:14:24 | INFO     | produtos: item 1 codigo='3 B.C.3Origem RS0.00 ICMSretido0.00 CALCULODOISSQN INSCRICAO MUNICIPAL DADOSADICIONAIS' descricao='CALCARIODOLOMITICOPOSTO' ncm='25181000' und='TN' qtde='46,4000 BASEDECALCULODOISSQN' vlr_unit='225.00' vlr_total='10.440.00'
2026-09-23 16:14:24 | INFO     | produtos: total combinado (paginas) = 1
2026-09-23 16:14:24 | INFO     | produtos: cabecalho detectado pelo criterio '2. CODIGO+CFOP'
2026-09-23 16:14:24 | INFO     | produtos: colunas mapeadas (11): ['valor_unitario', 'codigo', 'bc_icms', 'descricao', 'ncm', 'unidade', 'origem_cst', 'cfop', 'quantidade', 'valor_total', 'valor_ipi']
2026-09-23 16:14:24 | DEBUG    | produtos: novo item -> {'codigo': '3', 'descricao': 'CALCARIODOLOMITICOPOSTO', 'bc_icms': 'ICMS', 'valor_ipi': 'ICMS'}
2026-09-23 16:14:24 | INFO     | produtos: 1 item(ns) extraido(s)
2026-09-23 16:14:24 | INFO     | produtos: item 1 codigo='3 B.C.3Origem R$0.00ICMS retido0,00 CALCULODOISSQN INSCRICAO MUNICIPAL DADOSADICIONAIS' descricao='CALCARIODOLOMITICOPOSTO' ncm='25181000' und='TN' qtde='47,5600 BASEDECALCULODOISSQN' vlr_unit='225,00' vlr_total='10.701.00'
2026-09-23 16:14:24 | INFO     | produtos: total combinado (paginas) = 1
2026-09-23 16:14:24 | INFO     | produtos: cabecalho detectado pelo criterio '2. CODIGO+CFOP'
2026-09-23 16:14:24 | INFO     | produtos: colunas mapeadas (10): ['codigo', 'valor_unitario', 'descricao', 'bc_icms', 'ncm', 'origem_cst', 'cfop', 'unidade', 'valor_total', 'valor_icms']
2026-09-23 16:14:24 | DEBUG    | produtos: novo item -> {'codigo': '3', 'descricao': 'CALCARIODOLOMITICOPOSTO', 'ncm': '25181000', 'bc_icms': 'ICMS', 'valor_icms': 'ICMS'}
2026-09-23 16:14:24 | INFO     | produtos: 1 item(ns) extraido(s)
2026-09-23 16:14:24 | INFO     | produtos: item 1 codigo='3 B.C.3OrigemRS0.00ICMSretido0.00 CALCULODOISSQN INSCRICAOMUNICIPAL DADOSADICIONAIS' descricao='CALCARIODOLOMITICOPOSTO' ncm='25181000' und='TN' qtde=None vlr_unit='47,3000 225,00 BASEDECALCULODOISSQN' vlr_total='10.642.50'
2026-09-23 16:14:24 | INFO     | produtos: total combinado (paginas) = 1
2026-09-23 16:14:24 | DEBUG    | campos: rotulo 'DADOS DO PRODUTO' nao encontrado
2026-09-23 16:14:24 | WARNING  | produtos: regiao de produtos invalida (e1=False e2=True ini_y=None fin_y=2808.0)
2026-09-23 16:14:24 | INFO     | produtos: cabecalho detectado pelo criterio '2. CODIGO+CFOP'
2026-09-23 16:14:24 | INFO     | produtos: colunas mapeadas (12): ['codigo', 'valor_unitario', 'descricao', 'bc_icms', 'ncm', 'origem_cst', 'cfop', 'unidade', 'quantidade', 'valor_total', 'valor_icms', 'valor_ipi']
2026-09-23 16:14:24 | DEBUG    | produtos: novo item -> {'codigo': '3', 'descricao': 'CALCARIODOLOMITICOPOSTO', 'ncm': '25181000', 'origem_cst': '040', 'bc_icms': 'ICMS', 'valor_ipi': 'ICMS IPI'}
2026-09-23 16:14:24 | INFO     | produtos: 1 item(ns) extraido(s)
2026-09-23 16:14:24 | INFO     | produtos: item 1 codigo='3 B.C.3 Origem R$0.00ICMS retido0.00 CALCULO DOISSQN INSCRICAO MUNICIPAL DADOSADICIONAIS' descricao='CALCARIODOLOMITICOPOSTO' ncm='25181000' und='TN' qtde='48,0200 BASEDECALCULODOISSQN' vlr_unit='225,00' vlr_total='10.804.50'
2026-09-23 16:14:24 | INFO     | produtos: total combinado (paginas) = 1
2026-09-23 16:14:24 | WARNING  | produtos: cabecalho da tabela NAO encontrado (regiao y=1730..2820 p1, itens=38)
2026-09-23 16:14:24 | INFO     | produtos: total combinado (paginas) = 0
2026-09-23 16:14:24 | INFO     | produtos: cabecalho detectado pelo criterio '2. CODIGO+CFOP'
2026-09-23 16:14:24 | INFO     | produtos: colunas mapeadas (10): ['valor_unitario', 'codigo', 'descricao', 'ncm', 'origem_cst', 'cfop', 'unidade', 'quantidade', 'valor_icms', 'valor_total']
2026-09-23 16:14:24 | DEBUG    | produtos: novo item -> {'codigo': '3', 'descricao': 'CALCARIODOLOMITICOPOSTO', 'ncm': '25181000', 'origem_cst': '040', 'cfop': '5102', 'unidade': 'TN', 'quantidade': '48,8600', 'valor_unitario': '225,00', 'valor_total': '10.993,59', 'valor_icms': '0.00 0.00 0,00 0.00'}
2026-09-23 16:14:24 | INFO     | produtos: 1 item(ns) extraido(s)
2026-09-23 16:14:24 | INFO     | produtos: item 1 codigo='3 B.C.3OrigemR$0.001CMS retido0.00 CALCULODOISSQN INSCRICAO MUNICIPAL DADOSADICIONAIS' descricao='CALCARIODOLOMITICOPOSTO' ncm='25181000' und='TN' qtde='48,8600 BASEDECALCULODOISSQN' vlr_unit='225,00' vlr_total='10.993,59'
2026-09-23 16:14:24 | INFO     | produtos: total combinado (paginas) = 1
2026-09-23 16:14:24 | WARNING  | produtos: cabecalho da tabela NAO encontrado (regiao y=1739..2827 p1, itens=38)
2026-09-23 16:14:24 | INFO     | produtos: total combinado (paginas) = 0
2026-09-23 16:14:24 | INFO     | produtos: cabecalho detectado pelo criterio '2. CODIGO+CFOP'
2026-09-23 16:14:24 | INFO     | produtos: colunas mapeadas (11): ['valor_unitario', 'codigo', 'bc_icms', 'descricao', 'ncm', 'origem_cst', 'cfop', 'unidade', 'quantidade', 'valor_ipi', 'valor_total']
2026-09-23 16:14:24 | DEBUG    | produtos: novo item -> {'descricao': 'CALCARIODOLOMITICOPOSTO', 'ncm': '25181000', 'origem_cst': '040', 'cfop': '5102', 'unidade': 'TN', 'quantidade': '47,5200', 'valor_unitario': '225,00', 'bc_icms': '10.692.00 0.00', 'valor_ipi': '0,00 0,00 0.00 0.00'}
2026-09-23 16:14:24 | INFO     | produtos: 1 item(ns) extraido(s)
2026-09-23 16:14:24 | INFO     | produtos: item 1 codigo='B.C.3OrigemR$0.00ICMSretido0.00 CALCULODOISSQN INSCRICAO MUNICIPAL DADOSADICIONAIS' descricao='CALCARIODOLOMITICOPOSTO' ncm='25181000' und='TN' qtde='47,5200 BASEDECALCULODOISSQN' vlr_unit='225,00' vlr_total=None
2026-09-23 16:14:24 | INFO     | produtos: total combinado (paginas) = 1
2026-09-23 16:14:24 | WARNING  | produtos: cabecalho da tabela NAO encontrado (regiao y=1728..2813 p1, itens=38)
2026-09-23 16:14:24 | INFO     | produtos: total combinado (paginas) = 0
2026-09-23 16:14:24 | WARNING  | produtos: cabecalho da tabela NAO encontrado (regiao y=1709..2750 p1, itens=38)
2026-09-23 16:14:24 | INFO     | produtos: total combinado (paginas) = 0
2026-09-23 16:14:24 | WARNING  | produtos: cabecalho da tabela NAO encontrado (regiao y=1719..2775 p1, itens=38)
2026-09-23 16:14:24 | INFO     | produtos: total combinado (paginas) = 0
2026-09-23 16:14:24 | INFO     | produtos: cabecalho detectado pelo criterio '2. CODIGO+CFOP'
2026-09-23 16:14:24 | INFO     | produtos: colunas mapeadas (10): ['codigo', 'descricao', 'valor_unitario', 'ncm', 'bc_icms', 'origem_cst', 'cfop', 'unidade', 'valor_ipi', 'valor_total']
2026-09-23 16:14:24 | INFO     | produtos: 0 item(ns) extraido(s)
2026-09-23 16:14:24 | INFO     | produtos: total combinado (paginas) = 0
2026-09-23 16:14:24 | WARNING  | produtos: cabecalho da tabela NAO encontrado (regiao y=1736..2825 p1, itens=38)
2026-09-23 16:14:24 | INFO     | produtos: total combinado (paginas) = 0
2026-09-23 16:14:24 | WARNING  | produtos: cabecalho da tabela NAO encontrado (regiao y=1751..2839 p1, itens=38)
2026-09-23 16:14:24 | INFO     | produtos: total combinado (paginas) = 0
2026-09-23 16:14:24 | INFO     | produtos: cabecalho detectado pelo criterio '2. CODIGO+CFOP'
2026-09-23 16:14:24 | INFO     | produtos: colunas mapeadas (12): ['codigo', 'valor_unitario', 'bc_icms', 'descricao', 'ncm', 'origem_cst', 'cfop', 'unidade', 'quantidade', 'valor_icms', 'valor_ipi', 'valor_total']
2026-09-23 16:14:24 | DEBUG    | produtos: novo item -> {'codigo': '3', 'descricao': 'CALCARIODOLOMITICOPOSTO', 'ncm': '25181000', 'bc_icms': 'ICMS', 'valor_ipi': 'ICMS IP1'}
2026-09-23 16:14:24 | INFO     | produtos: 1 item(ns) extraido(s)
2026-09-23 16:14:24 | INFO     | produtos: item 1 codigo='3 B.C.3OrigemR$0,00ICMS retido0,00 CALCULODOISSQN INSCRICAOMUNICIPAL DADOSADICIONAIS' descricao='CALCARIODOLOMITICOPOSTO' ncm='25181000' und='TN' qtde='46,9400 BASEDECALCULODOISSQN' vlr_unit='225,00' vlr_total=None
2026-09-23 16:14:24 | INFO     | produtos: total combinado (paginas) = 1
2026-09-23 16:14:24 | INFO     | produtos: cabecalho detectado pelo criterio '2. CODIGO+CFOP'
2026-09-23 16:14:24 | INFO     | produtos: colunas mapeadas (12): ['codigo', 'valor_unitario', 'descricao', 'bc_icms', 'ncm', 'origem_cst', 'cfop', 'unidade', 'quantidade', 'valor_total', 'valor_icms', 'valor_ipi']
2026-09-23 16:14:24 | DEBUG    | produtos: novo item -> {'codigo': '3', 'descricao': 'CALCARIODOLOMITICOPOSTO', 'ncm': '25181000', 'bc_icms': 'ICMS', 'valor_ipi': 'ICMS IPI'}
2026-09-23 16:14:24 | INFO     | produtos: 1 item(ns) extraido(s)
2026-09-23 16:14:24 | INFO     | produtos: item 1 codigo='3 B.C.3OrigemR50.00ICMSretido0.00 CALCULODOISSQN INSCRICAO MUNICIPAL DADOSADICIONAIS' descricao='CALCARIODOLOMITICOPOSTO' ncm='25181000' und='TN' qtde='47.7400 BASEDECALCULODOISSQN' vlr_unit='220,00' vlr_total='10.502.80'
2026-09-23 16:14:24 | INFO     | produtos: total combinado (paginas) = 1
2026-09-23 16:14:24 | WARNING  | produtos: cabecalho da tabela NAO encontrado (regiao y=1722..2811 p1, itens=38)
2026-09-23 16:14:24 | INFO     | produtos: total combinado (paginas) = 0
2026-09-23 16:14:24 | WARNING  | produtos: cabecalho da tabela NAO encontrado (regiao y=1726..2814 p1, itens=37)
2026-09-23 16:14:24 | INFO     | produtos: total combinado (paginas) = 0
2026-09-23 16:14:24 | INFO     | produtos: cabecalho detectado pelo criterio '2. CODIGO+CFOP'
2026-09-23 16:14:24 | INFO     | produtos: colunas mapeadas (12): ['codigo', 'descricao', 'valor_unitario', 'ncm', 'origem_cst', 'cfop', 'bc_icms', 'unidade', 'quantidade', 'valor_total', 'valor_icms', 'valor_ipi']
2026-09-23 16:14:24 | DEBUG    | produtos: novo item -> {'codigo': '3', 'descricao': 'CALCARIODOLOMITICOPOSTO', 'bc_icms': 'ICMS', 'valor_ipi': 'ICMS ALIQ ALIQ IPI'}
2026-09-23 16:14:24 | INFO     | produtos: 1 item(ns) extraido(s)
2026-09-23 16:14:24 | INFO     | produtos: item 1 codigo='3 B.C.3OrigemR$0.00ICMSretido0,00 CALCULODOISSQN INSCRICAO MUNICIPAL DADOSADICIONAIS' descricao='CALCARIODOLOMITICOPOSTO' ncm='25181000' und='TN' qtde='46,7400 BASEDECALCULODOISSON' vlr_unit='225,00' vlr_total='10.516,50'
2026-09-23 16:14:24 | INFO     | produtos: total combinado (paginas) = 1
2026-09-23 16:14:24 | WARNING  | produtos: cabecalho da tabela NAO encontrado (regiao y=1747..2841 p1, itens=37)
2026-09-23 16:14:24 | INFO     | produtos: total combinado (paginas) = 0
2026-09-23 16:14:24 | WARNING  | produtos: cabecalho da tabela NAO encontrado (regiao y=1730..2822 p1, itens=38)
2026-09-23 16:14:24 | INFO     | produtos: total combinado (paginas) = 0
2026-09-23 16:14:24 | WARNING  | produtos: cabecalho da tabela NAO encontrado (regiao y=1738..2828 p1, itens=38)
2026-09-23 16:14:24 | INFO     | produtos: total combinado (paginas) = 0
2026-09-23 16:14:24 | INFO     | produtos: cabecalho detectado pelo criterio '2. CODIGO+CFOP'
2026-09-23 16:14:24 | INFO     | produtos: colunas mapeadas (11): ['bc_icms', 'valor_unitario', 'valor_ipi', 'unidade', 'quantidade', 'descricao', 'ncm', 'origem_cst', 'cfop', 'codigo', 'valor_total']
2026-09-23 16:14:24 | DEBUG    | produtos: novo item -> {'codigo': '3', 'descricao': 'CALCARIODOLOMITICOPOSTO', 'ncm': '25181000', 'origem_cst': '040', 'cfop': '5102', 'unidade': 'TN', 'quantidade': '48,0800', 'valor_unitario': '225,00', 'bc_icms': '10.818.00 0.00', 'valor_ipi': '0.00 0.00 0.00 0.0'}
2026-09-23 16:14:24 | INFO     | produtos: 1 item(ns) extraido(s)
2026-09-23 16:14:24 | INFO     | produtos: item 1 codigo='3 B.C.3OrigemR$0,00ICMSretido0.00 CALCULODOISSQN INSCRICAO MUNICIPAL DADOSADICIONAIS' descricao='CALCARIODOLOMITICOPOSTO' ncm='25181000' und='TN' qtde='48,0800 BASEDECALCULODOISSQN' vlr_unit='225,00' vlr_total=None
2026-09-23 16:14:24 | INFO     | produtos: total combinado (paginas) = 1
2026-09-23 16:14:24 | WARNING  | produtos: cabecalho da tabela NAO encontrado (regiao y=1415..2480 p1, itens=18)
2026-09-23 16:14:24 | INFO     | produtos: total combinado (paginas) = 0
2026-09-23 16:14:24 | WARNING  | produtos: cabecalho da tabela NAO encontrado (regiao y=1406..2466 p1, itens=19)
2026-09-23 16:14:24 | INFO     | produtos: total combinado (paginas) = 0
2026-09-23 16:14:24 | INFO     | produtos: cabecalho detectado pelo criterio '4. CODIGO somente (fallback final)'
2026-09-23 16:14:24 | INFO     | produtos: colunas mapeadas (0): []
2026-09-23 16:14:24 | INFO     | produtos: 0 item(ns) extraido(s)
2026-09-23 16:14:24 | INFO     | produtos: total combinado (paginas) = 0
2026-09-23 16:14:24 | INFO     | produtos: cabecalho detectado pelo criterio '4. CODIGO somente (fallback final)'
2026-09-23 16:14:24 | INFO     | produtos: colunas mapeadas (0): []
2026-09-23 16:14:24 | INFO     | produtos: 0 item(ns) extraido(s)
2026-09-23 16:14:24 | INFO     | produtos: total combinado (paginas) = 0
2026-09-23 16:14:24 | WARNING  | produtos: cabecalho da tabela NAO encontrado (regiao y=1434..2499 p1, itens=23)
2026-09-23 16:14:24 | INFO     | produtos: total combinado (paginas) = 0
2026-09-23 16:14:24 | WARNING  | produtos: cabecalho da tabela NAO encontrado (regiao y=1422..2484 p1, itens=22)
2026-09-23 16:14:24 | INFO     | produtos: total combinado (paginas) = 0
2026-09-23 16:14:24 | WARNING  | produtos: cabecalho da tabela NAO encontrado (regiao y=1422..2482 p1, itens=23)
2026-09-23 16:14:24 | INFO     | produtos: total combinado (paginas) = 0
2026-09-23 16:14:24 | WARNING  | produtos: cabecalho da tabela NAO encontrado (regiao y=1385..2443 p1, itens=23)
2026-09-23 16:14:24 | INFO     | produtos: total combinado (paginas) = 0
2026-09-23 16:14:24 | INFO     | produtos: cabecalho detectado pelo criterio '4. CODIGO somente (fallback final)'
2026-09-23 16:14:24 | INFO     | produtos: colunas mapeadas (0): []
2026-09-23 16:14:24 | INFO     | produtos: 0 item(ns) extraido(s)
2026-09-23 16:14:24 | INFO     | produtos: total combinado (paginas) = 0
2026-09-23 16:14:24 | WARNING  | produtos: cabecalho da tabela NAO encontrado (regiao y=1753..2820 p1, itens=26)
2026-09-23 16:14:24 | INFO     | produtos: total combinado (paginas) = 0
2026-09-23 16:14:24 | WARNING  | produtos: cabecalho da tabela NAO encontrado (regiao y=1416..2483 p1, itens=35)
2026-09-23 16:14:24 | INFO     | produtos: total combinado (paginas) = 0
2026-09-23 16:14:24 | INFO     | produtos: cabecalho detectado pelo criterio '4. CODIGO somente (fallback final)'
2026-09-23 16:14:24 | INFO     | produtos: colunas mapeadas (1): ['valor_total']
2026-09-23 16:14:24 | INFO     | produtos: 0 item(ns) extraido(s)
2026-09-23 16:14:24 | INFO     | produtos: total combinado (paginas) = 0
2026-09-23 16:14:24 | INFO     | produtos: cabecalho detectado pelo criterio '4. CODIGO somente (fallback final)'
2026-09-23 16:14:24 | INFO     | produtos: colunas mapeadas (8): ['valor_ipi', 'valor_total', 'valor_unitario', 'desconto', 'quantidade', 'unidade', 'ncm', 'codigo']
2026-09-23 16:14:24 | INFO     | produtos: 0 item(ns) extraido(s)
2026-09-23 16:14:24 | INFO     | produtos: total combinado (paginas) = 0
2026-09-23 16:14:24 | DEBUG    | campos: rotulo 'DADOS DO PRODUTO' nao encontrado
2026-09-23 16:14:24 | WARNING  | produtos: regiao de produtos invalida (e1=False e2=True ini_y=None fin_y=2750.0)
2026-09-23 16:14:24 | WARNING  | produtos: cabecalho da tabela NAO encontrado (regiao y=1687..2651 p1, itens=22)
2026-09-23 16:14:24 | INFO     | produtos: total combinado (paginas) = 0
2026-09-23 16:14:24 | WARNING  | produtos: cabecalho da tabela NAO encontrado (regiao y=1779..2761 p1, itens=30)
2026-09-23 16:14:24 | INFO     | produtos: total combinado (paginas) = 0
2026-09-23 16:14:24 | DEBUG    | campos: rotulo 'DADOS DO PRODUTO' nao encontrado
2026-09-23 16:14:24 | WARNING  | produtos: regiao de produtos invalida (e1=False e2=True ini_y=None fin_y=2764.0)
2026-09-23 16:14:24 | INFO     | produtos: cabecalho detectado pelo criterio '3. CODIGO+DESCRICAO (sem CFOP no cab)'
2026-09-23 16:14:24 | INFO     | produtos: colunas mapeadas (12): ['codigo', 'descricao', 'origem_cst', 'ncm', 'unidade', 'quantidade', 'valor_unitario', 'desconto', 'valor_total', 'bc_icms', 'valor_ipi', 'valor_icms']
2026-09-23 16:14:24 | DEBUG    | produtos: novo item -> {'codigo': 'K012', 'descricao': 'CloretodePotassio60%K20-Granulado', 'ncm': '31042090', 'origem_cst': '6/20', 'unidade': '5102 TON', 'quantidade': '48,0000', 'valor_unitario': '5.611,8750', 'valor_total': '269.370,00', 'valor_ipi': 'ICMSIPI'}
2026-09-23 16:14:24 | INFO     | produtos: 1 item(ns) extraido(s)
2026-09-23 16:14:24 | INFO     | produtos: item 1 codigo='K012 DADOSADICIONAIS' descricao='CloretodePotassio60%K20-Granulado viasolo; Obs:FertilizanteMineral Simples,Aplicacao Lote:' ncm='31042090' und='5102 TON' qtde='48,0000' vlr_unit='5.611,8750' vlr_total='269.370,00'
2026-09-23 16:14:24 | INFO     | produtos: total combinado (paginas) = 1
2026-09-23 16:14:24 | INFO     | produtos: cabecalho detectado pelo criterio '1. CODIGO+CFOP+VLR UNIT'
2026-09-23 16:14:24 | INFO     | produtos: colunas mapeadas (14): ['aliquota', 'valor_icms', 'bc_icms', 'valor_ipi', 'valor_unitario', 'valor_total', 'desconto', 'unidade', 'quantidade', 'origem_cst', 'cfop', 'ncm', 'codigo', 'descricao']
2026-09-23 16:14:24 | DEBUG    | produtos: novo item -> {'codigo': 'P015', 'descricao': 'FosfatoMonoamonico11%N-52%P205-', 'ncm': '31054000', 'origem_cst': '6/20', 'cfop': '5102', 'unidade': 'TON', 'quantidade': '37,0000', 'valor_unitario': '5.821,0919', 'valor_total': '215.380.40', 'bc_icms': '12.664.37', 'valor_icms': '2.152,94', 'aliquota': '0.0017,000.'}
2026-09-23 16:14:24 | DEBUG    | produtos: linha de 'obs' vista; valores nao-descricao aproveitados -> {}
2026-09-23 16:14:24 | DEBUG    | produtos: linha descartada apos obs -> {'descricao': 'VIASOLO;'}
2026-09-23 16:14:24 | DEBUG    | produtos: linha descartada apos obs -> {'descricao': 'Lote:IMP197022-Qtde:37:'}
2026-09-23 16:14:24 | DEBUG    | produtos: linha descartada apos obs -> {'descricao': 'Lote(s):Reg.MAPA:PR0015695 000026.'}
2026-09-23 16:14:24 | DEBUG    | produtos: linha descartada apos obs -> {'codigo': 'DADOSADICIONAIS'}
2026-09-23 16:14:24 | INFO     | produtos: 1 item(ns) extraido(s)
2026-09-23 16:14:24 | INFO     | produtos: item 1 codigo='P015' descricao='FosfatoMonoamonico11%N-52%P205- Granulado' ncm='31054000' und='TON' qtde='37,0000' vlr_unit='5.821,0919' vlr_total='215.380.40'
2026-09-23 16:14:24 | INFO     | produtos: total combinado (paginas) = 1
2026-09-23 16:14:24 | INFO     | produtos: cabecalho detectado pelo criterio '3. CODIGO+DESCRICAO (sem CFOP no cab)'
2026-09-23 16:14:24 | INFO     | produtos: colunas mapeadas (11): ['codigo', 'aliquota', 'descricao', 'origem_cst', 'ncm', 'valor_unitario', 'desconto', 'valor_total', 'bc_icms', 'valor_icms', 'valor_ipi']
2026-09-23 16:14:24 | DEBUG    | produtos: novo item -> {'codigo': 'P015', 'descricao': 'Granulado FosfatoMonoamonico11%N-52%P205-', 'ncm': '31054000', 'origem_cst': '6/20 5102 TON', 'valor_unitario': '37,0000 5.821.0919', 'valor_total': '215.380.40', 'bc_icms': '12.664.37', 'valor_icms': '2.152.94', 'aliquota': '0.0017,000.00'}
2026-09-23 16:14:24 | DEBUG    | produtos: linha de 'obs' vista; valores nao-descricao aproveitados -> {}
2026-09-23 16:14:24 | DEBUG    | produtos: linha descartada apos obs -> {'descricao': 'VIASOLO.:'}
2026-09-23 16:14:24 | DEBUG    | produtos: linha descartada apos obs -> {'descricao': 'Lote:IMP197022-Qtde:37:'}
2026-09-23 16:14:24 | DEBUG    | produtos: linha descartada apos obs -> {'descricao': 'Lote(s):Reg.MAPA:PR0015695000026.'}
2026-09-23 16:14:24 | DEBUG    | produtos: linha descartada apos obs -> {'codigo': 'DADOSADICIONAIS'}
2026-09-23 16:14:24 | INFO     | produtos: 1 item(ns) extraido(s)
2026-09-23 16:14:24 | INFO     | produtos: item 1 codigo='P015' descricao='Granulado FosfatoMonoamonico11%N-52%P205-' ncm='31054000' und=None qtde=None vlr_unit='37,0000 5.821.0919' vlr_total='215.380.40'
2026-09-23 16:14:24 | INFO     | produtos: total combinado (paginas) = 1
2026-09-23 16:14:24 | INFO     | produtos: cabecalho detectado pelo criterio '2. CODIGO+CFOP'
2026-09-23 16:14:24 | INFO     | produtos: colunas mapeadas (13): ['codigo', 'descricao', 'ncm', 'origem_cst', 'cfop', 'aliquota', 'unidade', 'quantidade', 'desconto', 'valor_total', 'bc_icms', 'valor_icms', 'valor_ipi']
2026-09-23 16:14:24 | DEBUG    | produtos: novo item -> {'codigo': 'P015', 'descricao': 'FosfatoMonoamonico11%N-52%P2O5-', 'ncm': '31054000', 'origem_cst': '6/20', 'cfop': '5102', 'unidade': 'TON', 'quantidade': '37.0000', 'desconto': '5.821,0919', 'valor_total': '215.380.40', 'aliquota': 'ICMSTIPI'}
2026-09-23 16:14:24 | DEBUG    | produtos: linha de 'obs' vista; valores nao-descricao aproveitados -> {}
2026-09-23 16:14:24 | DEBUG    | produtos: linha descartada apos obs -> {'descricao': 'VIASOLO.:'}
2026-09-23 16:14:24 | DEBUG    | produtos: linha descartada apos obs -> {'descricao': 'Lote:IMP197022-QIde:37:'}
2026-09-23 16:14:24 | DEBUG    | produtos: linha descartada apos obs -> {'descricao': 'Lote(s):Reg.MAPA:PR0015695000026.'}
2026-09-23 16:14:24 | DEBUG    | produtos: linha descartada apos obs -> {'codigo': 'DADOSADICIONAIS'}
2026-09-23 16:14:24 | INFO     | produtos: 1 item(ns) extraido(s)
2026-09-23 16:14:24 | INFO     | produtos: item 1 codigo='P015' descricao='FosfatoMonoamonico11%N-52%P2O5- Granulado' ncm='31054000' und='TON' qtde='37.0000' vlr_unit=None vlr_total='215.380.40'
2026-09-23 16:14:24 | INFO     | produtos: total combinado (paginas) = 1
2026-09-23 16:14:24 | INFO     | produtos: cabecalho detectado pelo criterio '2. CODIGO+CFOP'
2026-09-23 16:14:24 | INFO     | produtos: colunas mapeadas (12): ['valor_ipi', 'valor_icms', 'bc_icms', 'valor_unitario', 'valor_total', 'desconto', 'quantidade', 'cfop', 'origem_cst', 'ncm', 'descricao', 'codigo']
2026-09-23 16:14:24 | DEBUG    | produtos: novo item -> {'codigo': 'P015', 'descricao': 'FosfatoMonoamonico11%N-52%P205-', 'ncm': '31054000', 'origem_cst': '6/20', 'cfop': '5102 TON', 'quantidade': '36.0000', 'valor_unitario': '5.821.0919', 'valor_total': '209.559,31', 'bc_icms': '12.322.09', 'valor_icms': '2.094,76', 'valor_ipi': '0.0017.00'}
2026-09-23 16:14:24 | DEBUG    | produtos: linha de 'obs' vista; valores nao-descricao aproveitados -> {}
2026-09-23 16:14:24 | DEBUG    | produtos: linha descartada apos obs -> {'descricao': 'VIASOLO;'}
2026-09-23 16:14:24 | DEBUG    | produtos: linha descartada apos obs -> {'descricao': 'Lote:IMP197022-Qtde:36:'}
2026-09-23 16:14:24 | DEBUG    | produtos: linha descartada apos obs -> {'descricao': 'Lote(s):Reg.MAPA:PR0015695000026.'}
2026-09-23 16:14:24 | DEBUG    | produtos: linha descartada apos obs -> {'codigo': 'DADOSADICIONAIS'}
2026-09-23 16:14:24 | INFO     | produtos: 1 item(ns) extraido(s)
2026-09-23 16:14:24 | INFO     | produtos: item 1 codigo='P015' descricao='FosfatoMonoamonico11%N-52%P205- Granulado' ncm='31054000' und=None qtde='36.0000' vlr_unit='5.821.0919' vlr_total='209.559,31'
2026-09-23 16:14:24 | INFO     | produtos: total combinado (paginas) = 1
2026-09-23 16:14:24 | INFO     | produtos: cabecalho detectado pelo criterio '3. CODIGO+DESCRICAO (sem CFOP no cab)'
2026-09-23 16:14:24 | INFO     | produtos: colunas mapeadas (14): ['codigo', 'descricao', 'ncm', 'origem_cst', 'cfop', 'unidade', 'quantidade', 'valor_unitario', 'desconto', 'valor_total', 'aliquota', 'bc_icms', 'valor_icms', 'valor_ipi']
2026-09-23 16:14:24 | DEBUG    | produtos: novo item -> {'codigo': 'PO15', 'descricao': 'FosfatoMonoamonico11%N-52%P205-', 'bc_icms': 'VTRIB'}
2026-09-23 16:14:24 | DEBUG    | produtos: linha de 'obs' vista; valores nao-descricao aproveitados -> {'valor_total': '215.380,40', 'bc_icms': '12.664,37', 'valor_icms': '2.152,94', 'aliquota': '0,0017,000,00'}
2026-09-23 16:14:24 | DEBUG    | produtos: linha descartada apos obs -> {'descricao': 'VIASOLO.'}
2026-09-23 16:14:24 | DEBUG    | produtos: linha descartada apos obs -> {'descricao': 'Lote:IMP197022-Qtde:37;'}
2026-09-23 16:14:24 | DEBUG    | produtos: linha descartada apos obs -> {'descricao': 'Lote(s):Reg.MAPA:PR0015695000026.'}
2026-09-23 16:14:24 | DEBUG    | produtos: linha descartada apos obs -> {'codigo': 'DADOSADICIONAIS'}
2026-09-23 16:14:24 | INFO     | produtos: 1 item(ns) extraido(s)
2026-09-23 16:14:24 | INFO     | produtos: item 1 codigo='PO15' descricao='FosfatoMonoamonico11%N-52%P205- Granulado' ncm='31054000' und='TON' qtde='37,0000' vlr_unit='5.821,0919' vlr_total='215.380,40'
2026-09-23 16:14:24 | INFO     | produtos: total combinado (paginas) = 1
2026-09-23 16:14:24 | INFO     | produtos: cabecalho detectado pelo criterio '1. CODIGO+CFOP+VLR UNIT'
2026-09-23 16:14:24 | INFO     | produtos: colunas mapeadas (11): ['codigo', 'descricao', 'valor_unitario', 'ncm', 'origem_cst', 'cfop', 'desconto', 'valor_total', 'valor_icms', 'valor_ipi', 'bc_icms']
2026-09-23 16:14:24 | DEBUG    | produtos: novo item -> {'codigo': 'P015', 'descricao': 'Granulado FosfatoMonoamonico11%N-52%P205-', 'ncm': '31054000', 'origem_cst': '6/20', 'cfop': '5102 TON', 'valor_unitario': '48,0000 5.907,0600', 'valor_total': '283.538.88', 'bc_icms': '16.672.09', 'valor_icms': '2.834,26', 'valor_ipi': '0.0017.000.0'}
2026-09-23 16:14:24 | DEBUG    | produtos: linha de 'obs' vista; valores nao-descricao aproveitados -> {}
2026-09-23 16:14:24 | DEBUG    | produtos: linha descartada apos obs -> {'descricao': 'Lote:IMP197022-Qtde:48;'}
2026-09-23 16:14:24 | DEBUG    | produtos: linha descartada apos obs -> {'descricao': 'Lote(s):Reg.MAPA:PR 0015695000026.'}
2026-09-23 16:14:24 | DEBUG    | produtos: linha descartada apos obs -> {'codigo': 'DADOSADICIONAIS'}
2026-09-23 16:14:24 | INFO     | produtos: 1 item(ns) extraido(s)
2026-09-23 16:14:24 | INFO     | produtos: item 1 codigo='P015' descricao='Granulado FosfatoMonoamonico11%N-52%P205-' ncm='31054000' und=None qtde=None vlr_unit='48,0000 5.907,0600' vlr_total='283.538.88'
2026-09-23 16:14:24 | INFO     | produtos: total combinado (paginas) = 1
2026-09-23 16:14:24 | INFO     | produtos: cabecalho detectado pelo criterio '1. CODIGO+CFOP+VLR UNIT'
2026-09-23 16:14:24 | INFO     | produtos: colunas mapeadas (13): ['ncm', 'bc_icms', 'valor_icms', 'codigo', 'origem_cst', 'cfop', 'unidade', 'valor_unitario', 'desconto', 'valor_total', 'valor_ipi', 'descricao', 'quantidade']
2026-09-23 16:14:24 | DEBUG    | produtos: novo item -> {'codigo': 'POIS', 'descricao': 'FosfatoMonoamonico11%N-52%P205-', 'ncm': '31054000', 'origem_cst': '6/20', 'cfop': '5102', 'unidade': 'TON', 'quantidade': '32,0000', 'valor_unitario': '5.907,0600', 'valor_total': '189.025.92', 'bc_icms': '11.114.72', 'valor_icms': '1.889.50', 'valor_ipi': '0,00|17.000.0'}
2026-09-23 16:14:24 | DEBUG    | produtos: linha de 'obs' vista; valores nao-descricao aproveitados -> {}
2026-09-23 16:14:24 | DEBUG    | produtos: linha descartada apos obs -> {'descricao': 'APLICACAOVIASOLO'}
2026-09-23 16:14:24 | DEBUG    | produtos: linha descartada apos obs -> {'descricao': 'Lotc:1MP197022-Q1dc:32.'}
2026-09-23 16:14:24 | DEBUG    | produtos: linha descartada apos obs -> {'descricao': 'Lolc(s):Reg.MAPA:PR0015695000026.'}
2026-09-23 16:14:24 | DEBUG    | produtos: linha descartada apos obs -> {'codigo': 'DADOSADICIONAIS'}
2026-09-23 16:14:24 | INFO     | produtos: 1 item(ns) extraido(s)
2026-09-23 16:14:24 | INFO     | produtos: item 1 codigo='POIS' descricao='FosfatoMonoamonico11%N-52%P205- Granulado' ncm='31054000' und='TON' qtde='32,0000' vlr_unit='5.907,0600' vlr_total='189.025.92'
2026-09-23 16:14:24 | INFO     | produtos: total combinado (paginas) = 1
2026-09-23 16:14:24 | INFO     | produtos: cabecalho detectado pelo criterio '1. CODIGO+CFOP+VLR UNIT'
2026-09-23 16:14:24 | INFO     | produtos: colunas mapeadas (14): ['aliquota', 'codigo', 'descricao', 'ncm', 'origem_cst', 'cfop', 'unidade', 'valor_unitario', 'quantidade', 'desconto', 'valor_total', 'bc_icms', 'valor_icms', 'valor_ipi']
2026-09-23 16:14:24 | DEBUG    | produtos: novo item -> {'codigo': 'P015', 'descricao': 'Granulado FosfatoMonoamonico11%N-52%P205-', 'ncm': '31054000', 'origem_cst': '6/20', 'cfop': '5102', 'unidade': 'TON', 'quantidade': '36,0000', 'valor_unitario': '5.821,0925', 'valor_total': '209.559,33', 'bc_icms': '12.322,09', 'valor_icms': '2.094,76', 'aliquota': '0,0017,000,00'}
2026-09-23 16:14:24 | INFO     | produtos: 1 item(ns) extraido(s)
2026-09-23 16:14:24 | INFO     | produtos: item 1 codigo='P015 DADOSADICIONAIS' descricao='Granulado FosfatoMonoamonico11%N-52%P205- APLICACAOVIASOLO: Obs:FERT.MINERALSIMPLES, Lote:' ncm='31054000' und='TON' qtde='36,0000' vlr_unit='5.821,0925' vlr_total='209.559,33'
2026-09-23 16:14:24 | INFO     | produtos: total combinado (paginas) = 1
2026-09-23 16:14:24 | INFO     | produtos: cabecalho detectado pelo criterio '3. CODIGO+DESCRICAO (sem CFOP no cab)'
2026-09-23 16:14:24 | INFO     | produtos: colunas mapeadas (14): ['codigo', 'descricao', 'ncm', 'origem_cst', 'cfop', 'unidade', 'quantidade', 'valor_unitario', 'desconto', 'valor_total', 'aliquota', 'bc_icms', 'valor_icms', 'valor_ipi']
2026-09-23 16:14:24 | DEBUG    | produtos: novo item -> {'codigo': 'PO15', 'descricao': 'FosfatoMonoamonico11%N-52%P205-', 'bc_icms': 'VTRIB'}
2026-09-23 16:14:24 | DEBUG    | produtos: linha de 'obs' vista; valores nao-descricao aproveitados -> {'valor_total': '215.380,40', 'bc_icms': '12.664,37', 'valor_icms': '2.152,94', 'aliquota': '0,0017,000,00'}
2026-09-23 16:14:24 | DEBUG    | produtos: linha descartada apos obs -> {'descricao': 'VIASOLO.'}
2026-09-23 16:14:24 | DEBUG    | produtos: linha descartada apos obs -> {'descricao': 'Lote:IMP197022-Qtde:37;'}
2026-09-23 16:14:24 | DEBUG    | produtos: linha descartada apos obs -> {'descricao': 'Lote(s):Reg.MAPA:PR0015695000026.'}
2026-09-23 16:14:24 | DEBUG    | produtos: linha descartada apos obs -> {'codigo': 'DADOSADICIONAIS'}
2026-09-23 16:14:24 | INFO     | produtos: 1 item(ns) extraido(s)
2026-09-23 16:14:24 | INFO     | produtos: item 1 codigo='PO15' descricao='FosfatoMonoamonico11%N-52%P205- Granulado' ncm='31054000' und='TON' qtde='37,0000' vlr_unit='5.821,0919' vlr_total='215.380,40'
2026-09-23 16:14:24 | INFO     | produtos: total combinado (paginas) = 1
2026-09-23 16:14:24 | INFO     | produtos: cabecalho detectado pelo criterio '1. CODIGO+CFOP+VLR UNIT'
2026-09-23 16:14:24 | INFO     | produtos: colunas mapeadas (13): ['ncm', 'bc_icms', 'valor_icms', 'codigo', 'origem_cst', 'cfop', 'unidade', 'valor_unitario', 'desconto', 'valor_total', 'valor_ipi', 'descricao', 'quantidade']
2026-09-23 16:14:24 | DEBUG    | produtos: novo item -> {'codigo': 'POIS', 'descricao': 'FosfatoMonoamonico11%N-52%P205-', 'ncm': '31054000', 'origem_cst': '6/20', 'cfop': '5102', 'unidade': 'TON', 'quantidade': '32,0000', 'valor_unitario': '5.907,0600', 'valor_total': '189.025.92', 'bc_icms': '11.114.72', 'valor_icms': '1.889.50', 'valor_ipi': '0,00|17.000.0'}
2026-09-23 16:14:24 | DEBUG    | produtos: linha de 'obs' vista; valores nao-descricao aproveitados -> {}
2026-09-23 16:14:24 | DEBUG    | produtos: linha descartada apos obs -> {'descricao': 'APLICACAOVIASOLO'}
2026-09-23 16:14:24 | DEBUG    | produtos: linha descartada apos obs -> {'descricao': 'Lotc:1MP197022-Q1dc:32.'}
2026-09-23 16:14:24 | DEBUG    | produtos: linha descartada apos obs -> {'descricao': 'Lolc(s):Reg.MAPA:PR0015695000026.'}
2026-09-23 16:14:24 | DEBUG    | produtos: linha descartada apos obs -> {'codigo': 'DADOSADICIONAIS'}
2026-09-23 16:14:24 | INFO     | produtos: 1 item(ns) extraido(s)
2026-09-23 16:14:24 | INFO     | produtos: item 1 codigo='POIS' descricao='FosfatoMonoamonico11%N-52%P205- Granulado' ncm='31054000' und='TON' qtde='32,0000' vlr_unit='5.907,0600' vlr_total='189.025.92'
2026-09-23 16:14:24 | INFO     | produtos: total combinado (paginas) = 1
2026-09-23 16:25:48 | INFO     | ==== PIPELINE NF_reader | pasta=C:\Users\MatheusMartinelli\OneDrive - Agrorobotica Fotonica Em Certificacoes Agroambientais\VERRA_Farmer\OS_050_Sementes Tropical\03_ENVIO_DE_DOCUMENTOS\2022
2026-09-23 16:25:48 | INFO     | pipeline | PDFs=226 OCR=True incluir_ocr_csv=False dpi=300 apenas_adicionar=True
2026-09-23 16:25:48 | INFO     | pipeline | JSON existente: C:\Users\MatheusMartinelli\OneDrive - Agrorobotica Fotonica Em Certificacoes Agroambientais\VERRA_Farmer\OS_050_Sementes Tropical\03_ENVIO_DE_DOCUMENTOS\2022\notas_fiscais.json (chaves=0)
2026-09-23 16:25:50 | INFO     | pipeline | motor OCR inicializado
2026-09-23 16:25:50 | INFO     | pipeline | [1/226] processando 01_DADOS_OPERACIONAIS\DEFENSIVOS\ALGODAO\Fungicida Campo 203.pdf
2026-09-23 16:25:50 | INFO     | 01_DADOS_OPERACIONAIS\DEFENSIVOS\ALGODAO\Fungicida Campo 203.pdf | inicio de extracao
2026-09-23 16:25:50 | INFO     | 01_DADOS_OPERACIONAIS\DEFENSIVOS\ALGODAO\Fungicida Campo 203.pdf | origem=texto itens=105
2026-09-23 16:25:50 | WARNING  | 01_DADOS_OPERACIONAIS\DEFENSIVOS\ALGODAO\Fungicida Campo 203.pdf | chave de acesso (44 digitos) NAO encontrada
2026-09-23 16:25:50 | ERROR    | pipeline | 01_DADOS_OPERACIONAIS\DEFENSIVOS\ALGODAO\Fungicida Campo 203.pdf | NAO processado -> nao foi encontrada a chave de acesso (44 digitos)
2026-09-23 16:25:50 | INFO     | pipeline | [2/226] processando 01_DADOS_OPERACIONAIS\DEFENSIVOS\ALGODAO\Fungicida Campo 204.pdf
2026-09-23 16:25:50 | INFO     | 01_DADOS_OPERACIONAIS\DEFENSIVOS\ALGODAO\Fungicida Campo 204.pdf | inicio de extracao
2026-09-23 16:25:50 | INFO     | 01_DADOS_OPERACIONAIS\DEFENSIVOS\ALGODAO\Fungicida Campo 204.pdf | origem=texto itens=105
2026-09-23 16:25:50 | WARNING  | 01_DADOS_OPERACIONAIS\DEFENSIVOS\ALGODAO\Fungicida Campo 204.pdf | chave de acesso (44 digitos) NAO encontrada
2026-09-23 16:25:50 | ERROR    | pipeline | 01_DADOS_OPERACIONAIS\DEFENSIVOS\ALGODAO\Fungicida Campo 204.pdf | NAO processado -> nao foi encontrada a chave de acesso (44 digitos)
2026-09-23 16:25:50 | INFO     | pipeline | [3/226] processando 01_DADOS_OPERACIONAIS\DEFENSIVOS\ALGODAO\Fungicida Campo 209.pdf
2026-09-23 16:25:50 | INFO     | 01_DADOS_OPERACIONAIS\DEFENSIVOS\ALGODAO\Fungicida Campo 209.pdf | inicio de extracao
2026-09-23 16:25:50 | INFO     | 01_DADOS_OPERACIONAIS\DEFENSIVOS\ALGODAO\Fungicida Campo 209.pdf | origem=texto itens=105
2026-09-23 16:25:50 | WARNING  | 01_DADOS_OPERACIONAIS\DEFENSIVOS\ALGODAO\Fungicida Campo 209.pdf | chave de acesso (44 digitos) NAO encontrada
2026-09-23 16:25:50 | ERROR    | pipeline | 01_DADOS_OPERACIONAIS\DEFENSIVOS\ALGODAO\Fungicida Campo 209.pdf | NAO processado -> nao foi encontrada a chave de acesso (44 digitos)
2026-09-23 16:25:50 | INFO     | pipeline | [4/226] processando 01_DADOS_OPERACIONAIS\DEFENSIVOS\ALGODAO\Fungicida Campo 210.pdf
2026-09-23 16:25:50 | INFO     | 01_DADOS_OPERACIONAIS\DEFENSIVOS\ALGODAO\Fungicida Campo 210.pdf | inicio de extracao
2026-09-23 16:25:50 | INFO     | 01_DADOS_OPERACIONAIS\DEFENSIVOS\ALGODAO\Fungicida Campo 210.pdf | origem=texto itens=105
2026-09-23 16:25:50 | WARNING  | 01_DADOS_OPERACIONAIS\DEFENSIVOS\ALGODAO\Fungicida Campo 210.pdf | chave de acesso (44 digitos) NAO encontrada
2026-09-23 16:25:50 | ERROR    | pipeline | 01_DADOS_OPERACIONAIS\DEFENSIVOS\ALGODAO\Fungicida Campo 210.pdf | NAO processado -> nao foi encontrada a chave de acesso (44 digitos)
2026-09-23 16:25:50 | INFO     | pipeline | [5/226] processando 01_DADOS_OPERACIONAIS\DEFENSIVOS\ALGODAO\Fungicida Campo 211.pdf
2026-09-23 16:25:50 | INFO     | 01_DADOS_OPERACIONAIS\DEFENSIVOS\ALGODAO\Fungicida Campo 211.pdf | inicio de extracao
2026-09-23 16:25:50 | INFO     | 01_DADOS_OPERACIONAIS\DEFENSIVOS\ALGODAO\Fungicida Campo 211.pdf | origem=texto itens=105
2026-09-23 16:25:50 | WARNING  | 01_DADOS_OPERACIONAIS\DEFENSIVOS\ALGODAO\Fungicida Campo 211.pdf | chave de acesso (44 digitos) NAO encontrada
2026-09-23 16:25:50 | ERROR    | pipeline | 01_DADOS_OPERACIONAIS\DEFENSIVOS\ALGODAO\Fungicida Campo 211.pdf | NAO processado -> nao foi encontrada a chave de acesso (44 digitos)
2026-09-23 16:25:50 | INFO     | pipeline | [6/226] processando 01_DADOS_OPERACIONAIS\DEFENSIVOS\ALGODAO\Fungicida Campo 301.pdf
2026-09-23 16:25:50 | INFO     | 01_DADOS_OPERACIONAIS\DEFENSIVOS\ALGODAO\Fungicida Campo 301.pdf | inicio de extracao
2026-09-23 16:25:50 | INFO     | 01_DADOS_OPERACIONAIS\DEFENSIVOS\ALGODAO\Fungicida Campo 301.pdf | origem=texto itens=104
2026-09-23 16:25:50 | WARNING  | 01_DADOS_OPERACIONAIS\DEFENSIVOS\ALGODAO\Fungicida Campo 301.pdf | chave de acesso (44 digitos) NAO encontrada
2026-09-23 16:25:50 | ERROR    | pipeline | 01_DADOS_OPERACIONAIS\DEFENSIVOS\ALGODAO\Fungicida Campo 301.pdf | NAO processado -> nao foi encontrada a chave de acesso (44 digitos)
2026-09-23 16:25:50 | INFO     | pipeline | [7/226] processando 01_DADOS_OPERACIONAIS\DEFENSIVOS\ALGODAO\Fungicida Campo 302.pdf
2026-09-23 16:25:50 | INFO     | 01_DADOS_OPERACIONAIS\DEFENSIVOS\ALGODAO\Fungicida Campo 302.pdf | inicio de extracao
2026-09-23 16:25:50 | INFO     | 01_DADOS_OPERACIONAIS\DEFENSIVOS\ALGODAO\Fungicida Campo 302.pdf | origem=texto itens=104
2026-09-23 16:25:50 | WARNING  | 01_DADOS_OPERACIONAIS\DEFENSIVOS\ALGODAO\Fungicida Campo 302.pdf | chave de acesso (44 digitos) NAO encontrada
2026-09-23 16:25:50 | ERROR    | pipeline | 01_DADOS_OPERACIONAIS\DEFENSIVOS\ALGODAO\Fungicida Campo 302.pdf | NAO processado -> nao foi encontrada a chave de acesso (44 digitos)
2026-09-23 16:25:50 | INFO     | pipeline | [8/226] processando 01_DADOS_OPERACIONAIS\DEFENSIVOS\ALGODAO\Fungicida Campo 305.pdf
2026-09-23 16:25:50 | INFO     | 01_DADOS_OPERACIONAIS\DEFENSIVOS\ALGODAO\Fungicida Campo 305.pdf | inicio de extracao
2026-09-23 16:25:50 | INFO     | 01_DADOS_OPERACIONAIS\DEFENSIVOS\ALGODAO\Fungicida Campo 305.pdf | origem=texto itens=104
2026-09-23 16:25:50 | WARNING  | 01_DADOS_OPERACIONAIS\DEFENSIVOS\ALGODAO\Fungicida Campo 305.pdf | chave de acesso (44 digitos) NAO encontrada
2026-09-23 16:25:50 | ERROR    | pipeline | 01_DADOS_OPERACIONAIS\DEFENSIVOS\ALGODAO\Fungicida Campo 305.pdf | NAO processado -> nao foi encontrada a chave de acesso (44 digitos)
2026-09-23 16:25:50 | INFO     | pipeline | [9/226] processando 01_DADOS_OPERACIONAIS\DEFENSIVOS\ALGODAO\Fungicida Campo Pivo 01.pdf
2026-09-23 16:25:50 | INFO     | 01_DADOS_OPERACIONAIS\DEFENSIVOS\ALGODAO\Fungicida Campo Pivo 01.pdf | inicio de extracao
2026-09-23 16:25:50 | INFO     | 01_DADOS_OPERACIONAIS\DEFENSIVOS\ALGODAO\Fungicida Campo Pivo 01.pdf | origem=texto itens=95
2026-09-23 16:25:50 | WARNING  | 01_DADOS_OPERACIONAIS\DEFENSIVOS\ALGODAO\Fungicida Campo Pivo 01.pdf | chave de acesso (44 digitos) NAO encontrada
2026-09-23 16:25:50 | ERROR    | pipeline | 01_DADOS_OPERACIONAIS\DEFENSIVOS\ALGODAO\Fungicida Campo Pivo 01.pdf | NAO processado -> nao foi encontrada a chave de acesso (44 digitos)
2026-09-23 16:25:50 | INFO     | pipeline | [10/226] processando 01_DADOS_OPERACIONAIS\DEFENSIVOS\ALGODAO\Fungicida Campo Pivo 02.pdf
2026-09-23 16:25:50 | INFO     | 01_DADOS_OPERACIONAIS\DEFENSIVOS\ALGODAO\Fungicida Campo Pivo 02.pdf | inicio de extracao
2026-09-23 16:25:50 | INFO     | 01_DADOS_OPERACIONAIS\DEFENSIVOS\ALGODAO\Fungicida Campo Pivo 02.pdf | origem=texto itens=96
2026-09-23 16:25:50 | WARNING  | 01_DADOS_OPERACIONAIS\DEFENSIVOS\ALGODAO\Fungicida Campo Pivo 02.pdf | chave de acesso (44 digitos) NAO encontrada
2026-09-23 16:25:50 | ERROR    | pipeline | 01_DADOS_OPERACIONAIS\DEFENSIVOS\ALGODAO\Fungicida Campo Pivo 02.pdf | NAO processado -> nao foi encontrada a chave de acesso (44 digitos)
2026-09-23 16:25:50 | INFO     | pipeline | [11/226] processando 01_DADOS_OPERACIONAIS\DEFENSIVOS\ALGODAO\Herbicida Campo 203.pdf
2026-09-23 16:25:50 | INFO     | 01_DADOS_OPERACIONAIS\DEFENSIVOS\ALGODAO\Herbicida Campo 203.pdf | inicio de extracao
2026-09-23 16:25:50 | INFO     | 01_DADOS_OPERACIONAIS\DEFENSIVOS\ALGODAO\Herbicida Campo 203.pdf | origem=texto itens=115
2026-09-23 16:25:50 | WARNING  | 01_DADOS_OPERACIONAIS\DEFENSIVOS\ALGODAO\Herbicida Campo 203.pdf | chave de acesso (44 digitos) NAO encontrada
2026-09-23 16:25:50 | ERROR    | pipeline | 01_DADOS_OPERACIONAIS\DEFENSIVOS\ALGODAO\Herbicida Campo 203.pdf | NAO processado -> nao foi encontrada a chave de acesso (44 digitos)
2026-09-23 16:25:50 | INFO     | pipeline | [12/226] processando 01_DADOS_OPERACIONAIS\DEFENSIVOS\ALGODAO\Herbicida Campo 204.pdf
2026-09-23 16:25:50 | INFO     | 01_DADOS_OPERACIONAIS\DEFENSIVOS\ALGODAO\Herbicida Campo 204.pdf | inicio de extracao
2026-09-23 16:25:50 | INFO     | 01_DADOS_OPERACIONAIS\DEFENSIVOS\ALGODAO\Herbicida Campo 204.pdf | origem=texto itens=115
2026-09-23 16:25:50 | WARNING  | 01_DADOS_OPERACIONAIS\DEFENSIVOS\ALGODAO\Herbicida Campo 204.pdf | chave de acesso (44 digitos) NAO encontrada
2026-09-23 16:25:50 | ERROR    | pipeline | 01_DADOS_OPERACIONAIS\DEFENSIVOS\ALGODAO\Herbicida Campo 204.pdf | NAO processado -> nao foi encontrada a chave de acesso (44 digitos)
2026-09-23 16:25:50 | INFO     | pipeline | [13/226] processando 01_DADOS_OPERACIONAIS\DEFENSIVOS\ALGODAO\Herbicida Campo 209.pdf
2026-09-23 16:25:50 | INFO     | 01_DADOS_OPERACIONAIS\DEFENSIVOS\ALGODAO\Herbicida Campo 209.pdf | inicio de extracao
2026-09-23 16:25:50 | INFO     | 01_DADOS_OPERACIONAIS\DEFENSIVOS\ALGODAO\Herbicida Campo 209.pdf | origem=texto itens=115
2026-09-23 16:25:50 | WARNING  | 01_DADOS_OPERACIONAIS\DEFENSIVOS\ALGODAO\Herbicida Campo 209.pdf | chave de acesso (44 digitos) NAO encontrada
2026-09-23 16:25:50 | ERROR    | pipeline | 01_DADOS_OPERACIONAIS\DEFENSIVOS\ALGODAO\Herbicida Campo 209.pdf | NAO processado -> nao foi encontrada a chave de acesso (44 digitos)
2026-09-23 16:25:50 | INFO     | pipeline | [14/226] processando 01_DADOS_OPERACIONAIS\DEFENSIVOS\ALGODAO\Herbicida Campo 210.pdf
2026-09-23 16:25:50 | INFO     | 01_DADOS_OPERACIONAIS\DEFENSIVOS\ALGODAO\Herbicida Campo 210.pdf | inicio de extracao
2026-09-23 16:25:50 | INFO     | 01_DADOS_OPERACIONAIS\DEFENSIVOS\ALGODAO\Herbicida Campo 210.pdf | origem=texto itens=115
2026-09-23 16:25:50 | WARNING  | 01_DADOS_OPERACIONAIS\DEFENSIVOS\ALGODAO\Herbicida Campo 210.pdf | chave de acesso (44 digitos) NAO encontrada
2026-09-23 16:25:50 | ERROR    | pipeline | 01_DADOS_OPERACIONAIS\DEFENSIVOS\ALGODAO\Herbicida Campo 210.pdf | NAO processado -> nao foi encontrada a chave de acesso (44 digitos)
2026-09-23 16:25:50 | INFO     | pipeline | [15/226] processando 01_DADOS_OPERACIONAIS\DEFENSIVOS\ALGODAO\Herbicida Campo 211.pdf
2026-09-23 16:25:50 | INFO     | 01_DADOS_OPERACIONAIS\DEFENSIVOS\ALGODAO\Herbicida Campo 211.pdf | inicio de extracao
2026-09-23 16:25:50 | INFO     | 01_DADOS_OPERACIONAIS\DEFENSIVOS\ALGODAO\Herbicida Campo 211.pdf | origem=texto itens=124
2026-09-23 16:25:50 | WARNING  | 01_DADOS_OPERACIONAIS\DEFENSIVOS\ALGODAO\Herbicida Campo 211.pdf | chave de acesso (44 digitos) NAO encontrada
2026-09-23 16:25:50 | ERROR    | pipeline | 01_DADOS_OPERACIONAIS\DEFENSIVOS\ALGODAO\Herbicida Campo 211.pdf | NAO processado -> nao foi encontrada a chave de acesso (44 digitos)
2026-09-23 16:25:50 | INFO     | pipeline | [16/226] processando 01_DADOS_OPERACIONAIS\DEFENSIVOS\ALGODAO\Herbicida Campo 301.pdf
2026-09-23 16:25:50 | INFO     | 01_DADOS_OPERACIONAIS\DEFENSIVOS\ALGODAO\Herbicida Campo 301.pdf | inicio de extracao
2026-09-23 16:25:50 | INFO     | 01_DADOS_OPERACIONAIS\DEFENSIVOS\ALGODAO\Herbicida Campo 301.pdf | origem=texto itens=117
2026-09-23 16:25:50 | WARNING  | 01_DADOS_OPERACIONAIS\DEFENSIVOS\ALGODAO\Herbicida Campo 301.pdf | chave de acesso (44 digitos) NAO encontrada
2026-09-23 16:25:50 | ERROR    | pipeline | 01_DADOS_OPERACIONAIS\DEFENSIVOS\ALGODAO\Herbicida Campo 301.pdf | NAO processado -> nao foi encontrada a chave de acesso (44 digitos)
2026-09-23 16:25:50 | INFO     | pipeline | [17/226] processando 01_DADOS_OPERACIONAIS\DEFENSIVOS\ALGODAO\Herbicida Campo 302.pdf
2026-09-23 16:25:50 | INFO     | 01_DADOS_OPERACIONAIS\DEFENSIVOS\ALGODAO\Herbicida Campo 302.pdf | inicio de extracao
2026-09-23 16:25:50 | INFO     | 01_DADOS_OPERACIONAIS\DEFENSIVOS\ALGODAO\Herbicida Campo 302.pdf | origem=texto itens=116
2026-09-23 16:25:50 | WARNING  | 01_DADOS_OPERACIONAIS\DEFENSIVOS\ALGODAO\Herbicida Campo 302.pdf | chave de acesso (44 digitos) NAO encontrada
2026-09-23 16:25:50 | ERROR    | pipeline | 01_DADOS_OPERACIONAIS\DEFENSIVOS\ALGODAO\Herbicida Campo 302.pdf | NAO processado -> nao foi encontrada a chave de acesso (44 digitos)
2026-09-23 16:25:50 | INFO     | pipeline | [18/226] processando 01_DADOS_OPERACIONAIS\DEFENSIVOS\ALGODAO\Herbicida Campo 305.pdf
2026-09-23 16:25:50 | INFO     | 01_DADOS_OPERACIONAIS\DEFENSIVOS\ALGODAO\Herbicida Campo 305.pdf | inicio de extracao
2026-09-23 16:25:50 | INFO     | 01_DADOS_OPERACIONAIS\DEFENSIVOS\ALGODAO\Herbicida Campo 305.pdf | origem=texto itens=116
2026-09-23 16:25:50 | WARNING  | 01_DADOS_OPERACIONAIS\DEFENSIVOS\ALGODAO\Herbicida Campo 305.pdf | chave de acesso (44 digitos) NAO encontrada
2026-09-23 16:25:50 | ERROR    | pipeline | 01_DADOS_OPERACIONAIS\DEFENSIVOS\ALGODAO\Herbicida Campo 305.pdf | NAO processado -> nao foi encontrada a chave de acesso (44 digitos)
2026-09-23 16:25:50 | INFO     | pipeline | [19/226] processando 01_DADOS_OPERACIONAIS\DEFENSIVOS\ALGODAO\Herbicida Campo Pivo 01.pdf
2026-09-23 16:25:50 | INFO     | 01_DADOS_OPERACIONAIS\DEFENSIVOS\ALGODAO\Herbicida Campo Pivo 01.pdf | inicio de extracao
2026-09-23 16:25:50 | INFO     | 01_DADOS_OPERACIONAIS\DEFENSIVOS\ALGODAO\Herbicida Campo Pivo 01.pdf | origem=texto itens=105
2026-09-23 16:25:50 | WARNING  | 01_DADOS_OPERACIONAIS\DEFENSIVOS\ALGODAO\Herbicida Campo Pivo 01.pdf | chave de acesso (44 digitos) NAO encontrada
2026-09-23 16:25:50 | ERROR    | pipeline | 01_DADOS_OPERACIONAIS\DEFENSIVOS\ALGODAO\Herbicida Campo Pivo 01.pdf | NAO processado -> nao foi encontrada a chave de acesso (44 digitos)
2026-09-23 16:25:50 | INFO     | pipeline | [20/226] processando 01_DADOS_OPERACIONAIS\DEFENSIVOS\ALGODAO\Herbicida Campo Pivo 02.pdf
2026-09-23 16:25:50 | INFO     | 01_DADOS_OPERACIONAIS\DEFENSIVOS\ALGODAO\Herbicida Campo Pivo 02.pdf | inicio de extracao
2026-09-23 16:25:50 | INFO     | 01_DADOS_OPERACIONAIS\DEFENSIVOS\ALGODAO\Herbicida Campo Pivo 02.pdf | origem=texto itens=106
2026-09-23 16:25:50 | WARNING  | 01_DADOS_OPERACIONAIS\DEFENSIVOS\ALGODAO\Herbicida Campo Pivo 02.pdf | chave de acesso (44 digitos) NAO encontrada
2026-09-23 16:25:50 | ERROR    | pipeline | 01_DADOS_OPERACIONAIS\DEFENSIVOS\ALGODAO\Herbicida Campo Pivo 02.pdf | NAO processado -> nao foi encontrada a chave de acesso (44 digitos)
2026-09-23 16:25:50 | INFO     | pipeline | [21/226] processando 01_DADOS_OPERACIONAIS\DEFENSIVOS\ALGODAO\Inseticida Campo 203.pdf
2026-09-23 16:25:50 | INFO     | 01_DADOS_OPERACIONAIS\DEFENSIVOS\ALGODAO\Inseticida Campo 203.pdf | inicio de extracao
2026-09-23 16:25:50 | INFO     | 01_DADOS_OPERACIONAIS\DEFENSIVOS\ALGODAO\Inseticida Campo 203.pdf | origem=texto itens=114
2026-09-23 16:25:50 | WARNING  | 01_DADOS_OPERACIONAIS\DEFENSIVOS\ALGODAO\Inseticida Campo 203.pdf | chave de acesso (44 digitos) NAO encontrada
2026-09-23 16:25:50 | ERROR    | pipeline | 01_DADOS_OPERACIONAIS\DEFENSIVOS\ALGODAO\Inseticida Campo 203.pdf | NAO processado -> nao foi encontrada a chave de acesso (44 digitos)
2026-09-23 16:25:50 | INFO     | pipeline | [22/226] processando 01_DADOS_OPERACIONAIS\DEFENSIVOS\ALGODAO\Inseticida Campo 204.pdf
2026-09-23 16:25:50 | INFO     | 01_DADOS_OPERACIONAIS\DEFENSIVOS\ALGODAO\Inseticida Campo 204.pdf | inicio de extracao
2026-09-23 16:25:50 | INFO     | 01_DADOS_OPERACIONAIS\DEFENSIVOS\ALGODAO\Inseticida Campo 204.pdf | origem=texto itens=114
2026-09-23 16:25:50 | WARNING  | 01_DADOS_OPERACIONAIS\DEFENSIVOS\ALGODAO\Inseticida Campo 204.pdf | chave de acesso (44 digitos) NAO encontrada
2026-09-23 16:25:50 | ERROR    | pipeline | 01_DADOS_OPERACIONAIS\DEFENSIVOS\ALGODAO\Inseticida Campo 204.pdf | NAO processado -> nao foi encontrada a chave de acesso (44 digitos)
2026-09-23 16:25:50 | INFO     | pipeline | [23/226] processando 01_DADOS_OPERACIONAIS\DEFENSIVOS\ALGODAO\Inseticida Campo 209.pdf
2026-09-23 16:25:50 | INFO     | 01_DADOS_OPERACIONAIS\DEFENSIVOS\ALGODAO\Inseticida Campo 209.pdf | inicio de extracao
2026-09-23 16:25:50 | INFO     | 01_DADOS_OPERACIONAIS\DEFENSIVOS\ALGODAO\Inseticida Campo 209.pdf | origem=texto itens=122
2026-09-23 16:25:50 | WARNING  | 01_DADOS_OPERACIONAIS\DEFENSIVOS\ALGODAO\Inseticida Campo 209.pdf | chave de acesso (44 digitos) NAO encontrada
2026-09-23 16:25:50 | ERROR    | pipeline | 01_DADOS_OPERACIONAIS\DEFENSIVOS\ALGODAO\Inseticida Campo 209.pdf | NAO processado -> nao foi encontrada a chave de acesso (44 digitos)
2026-09-23 16:25:50 | INFO     | pipeline | [24/226] processando 01_DADOS_OPERACIONAIS\DEFENSIVOS\ALGODAO\Inseticida Campo 210.pdf
2026-09-23 16:25:50 | INFO     | 01_DADOS_OPERACIONAIS\DEFENSIVOS\ALGODAO\Inseticida Campo 210.pdf | inicio de extracao
2026-09-23 16:25:50 | INFO     | 01_DADOS_OPERACIONAIS\DEFENSIVOS\ALGODAO\Inseticida Campo 210.pdf | origem=texto itens=122
2026-09-23 16:25:50 | WARNING  | 01_DADOS_OPERACIONAIS\DEFENSIVOS\ALGODAO\Inseticida Campo 210.pdf | chave de acesso (44 digitos) NAO encontrada
2026-09-23 16:25:50 | ERROR    | pipeline | 01_DADOS_OPERACIONAIS\DEFENSIVOS\ALGODAO\Inseticida Campo 210.pdf | NAO processado -> nao foi encontrada a chave de acesso (44 digitos)
2026-09-23 16:25:50 | INFO     | pipeline | [25/226] processando 01_DADOS_OPERACIONAIS\DEFENSIVOS\ALGODAO\Inseticida Campo 211.pdf
2026-09-23 16:25:50 | INFO     | 01_DADOS_OPERACIONAIS\DEFENSIVOS\ALGODAO\Inseticida Campo 211.pdf | inicio de extracao
2026-09-23 16:25:50 | INFO     | 01_DADOS_OPERACIONAIS\DEFENSIVOS\ALGODAO\Inseticida Campo 211.pdf | origem=texto itens=114
2026-09-23 16:25:50 | WARNING  | 01_DADOS_OPERACIONAIS\DEFENSIVOS\ALGODAO\Inseticida Campo 211.pdf | chave de acesso (44 digitos) NAO encontrada
2026-09-23 16:25:50 | ERROR    | pipeline | 01_DADOS_OPERACIONAIS\DEFENSIVOS\ALGODAO\Inseticida Campo 211.pdf | NAO processado -> nao foi encontrada a chave de acesso (44 digitos)
2026-09-23 16:25:50 | INFO     | pipeline | [26/226] processando 01_DADOS_OPERACIONAIS\DEFENSIVOS\ALGODAO\Inseticida Campo 301.pdf
2026-09-23 16:25:50 | INFO     | 01_DADOS_OPERACIONAIS\DEFENSIVOS\ALGODAO\Inseticida Campo 301.pdf | inicio de extracao
2026-09-23 16:25:50 | INFO     | 01_DADOS_OPERACIONAIS\DEFENSIVOS\ALGODAO\Inseticida Campo 301.pdf | origem=texto itens=122
2026-09-23 16:25:50 | WARNING  | 01_DADOS_OPERACIONAIS\DEFENSIVOS\ALGODAO\Inseticida Campo 301.pdf | chave de acesso (44 digitos) NAO encontrada
2026-09-23 16:25:50 | ERROR    | pipeline | 01_DADOS_OPERACIONAIS\DEFENSIVOS\ALGODAO\Inseticida Campo 301.pdf | NAO processado -> nao foi encontrada a chave de acesso (44 digitos)
2026-09-23 16:25:50 | INFO     | pipeline | [27/226] processando 01_DADOS_OPERACIONAIS\DEFENSIVOS\ALGODAO\Inseticida Campo 302.pdf
2026-09-23 16:25:50 | INFO     | 01_DADOS_OPERACIONAIS\DEFENSIVOS\ALGODAO\Inseticida Campo 302.pdf | inicio de extracao
2026-09-23 16:25:50 | INFO     | 01_DADOS_OPERACIONAIS\DEFENSIVOS\ALGODAO\Inseticida Campo 302.pdf | origem=texto itens=113
2026-09-23 16:25:50 | WARNING  | 01_DADOS_OPERACIONAIS\DEFENSIVOS\ALGODAO\Inseticida Campo 302.pdf | chave de acesso (44 digitos) NAO encontrada
2026-09-23 16:25:50 | ERROR    | pipeline | 01_DADOS_OPERACIONAIS\DEFENSIVOS\ALGODAO\Inseticida Campo 302.pdf | NAO processado -> nao foi encontrada a chave de acesso (44 digitos)
2026-09-23 16:25:50 | INFO     | pipeline | [28/226] processando 01_DADOS_OPERACIONAIS\DEFENSIVOS\ALGODAO\Inseticida Campo 305.pdf
2026-09-23 16:25:50 | INFO     | 01_DADOS_OPERACIONAIS\DEFENSIVOS\ALGODAO\Inseticida Campo 305.pdf | inicio de extracao
2026-09-23 16:25:50 | INFO     | 01_DADOS_OPERACIONAIS\DEFENSIVOS\ALGODAO\Inseticida Campo 305.pdf | origem=texto itens=113
2026-09-23 16:25:50 | WARNING  | 01_DADOS_OPERACIONAIS\DEFENSIVOS\ALGODAO\Inseticida Campo 305.pdf | chave de acesso (44 digitos) NAO encontrada
2026-09-23 16:25:50 | ERROR    | pipeline | 01_DADOS_OPERACIONAIS\DEFENSIVOS\ALGODAO\Inseticida Campo 305.pdf | NAO processado -> nao foi encontrada a chave de acesso (44 digitos)
2026-09-23 16:25:50 | INFO     | pipeline | [29/226] processando 01_DADOS_OPERACIONAIS\DEFENSIVOS\ALGODAO\Inseticida Campo Pivo 01.pdf
2026-09-23 16:25:50 | INFO     | 01_DADOS_OPERACIONAIS\DEFENSIVOS\ALGODAO\Inseticida Campo Pivo 01.pdf | inicio de extracao
2026-09-23 16:25:50 | INFO     | 01_DADOS_OPERACIONAIS\DEFENSIVOS\ALGODAO\Inseticida Campo Pivo 01.pdf | origem=texto itens=140
2026-09-23 16:25:50 | WARNING  | 01_DADOS_OPERACIONAIS\DEFENSIVOS\ALGODAO\Inseticida Campo Pivo 01.pdf | chave de acesso (44 digitos) NAO encontrada
2026-09-23 16:25:50 | ERROR    | pipeline | 01_DADOS_OPERACIONAIS\DEFENSIVOS\ALGODAO\Inseticida Campo Pivo 01.pdf | NAO processado -> nao foi encontrada a chave de acesso (44 digitos)
2026-09-23 16:25:50 | INFO     | pipeline | [30/226] processando 01_DADOS_OPERACIONAIS\DEFENSIVOS\ALGODAO\Inseticida Campo Pivo 02.pdf
2026-09-23 16:25:50 | INFO     | 01_DADOS_OPERACIONAIS\DEFENSIVOS\ALGODAO\Inseticida Campo Pivo 02.pdf | inicio de extracao
2026-09-23 16:25:50 | INFO     | 01_DADOS_OPERACIONAIS\DEFENSIVOS\ALGODAO\Inseticida Campo Pivo 02.pdf | origem=texto itens=160
2026-09-23 16:25:50 | WARNING  | 01_DADOS_OPERACIONAIS\DEFENSIVOS\ALGODAO\Inseticida Campo Pivo 02.pdf | chave de acesso (44 digitos) NAO encontrada
2026-09-23 16:25:50 | ERROR    | pipeline | 01_DADOS_OPERACIONAIS\DEFENSIVOS\ALGODAO\Inseticida Campo Pivo 02.pdf | NAO processado -> nao foi encontrada a chave de acesso (44 digitos)
2026-09-23 16:25:50 | INFO     | pipeline | [31/226] processando 01_DADOS_OPERACIONAIS\DEFENSIVOS\MILHO\Fungicida Campo 102.pdf
2026-09-23 16:25:50 | INFO     | 01_DADOS_OPERACIONAIS\DEFENSIVOS\MILHO\Fungicida Campo 102.pdf | inicio de extracao
2026-09-23 16:25:50 | INFO     | 01_DADOS_OPERACIONAIS\DEFENSIVOS\MILHO\Fungicida Campo 102.pdf | origem=texto itens=96
2026-09-23 16:25:50 | WARNING  | 01_DADOS_OPERACIONAIS\DEFENSIVOS\MILHO\Fungicida Campo 102.pdf | chave de acesso (44 digitos) NAO encontrada
2026-09-23 16:25:50 | ERROR    | pipeline | 01_DADOS_OPERACIONAIS\DEFENSIVOS\MILHO\Fungicida Campo 102.pdf | NAO processado -> nao foi encontrada a chave de acesso (44 digitos)
2026-09-23 16:25:50 | INFO     | pipeline | [32/226] processando 01_DADOS_OPERACIONAIS\DEFENSIVOS\MILHO\Fungicida Campo 103.pdf
2026-09-23 16:25:50 | INFO     | 01_DADOS_OPERACIONAIS\DEFENSIVOS\MILHO\Fungicida Campo 103.pdf | inicio de extracao
2026-09-23 16:25:50 | INFO     | 01_DADOS_OPERACIONAIS\DEFENSIVOS\MILHO\Fungicida Campo 103.pdf | origem=texto itens=96
2026-09-23 16:25:50 | WARNING  | 01_DADOS_OPERACIONAIS\DEFENSIVOS\MILHO\Fungicida Campo 103.pdf | chave de acesso (44 digitos) NAO encontrada
2026-09-23 16:25:50 | ERROR    | pipeline | 01_DADOS_OPERACIONAIS\DEFENSIVOS\MILHO\Fungicida Campo 103.pdf | NAO processado -> nao foi encontrada a chave de acesso (44 digitos)
2026-09-23 16:25:50 | INFO     | pipeline | [33/226] processando 01_DADOS_OPERACIONAIS\DEFENSIVOS\MILHO\Fungicida Campo 104.pdf
2026-09-23 16:25:50 | INFO     | 01_DADOS_OPERACIONAIS\DEFENSIVOS\MILHO\Fungicida Campo 104.pdf | inicio de extracao
2026-09-23 16:25:50 | INFO     | 01_DADOS_OPERACIONAIS\DEFENSIVOS\MILHO\Fungicida Campo 104.pdf | origem=texto itens=96
2026-09-23 16:25:50 | WARNING  | 01_DADOS_OPERACIONAIS\DEFENSIVOS\MILHO\Fungicida Campo 104.pdf | chave de acesso (44 digitos) NAO encontrada
2026-09-23 16:25:50 | ERROR    | pipeline | 01_DADOS_OPERACIONAIS\DEFENSIVOS\MILHO\Fungicida Campo 104.pdf | NAO processado -> nao foi encontrada a chave de acesso (44 digitos)
2026-09-23 16:25:50 | INFO     | pipeline | [34/226] processando 01_DADOS_OPERACIONAIS\DEFENSIVOS\MILHO\Fungicida Campo 105.pdf
2026-09-23 16:25:50 | INFO     | 01_DADOS_OPERACIONAIS\DEFENSIVOS\MILHO\Fungicida Campo 105.pdf | inicio de extracao
2026-09-23 16:25:50 | INFO     | 01_DADOS_OPERACIONAIS\DEFENSIVOS\MILHO\Fungicida Campo 105.pdf | origem=texto itens=96
2026-09-23 16:25:50 | WARNING  | 01_DADOS_OPERACIONAIS\DEFENSIVOS\MILHO\Fungicida Campo 105.pdf | chave de acesso (44 digitos) NAO encontrada
2026-09-23 16:25:50 | ERROR    | pipeline | 01_DADOS_OPERACIONAIS\DEFENSIVOS\MILHO\Fungicida Campo 105.pdf | NAO processado -> nao foi encontrada a chave de acesso (44 digitos)
2026-09-23 16:25:50 | INFO     | pipeline | [35/226] processando 01_DADOS_OPERACIONAIS\DEFENSIVOS\MILHO\Fungicida Campo 106.pdf
2026-09-23 16:25:50 | INFO     | 01_DADOS_OPERACIONAIS\DEFENSIVOS\MILHO\Fungicida Campo 106.pdf | inicio de extracao
2026-09-23 16:25:50 | INFO     | 01_DADOS_OPERACIONAIS\DEFENSIVOS\MILHO\Fungicida Campo 106.pdf | origem=texto itens=105
2026-09-23 16:25:50 | WARNING  | 01_DADOS_OPERACIONAIS\DEFENSIVOS\MILHO\Fungicida Campo 106.pdf | chave de acesso (44 digitos) NAO encontrada
2026-09-23 16:25:50 | ERROR    | pipeline | 01_DADOS_OPERACIONAIS\DEFENSIVOS\MILHO\Fungicida Campo 106.pdf | NAO processado -> nao foi encontrada a chave de acesso (44 digitos)
2026-09-23 16:25:50 | INFO     | pipeline | [36/226] processando 01_DADOS_OPERACIONAIS\DEFENSIVOS\MILHO\Fungicida Campo 107.pdf
2026-09-23 16:25:50 | INFO     | 01_DADOS_OPERACIONAIS\DEFENSIVOS\MILHO\Fungicida Campo 107.pdf | inicio de extracao
2026-09-23 16:25:50 | INFO     | 01_DADOS_OPERACIONAIS\DEFENSIVOS\MILHO\Fungicida Campo 107.pdf | origem=texto itens=96
2026-09-23 16:25:50 | WARNING  | 01_DADOS_OPERACIONAIS\DEFENSIVOS\MILHO\Fungicida Campo 107.pdf | chave de acesso (44 digitos) NAO encontrada
2026-09-23 16:25:50 | ERROR    | pipeline | 01_DADOS_OPERACIONAIS\DEFENSIVOS\MILHO\Fungicida Campo 107.pdf | NAO processado -> nao foi encontrada a chave de acesso (44 digitos)
2026-09-23 16:25:50 | INFO     | pipeline | [37/226] processando 01_DADOS_OPERACIONAIS\DEFENSIVOS\MILHO\Fungicida Campo 108.pdf
2026-09-23 16:25:50 | INFO     | 01_DADOS_OPERACIONAIS\DEFENSIVOS\MILHO\Fungicida Campo 108.pdf | inicio de extracao
2026-09-23 16:25:50 | INFO     | 01_DADOS_OPERACIONAIS\DEFENSIVOS\MILHO\Fungicida Campo 108.pdf | origem=texto itens=96
2026-09-23 16:25:50 | WARNING  | 01_DADOS_OPERACIONAIS\DEFENSIVOS\MILHO\Fungicida Campo 108.pdf | chave de acesso (44 digitos) NAO encontrada
2026-09-23 16:25:50 | ERROR    | pipeline | 01_DADOS_OPERACIONAIS\DEFENSIVOS\MILHO\Fungicida Campo 108.pdf | NAO processado -> nao foi encontrada a chave de acesso (44 digitos)
2026-09-23 16:25:50 | INFO     | pipeline | [38/226] processando 01_DADOS_OPERACIONAIS\DEFENSIVOS\MILHO\Fungicida Campo 109.pdf
2026-09-23 16:25:50 | INFO     | 01_DADOS_OPERACIONAIS\DEFENSIVOS\MILHO\Fungicida Campo 109.pdf | inicio de extracao
2026-09-23 16:25:51 | INFO     | 01_DADOS_OPERACIONAIS\DEFENSIVOS\MILHO\Fungicida Campo 109.pdf | origem=texto itens=107
2026-09-23 16:25:51 | WARNING  | 01_DADOS_OPERACIONAIS\DEFENSIVOS\MILHO\Fungicida Campo 109.pdf | chave de acesso (44 digitos) NAO encontrada
2026-09-23 16:25:51 | ERROR    | pipeline | 01_DADOS_OPERACIONAIS\DEFENSIVOS\MILHO\Fungicida Campo 109.pdf | NAO processado -> nao foi encontrada a chave de acesso (44 digitos)
2026-09-23 16:25:51 | INFO     | pipeline | [39/226] processando 01_DADOS_OPERACIONAIS\DEFENSIVOS\MILHO\Fungicida Campo 110.pdf
2026-09-23 16:25:51 | INFO     | 01_DADOS_OPERACIONAIS\DEFENSIVOS\MILHO\Fungicida Campo 110.pdf | inicio de extracao
2026-09-23 16:25:51 | INFO     | 01_DADOS_OPERACIONAIS\DEFENSIVOS\MILHO\Fungicida Campo 110.pdf | origem=texto itens=96
2026-09-23 16:25:51 | WARNING  | 01_DADOS_OPERACIONAIS\DEFENSIVOS\MILHO\Fungicida Campo 110.pdf | chave de acesso (44 digitos) NAO encontrada
2026-09-23 16:25:51 | ERROR    | pipeline | 01_DADOS_OPERACIONAIS\DEFENSIVOS\MILHO\Fungicida Campo 110.pdf | NAO processado -> nao foi encontrada a chave de acesso (44 digitos)
2026-09-23 16:25:51 | INFO     | pipeline | [40/226] processando 01_DADOS_OPERACIONAIS\DEFENSIVOS\MILHO\Fungicida Campo 201.pdf
2026-09-23 16:25:51 | INFO     | 01_DADOS_OPERACIONAIS\DEFENSIVOS\MILHO\Fungicida Campo 201.pdf | inicio de extracao
2026-09-23 16:25:51 | INFO     | 01_DADOS_OPERACIONAIS\DEFENSIVOS\MILHO\Fungicida Campo 201.pdf | origem=texto itens=96
2026-09-23 16:25:51 | WARNING  | 01_DADOS_OPERACIONAIS\DEFENSIVOS\MILHO\Fungicida Campo 201.pdf | chave de acesso (44 digitos) NAO encontrada
2026-09-23 16:25:51 | ERROR    | pipeline | 01_DADOS_OPERACIONAIS\DEFENSIVOS\MILHO\Fungicida Campo 201.pdf | NAO processado -> nao foi encontrada a chave de acesso (44 digitos)
2026-09-23 16:25:51 | INFO     | pipeline | [41/226] processando 01_DADOS_OPERACIONAIS\DEFENSIVOS\MILHO\Fungicida Campo 202.pdf
2026-09-23 16:25:51 | INFO     | 01_DADOS_OPERACIONAIS\DEFENSIVOS\MILHO\Fungicida Campo 202.pdf | inicio de extracao
2026-09-23 16:25:51 | INFO     | 01_DADOS_OPERACIONAIS\DEFENSIVOS\MILHO\Fungicida Campo 202.pdf | origem=texto itens=96
2026-09-23 16:25:51 | WARNING  | 01_DADOS_OPERACIONAIS\DEFENSIVOS\MILHO\Fungicida Campo 202.pdf | chave de acesso (44 digitos) NAO encontrada
2026-09-23 16:25:51 | ERROR    | pipeline | 01_DADOS_OPERACIONAIS\DEFENSIVOS\MILHO\Fungicida Campo 202.pdf | NAO processado -> nao foi encontrada a chave de acesso (44 digitos)
2026-09-23 16:25:51 | INFO     | pipeline | [42/226] processando 01_DADOS_OPERACIONAIS\DEFENSIVOS\MILHO\Fungicida Campo 205.pdf
2026-09-23 16:25:51 | INFO     | 01_DADOS_OPERACIONAIS\DEFENSIVOS\MILHO\Fungicida Campo 205.pdf | inicio de extracao
2026-09-23 16:25:51 | INFO     | 01_DADOS_OPERACIONAIS\DEFENSIVOS\MILHO\Fungicida Campo 205.pdf | origem=texto itens=96
2026-09-23 16:25:51 | WARNING  | 01_DADOS_OPERACIONAIS\DEFENSIVOS\MILHO\Fungicida Campo 205.pdf | chave de acesso (44 digitos) NAO encontrada
2026-09-23 16:25:51 | ERROR    | pipeline | 01_DADOS_OPERACIONAIS\DEFENSIVOS\MILHO\Fungicida Campo 205.pdf | NAO processado -> nao foi encontrada a chave de acesso (44 digitos)
2026-09-23 16:25:51 | INFO     | pipeline | [43/226] processando 01_DADOS_OPERACIONAIS\DEFENSIVOS\MILHO\Fungicida Campo 206.pdf
2026-09-23 16:25:51 | INFO     | 01_DADOS_OPERACIONAIS\DEFENSIVOS\MILHO\Fungicida Campo 206.pdf | inicio de extracao
2026-09-23 16:25:51 | INFO     | 01_DADOS_OPERACIONAIS\DEFENSIVOS\MILHO\Fungicida Campo 206.pdf | origem=texto itens=96
2026-09-23 16:25:51 | WARNING  | 01_DADOS_OPERACIONAIS\DEFENSIVOS\MILHO\Fungicida Campo 206.pdf | chave de acesso (44 digitos) NAO encontrada
2026-09-23 16:25:51 | ERROR    | pipeline | 01_DADOS_OPERACIONAIS\DEFENSIVOS\MILHO\Fungicida Campo 206.pdf | NAO processado -> nao foi encontrada a chave de acesso (44 digitos)
2026-09-23 16:25:51 | INFO     | pipeline | [44/226] processando 01_DADOS_OPERACIONAIS\DEFENSIVOS\MILHO\Fungicida Campo 207.pdf
2026-09-23 16:25:51 | INFO     | 01_DADOS_OPERACIONAIS\DEFENSIVOS\MILHO\Fungicida Campo 207.pdf | inicio de extracao
2026-09-23 16:25:51 | INFO     | 01_DADOS_OPERACIONAIS\DEFENSIVOS\MILHO\Fungicida Campo 207.pdf | origem=texto itens=96
2026-09-23 16:25:51 | WARNING  | 01_DADOS_OPERACIONAIS\DEFENSIVOS\MILHO\Fungicida Campo 207.pdf | chave de acesso (44 digitos) NAO encontrada
2026-09-23 16:25:51 | ERROR    | pipeline | 01_DADOS_OPERACIONAIS\DEFENSIVOS\MILHO\Fungicida Campo 207.pdf | NAO processado -> nao foi encontrada a chave de acesso (44 digitos)
2026-09-23 16:25:51 | INFO     | pipeline | [45/226] processando 01_DADOS_OPERACIONAIS\DEFENSIVOS\MILHO\Fungicida Campo 208.pdf
2026-09-23 16:25:51 | INFO     | 01_DADOS_OPERACIONAIS\DEFENSIVOS\MILHO\Fungicida Campo 208.pdf | inicio de extracao
2026-09-23 16:25:51 | INFO     | 01_DADOS_OPERACIONAIS\DEFENSIVOS\MILHO\Fungicida Campo 208.pdf | origem=texto itens=96
2026-09-23 16:25:51 | WARNING  | 01_DADOS_OPERACIONAIS\DEFENSIVOS\MILHO\Fungicida Campo 208.pdf | chave de acesso (44 digitos) NAO encontrada
2026-09-23 16:25:51 | ERROR    | pipeline | 01_DADOS_OPERACIONAIS\DEFENSIVOS\MILHO\Fungicida Campo 208.pdf | NAO processado -> nao foi encontrada a chave de acesso (44 digitos)
2026-09-23 16:25:51 | INFO     | pipeline | [46/226] processando 01_DADOS_OPERACIONAIS\DEFENSIVOS\MILHO\Fungicida Campo 212.pdf
2026-09-23 16:25:51 | INFO     | 01_DADOS_OPERACIONAIS\DEFENSIVOS\MILHO\Fungicida Campo 212.pdf | inicio de extracao
2026-09-23 16:25:51 | INFO     | 01_DADOS_OPERACIONAIS\DEFENSIVOS\MILHO\Fungicida Campo 212.pdf | origem=texto itens=96
2026-09-23 16:25:51 | WARNING  | 01_DADOS_OPERACIONAIS\DEFENSIVOS\MILHO\Fungicida Campo 212.pdf | chave de acesso (44 digitos) NAO encontrada
2026-09-23 16:25:51 | ERROR    | pipeline | 01_DADOS_OPERACIONAIS\DEFENSIVOS\MILHO\Fungicida Campo 212.pdf | NAO processado -> nao foi encontrada a chave de acesso (44 digitos)
2026-09-23 16:25:51 | INFO     | pipeline | [47/226] processando 01_DADOS_OPERACIONAIS\DEFENSIVOS\MILHO\Fungicida Campo 501.pdf
2026-09-23 16:25:51 | INFO     | 01_DADOS_OPERACIONAIS\DEFENSIVOS\MILHO\Fungicida Campo 501.pdf | inicio de extracao
2026-09-23 16:25:51 | INFO     | 01_DADOS_OPERACIONAIS\DEFENSIVOS\MILHO\Fungicida Campo 501.pdf | origem=texto itens=96
2026-09-23 16:25:51 | WARNING  | 01_DADOS_OPERACIONAIS\DEFENSIVOS\MILHO\Fungicida Campo 501.pdf | chave de acesso (44 digitos) NAO encontrada
2026-09-23 16:25:51 | ERROR    | pipeline | 01_DADOS_OPERACIONAIS\DEFENSIVOS\MILHO\Fungicida Campo 501.pdf | NAO processado -> nao foi encontrada a chave de acesso (44 digitos)
2026-09-23 16:25:51 | INFO     | pipeline | [48/226] processando 01_DADOS_OPERACIONAIS\DEFENSIVOS\MILHO\Fungicida Campo 502.pdf
2026-09-23 16:25:51 | INFO     | 01_DADOS_OPERACIONAIS\DEFENSIVOS\MILHO\Fungicida Campo 502.pdf | inicio de extracao
2026-09-23 16:25:51 | INFO     | 01_DADOS_OPERACIONAIS\DEFENSIVOS\MILHO\Fungicida Campo 502.pdf | origem=texto itens=96
2026-09-23 16:25:51 | WARNING  | 01_DADOS_OPERACIONAIS\DEFENSIVOS\MILHO\Fungicida Campo 502.pdf | chave de acesso (44 digitos) NAO encontrada
2026-09-23 16:25:51 | ERROR    | pipeline | 01_DADOS_OPERACIONAIS\DEFENSIVOS\MILHO\Fungicida Campo 502.pdf | NAO processado -> nao foi encontrada a chave de acesso (44 digitos)
2026-09-23 16:25:51 | INFO     | pipeline | [49/226] processando 01_DADOS_OPERACIONAIS\DEFENSIVOS\MILHO\Fungicida Campo 503.pdf
2026-09-23 16:25:51 | INFO     | 01_DADOS_OPERACIONAIS\DEFENSIVOS\MILHO\Fungicida Campo 503.pdf | inicio de extracao
2026-09-23 16:25:51 | INFO     | 01_DADOS_OPERACIONAIS\DEFENSIVOS\MILHO\Fungicida Campo 503.pdf | origem=texto itens=96
2026-09-23 16:25:51 | WARNING  | 01_DADOS_OPERACIONAIS\DEFENSIVOS\MILHO\Fungicida Campo 503.pdf | chave de acesso (44 digitos) NAO encontrada
2026-09-23 16:25:51 | ERROR    | pipeline | 01_DADOS_OPERACIONAIS\DEFENSIVOS\MILHO\Fungicida Campo 503.pdf | NAO processado -> nao foi encontrada a chave de acesso (44 digitos)
2026-09-23 16:25:51 | INFO     | pipeline | [50/226] processando 01_DADOS_OPERACIONAIS\DEFENSIVOS\MILHO\Fungicida Campo 504.pdf
2026-09-23 16:25:51 | INFO     | 01_DADOS_OPERACIONAIS\DEFENSIVOS\MILHO\Fungicida Campo 504.pdf | inicio de extracao
2026-09-23 16:25:51 | INFO     | 01_DADOS_OPERACIONAIS\DEFENSIVOS\MILHO\Fungicida Campo 504.pdf | origem=texto itens=104
2026-09-23 16:25:51 | WARNING  | 01_DADOS_OPERACIONAIS\DEFENSIVOS\MILHO\Fungicida Campo 504.pdf | chave de acesso (44 digitos) NAO encontrada
2026-09-23 16:25:51 | ERROR    | pipeline | 01_DADOS_OPERACIONAIS\DEFENSIVOS\MILHO\Fungicida Campo 504.pdf | NAO processado -> nao foi encontrada a chave de acesso (44 digitos)
2026-09-23 16:25:51 | INFO     | pipeline | [51/226] processando 01_DADOS_OPERACIONAIS\DEFENSIVOS\MILHO\Fungicida Campo 506.pdf
2026-09-23 16:25:51 | INFO     | 01_DADOS_OPERACIONAIS\DEFENSIVOS\MILHO\Fungicida Campo 506.pdf | inicio de extracao
2026-09-23 16:25:51 | INFO     | 01_DADOS_OPERACIONAIS\DEFENSIVOS\MILHO\Fungicida Campo 506.pdf | origem=texto itens=96
2026-09-23 16:25:51 | WARNING  | 01_DADOS_OPERACIONAIS\DEFENSIVOS\MILHO\Fungicida Campo 506.pdf | chave de acesso (44 digitos) NAO encontrada
2026-09-23 16:25:51 | ERROR    | pipeline | 01_DADOS_OPERACIONAIS\DEFENSIVOS\MILHO\Fungicida Campo 506.pdf | NAO processado -> nao foi encontrada a chave de acesso (44 digitos)
2026-09-23 16:25:51 | INFO     | pipeline | [52/226] processando 01_DADOS_OPERACIONAIS\DEFENSIVOS\MILHO\Fungicida Campo 507.pdf
2026-09-23 16:25:51 | INFO     | 01_DADOS_OPERACIONAIS\DEFENSIVOS\MILHO\Fungicida Campo 507.pdf | inicio de extracao
2026-09-23 16:25:51 | INFO     | 01_DADOS_OPERACIONAIS\DEFENSIVOS\MILHO\Fungicida Campo 507.pdf | origem=texto itens=104
2026-09-23 16:25:51 | WARNING  | 01_DADOS_OPERACIONAIS\DEFENSIVOS\MILHO\Fungicida Campo 507.pdf | chave de acesso (44 digitos) NAO encontrada
2026-09-23 16:25:51 | ERROR    | pipeline | 01_DADOS_OPERACIONAIS\DEFENSIVOS\MILHO\Fungicida Campo 507.pdf | NAO processado -> nao foi encontrada a chave de acesso (44 digitos)
2026-09-23 16:25:51 | INFO     | pipeline | [53/226] processando 01_DADOS_OPERACIONAIS\DEFENSIVOS\MILHO\Fungicida Campo 508.pdf
2026-09-23 16:25:51 | INFO     | 01_DADOS_OPERACIONAIS\DEFENSIVOS\MILHO\Fungicida Campo 508.pdf | inicio de extracao
2026-09-23 16:25:51 | INFO     | 01_DADOS_OPERACIONAIS\DEFENSIVOS\MILHO\Fungicida Campo 508.pdf | origem=texto itens=96
2026-09-23 16:25:51 | WARNING  | 01_DADOS_OPERACIONAIS\DEFENSIVOS\MILHO\Fungicida Campo 508.pdf | chave de acesso (44 digitos) NAO encontrada
2026-09-23 16:25:51 | ERROR    | pipeline | 01_DADOS_OPERACIONAIS\DEFENSIVOS\MILHO\Fungicida Campo 508.pdf | NAO processado -> nao foi encontrada a chave de acesso (44 digitos)
2026-09-23 16:25:51 | INFO     | pipeline | [54/226] processando 01_DADOS_OPERACIONAIS\DEFENSIVOS\MILHO\Fungicidas Campo 301.pdf
2026-09-23 16:25:51 | INFO     | 01_DADOS_OPERACIONAIS\DEFENSIVOS\MILHO\Fungicidas Campo 301.pdf | inicio de extracao
2026-09-23 16:25:51 | INFO     | 01_DADOS_OPERACIONAIS\DEFENSIVOS\MILHO\Fungicidas Campo 301.pdf | origem=texto itens=95
2026-09-23 16:25:51 | WARNING  | 01_DADOS_OPERACIONAIS\DEFENSIVOS\MILHO\Fungicidas Campo 301.pdf | chave de acesso (44 digitos) NAO encontrada
2026-09-23 16:25:51 | ERROR    | pipeline | 01_DADOS_OPERACIONAIS\DEFENSIVOS\MILHO\Fungicidas Campo 301.pdf | NAO processado -> nao foi encontrada a chave de acesso (44 digitos)
2026-09-23 16:25:51 | INFO     | pipeline | [55/226] processando 01_DADOS_OPERACIONAIS\DEFENSIVOS\MILHO\Fungicidas Campo 303.pdf
2026-09-23 16:25:51 | INFO     | 01_DADOS_OPERACIONAIS\DEFENSIVOS\MILHO\Fungicidas Campo 303.pdf | inicio de extracao
2026-09-23 16:25:51 | INFO     | 01_DADOS_OPERACIONAIS\DEFENSIVOS\MILHO\Fungicidas Campo 303.pdf | origem=texto itens=95
2026-09-23 16:25:51 | WARNING  | 01_DADOS_OPERACIONAIS\DEFENSIVOS\MILHO\Fungicidas Campo 303.pdf | chave de acesso (44 digitos) NAO encontrada
2026-09-23 16:25:51 | ERROR    | pipeline | 01_DADOS_OPERACIONAIS\DEFENSIVOS\MILHO\Fungicidas Campo 303.pdf | NAO processado -> nao foi encontrada a chave de acesso (44 digitos)
2026-09-23 16:25:51 | INFO     | pipeline | [56/226] processando 01_DADOS_OPERACIONAIS\DEFENSIVOS\MILHO\Fungicidas Campo 304.pdf
2026-09-23 16:25:51 | INFO     | 01_DADOS_OPERACIONAIS\DEFENSIVOS\MILHO\Fungicidas Campo 304.pdf | inicio de extracao
2026-09-23 16:25:51 | INFO     | 01_DADOS_OPERACIONAIS\DEFENSIVOS\MILHO\Fungicidas Campo 304.pdf | origem=texto itens=95
2026-09-23 16:25:51 | WARNING  | 01_DADOS_OPERACIONAIS\DEFENSIVOS\MILHO\Fungicidas Campo 304.pdf | chave de acesso (44 digitos) NAO encontrada
2026-09-23 16:25:51 | ERROR    | pipeline | 01_DADOS_OPERACIONAIS\DEFENSIVOS\MILHO\Fungicidas Campo 304.pdf | NAO processado -> nao foi encontrada a chave de acesso (44 digitos)
2026-09-23 16:25:51 | INFO     | pipeline | [57/226] processando 01_DADOS_OPERACIONAIS\DEFENSIVOS\MILHO\Fungicidas Campo 306.pdf
2026-09-23 16:25:51 | INFO     | 01_DADOS_OPERACIONAIS\DEFENSIVOS\MILHO\Fungicidas Campo 306.pdf | inicio de extracao
2026-09-23 16:25:51 | INFO     | 01_DADOS_OPERACIONAIS\DEFENSIVOS\MILHO\Fungicidas Campo 306.pdf | origem=texto itens=87
2026-09-23 16:25:51 | WARNING  | 01_DADOS_OPERACIONAIS\DEFENSIVOS\MILHO\Fungicidas Campo 306.pdf | chave de acesso (44 digitos) NAO encontrada
2026-09-23 16:25:51 | ERROR    | pipeline | 01_DADOS_OPERACIONAIS\DEFENSIVOS\MILHO\Fungicidas Campo 306.pdf | NAO processado -> nao foi encontrada a chave de acesso (44 digitos)
2026-09-23 16:25:51 | INFO     | pipeline | [58/226] processando 01_DADOS_OPERACIONAIS\DEFENSIVOS\MILHO\Herbicida Campo 102.pdf
2026-09-23 16:25:51 | INFO     | 01_DADOS_OPERACIONAIS\DEFENSIVOS\MILHO\Herbicida Campo 102.pdf | inicio de extracao
2026-09-23 16:25:51 | INFO     | 01_DADOS_OPERACIONAIS\DEFENSIVOS\MILHO\Herbicida Campo 102.pdf | origem=texto itens=108
2026-09-23 16:25:51 | WARNING  | 01_DADOS_OPERACIONAIS\DEFENSIVOS\MILHO\Herbicida Campo 102.pdf | chave de acesso (44 digitos) NAO encontrada
2026-09-23 16:25:51 | ERROR    | pipeline | 01_DADOS_OPERACIONAIS\DEFENSIVOS\MILHO\Herbicida Campo 102.pdf | NAO processado -> nao foi encontrada a chave de acesso (44 digitos)
2026-09-23 16:25:51 | INFO     | pipeline | [59/226] processando 01_DADOS_OPERACIONAIS\DEFENSIVOS\MILHO\Herbicida Campo 103.pdf
2026-09-23 16:25:51 | INFO     | 01_DADOS_OPERACIONAIS\DEFENSIVOS\MILHO\Herbicida Campo 103.pdf | inicio de extracao
2026-09-23 16:25:51 | INFO     | 01_DADOS_OPERACIONAIS\DEFENSIVOS\MILHO\Herbicida Campo 103.pdf | origem=texto itens=117
2026-09-23 16:25:51 | WARNING  | 01_DADOS_OPERACIONAIS\DEFENSIVOS\MILHO\Herbicida Campo 103.pdf | chave de acesso (44 digitos) NAO encontrada
2026-09-23 16:25:51 | ERROR    | pipeline | 01_DADOS_OPERACIONAIS\DEFENSIVOS\MILHO\Herbicida Campo 103.pdf | NAO processado -> nao foi encontrada a chave de acesso (44 digitos)
2026-09-23 16:25:51 | INFO     | pipeline | [60/226] processando 01_DADOS_OPERACIONAIS\DEFENSIVOS\MILHO\Herbicida Campo 104.pdf
2026-09-23 16:25:51 | INFO     | 01_DADOS_OPERACIONAIS\DEFENSIVOS\MILHO\Herbicida Campo 104.pdf | inicio de extracao
2026-09-23 16:25:51 | INFO     | 01_DADOS_OPERACIONAIS\DEFENSIVOS\MILHO\Herbicida Campo 104.pdf | origem=texto itens=117
2026-09-23 16:25:51 | WARNING  | 01_DADOS_OPERACIONAIS\DEFENSIVOS\MILHO\Herbicida Campo 104.pdf | chave de acesso (44 digitos) NAO encontrada
2026-09-23 16:25:51 | ERROR    | pipeline | 01_DADOS_OPERACIONAIS\DEFENSIVOS\MILHO\Herbicida Campo 104.pdf | NAO processado -> nao foi encontrada a chave de acesso (44 digitos)
2026-09-23 16:25:51 | INFO     | pipeline | [61/226] processando 01_DADOS_OPERACIONAIS\DEFENSIVOS\MILHO\Herbicida Campo 105.pdf
2026-09-23 16:25:51 | INFO     | 01_DADOS_OPERACIONAIS\DEFENSIVOS\MILHO\Herbicida Campo 105.pdf | inicio de extracao
2026-09-23 16:25:51 | INFO     | 01_DADOS_OPERACIONAIS\DEFENSIVOS\MILHO\Herbicida Campo 105.pdf | origem=texto itens=117
2026-09-23 16:25:51 | WARNING  | 01_DADOS_OPERACIONAIS\DEFENSIVOS\MILHO\Herbicida Campo 105.pdf | chave de acesso (44 digitos) NAO encontrada
2026-09-23 16:25:51 | ERROR    | pipeline | 01_DADOS_OPERACIONAIS\DEFENSIVOS\MILHO\Herbicida Campo 105.pdf | NAO processado -> nao foi encontrada a chave de acesso (44 digitos)
2026-09-23 16:25:51 | INFO     | pipeline | [62/226] processando 01_DADOS_OPERACIONAIS\DEFENSIVOS\MILHO\Herbicida Campo 106.pdf
2026-09-23 16:25:51 | INFO     | 01_DADOS_OPERACIONAIS\DEFENSIVOS\MILHO\Herbicida Campo 106.pdf | inicio de extracao
2026-09-23 16:25:51 | INFO     | 01_DADOS_OPERACIONAIS\DEFENSIVOS\MILHO\Herbicida Campo 106.pdf | origem=texto itens=117
2026-09-23 16:25:51 | WARNING  | 01_DADOS_OPERACIONAIS\DEFENSIVOS\MILHO\Herbicida Campo 106.pdf | chave de acesso (44 digitos) NAO encontrada
2026-09-23 16:25:51 | ERROR    | pipeline | 01_DADOS_OPERACIONAIS\DEFENSIVOS\MILHO\Herbicida Campo 106.pdf | NAO processado -> nao foi encontrada a chave de acesso (44 digitos)
2026-09-23 16:25:51 | INFO     | pipeline | [63/226] processando 01_DADOS_OPERACIONAIS\DEFENSIVOS\MILHO\Herbicida Campo 107.pdf
2026-09-23 16:25:51 | INFO     | 01_DADOS_OPERACIONAIS\DEFENSIVOS\MILHO\Herbicida Campo 107.pdf | inicio de extracao
2026-09-23 16:25:51 | INFO     | 01_DADOS_OPERACIONAIS\DEFENSIVOS\MILHO\Herbicida Campo 107.pdf | origem=texto itens=108
2026-09-23 16:25:51 | WARNING  | 01_DADOS_OPERACIONAIS\DEFENSIVOS\MILHO\Herbicida Campo 107.pdf | chave de acesso (44 digitos) NAO encontrada
2026-09-23 16:25:51 | ERROR    | pipeline | 01_DADOS_OPERACIONAIS\DEFENSIVOS\MILHO\Herbicida Campo 107.pdf | NAO processado -> nao foi encontrada a chave de acesso (44 digitos)
2026-09-23 16:25:51 | INFO     | pipeline | [64/226] processando 01_DADOS_OPERACIONAIS\DEFENSIVOS\MILHO\Herbicida Campo 108.pdf
2026-09-23 16:25:51 | INFO     | 01_DADOS_OPERACIONAIS\DEFENSIVOS\MILHO\Herbicida Campo 108.pdf | inicio de extracao
2026-09-23 16:25:51 | INFO     | 01_DADOS_OPERACIONAIS\DEFENSIVOS\MILHO\Herbicida Campo 108.pdf | origem=texto itens=108
2026-09-23 16:25:51 | WARNING  | 01_DADOS_OPERACIONAIS\DEFENSIVOS\MILHO\Herbicida Campo 108.pdf | chave de acesso (44 digitos) NAO encontrada
2026-09-23 16:25:51 | ERROR    | pipeline | 01_DADOS_OPERACIONAIS\DEFENSIVOS\MILHO\Herbicida Campo 108.pdf | NAO processado -> nao foi encontrada a chave de acesso (44 digitos)
2026-09-23 16:25:51 | INFO     | pipeline | [65/226] processando 01_DADOS_OPERACIONAIS\DEFENSIVOS\MILHO\Herbicida Campo 109.pdf
2026-09-23 16:25:51 | INFO     | 01_DADOS_OPERACIONAIS\DEFENSIVOS\MILHO\Herbicida Campo 109.pdf | inicio de extracao
2026-09-23 16:25:51 | INFO     | 01_DADOS_OPERACIONAIS\DEFENSIVOS\MILHO\Herbicida Campo 109.pdf | origem=texto itens=97
2026-09-23 16:25:51 | WARNING  | 01_DADOS_OPERACIONAIS\DEFENSIVOS\MILHO\Herbicida Campo 109.pdf | chave de acesso (44 digitos) NAO encontrada
2026-09-23 16:25:51 | ERROR    | pipeline | 01_DADOS_OPERACIONAIS\DEFENSIVOS\MILHO\Herbicida Campo 109.pdf | NAO processado -> nao foi encontrada a chave de acesso (44 digitos)
2026-09-23 16:25:51 | INFO     | pipeline | [66/226] processando 01_DADOS_OPERACIONAIS\DEFENSIVOS\MILHO\Herbicida Campo 110.pdf
2026-09-23 16:25:51 | INFO     | 01_DADOS_OPERACIONAIS\DEFENSIVOS\MILHO\Herbicida Campo 110.pdf | inicio de extracao
2026-09-23 16:25:51 | INFO     | 01_DADOS_OPERACIONAIS\DEFENSIVOS\MILHO\Herbicida Campo 110.pdf | origem=texto itens=106
2026-09-23 16:25:51 | WARNING  | 01_DADOS_OPERACIONAIS\DEFENSIVOS\MILHO\Herbicida Campo 110.pdf | chave de acesso (44 digitos) NAO encontrada
2026-09-23 16:25:51 | ERROR    | pipeline | 01_DADOS_OPERACIONAIS\DEFENSIVOS\MILHO\Herbicida Campo 110.pdf | NAO processado -> nao foi encontrada a chave de acesso (44 digitos)
2026-09-23 16:25:51 | INFO     | pipeline | [67/226] processando 01_DADOS_OPERACIONAIS\DEFENSIVOS\MILHO\Herbicida Campo 201.pdf
2026-09-23 16:25:51 | INFO     | 01_DADOS_OPERACIONAIS\DEFENSIVOS\MILHO\Herbicida Campo 201.pdf | inicio de extracao
2026-09-23 16:25:51 | INFO     | 01_DADOS_OPERACIONAIS\DEFENSIVOS\MILHO\Herbicida Campo 201.pdf | origem=texto itens=89
2026-09-23 16:25:51 | WARNING  | 01_DADOS_OPERACIONAIS\DEFENSIVOS\MILHO\Herbicida Campo 201.pdf | chave de acesso (44 digitos) NAO encontrada
2026-09-23 16:25:51 | ERROR    | pipeline | 01_DADOS_OPERACIONAIS\DEFENSIVOS\MILHO\Herbicida Campo 201.pdf | NAO processado -> nao foi encontrada a chave de acesso (44 digitos)
2026-09-23 16:25:51 | INFO     | pipeline | [68/226] processando 01_DADOS_OPERACIONAIS\DEFENSIVOS\MILHO\Herbicida Campo 202.pdf
2026-09-23 16:25:51 | INFO     | 01_DADOS_OPERACIONAIS\DEFENSIVOS\MILHO\Herbicida Campo 202.pdf | inicio de extracao
2026-09-23 16:25:51 | INFO     | 01_DADOS_OPERACIONAIS\DEFENSIVOS\MILHO\Herbicida Campo 202.pdf | origem=texto itens=89
2026-09-23 16:25:51 | WARNING  | 01_DADOS_OPERACIONAIS\DEFENSIVOS\MILHO\Herbicida Campo 202.pdf | chave de acesso (44 digitos) NAO encontrada
2026-09-23 16:25:51 | ERROR    | pipeline | 01_DADOS_OPERACIONAIS\DEFENSIVOS\MILHO\Herbicida Campo 202.pdf | NAO processado -> nao foi encontrada a chave de acesso (44 digitos)
2026-09-23 16:25:51 | INFO     | pipeline | [69/226] processando 01_DADOS_OPERACIONAIS\DEFENSIVOS\MILHO\Herbicida Campo 205.pdf
2026-09-23 16:25:51 | INFO     | 01_DADOS_OPERACIONAIS\DEFENSIVOS\MILHO\Herbicida Campo 205.pdf | inicio de extracao
2026-09-23 16:25:51 | INFO     | 01_DADOS_OPERACIONAIS\DEFENSIVOS\MILHO\Herbicida Campo 205.pdf | origem=texto itens=107
2026-09-23 16:25:51 | WARNING  | 01_DADOS_OPERACIONAIS\DEFENSIVOS\MILHO\Herbicida Campo 205.pdf | chave de acesso (44 digitos) NAO encontrada
2026-09-23 16:25:51 | ERROR    | pipeline | 01_DADOS_OPERACIONAIS\DEFENSIVOS\MILHO\Herbicida Campo 205.pdf | NAO processado -> nao foi encontrada a chave de acesso (44 digitos)
2026-09-23 16:25:51 | INFO     | pipeline | [70/226] processando 01_DADOS_OPERACIONAIS\DEFENSIVOS\MILHO\Herbicida Campo 206.pdf
2026-09-23 16:25:51 | INFO     | 01_DADOS_OPERACIONAIS\DEFENSIVOS\MILHO\Herbicida Campo 206.pdf | inicio de extracao
2026-09-23 16:25:51 | INFO     | 01_DADOS_OPERACIONAIS\DEFENSIVOS\MILHO\Herbicida Campo 206.pdf | origem=texto itens=107
2026-09-23 16:25:51 | WARNING  | 01_DADOS_OPERACIONAIS\DEFENSIVOS\MILHO\Herbicida Campo 206.pdf | chave de acesso (44 digitos) NAO encontrada
2026-09-23 16:25:51 | ERROR    | pipeline | 01_DADOS_OPERACIONAIS\DEFENSIVOS\MILHO\Herbicida Campo 206.pdf | NAO processado -> nao foi encontrada a chave de acesso (44 digitos)
2026-09-23 16:25:51 | INFO     | pipeline | [71/226] processando 01_DADOS_OPERACIONAIS\DEFENSIVOS\MILHO\Herbicida Campo 207.pdf
2026-09-23 16:25:51 | INFO     | 01_DADOS_OPERACIONAIS\DEFENSIVOS\MILHO\Herbicida Campo 207.pdf | inicio de extracao
2026-09-23 16:25:51 | INFO     | 01_DADOS_OPERACIONAIS\DEFENSIVOS\MILHO\Herbicida Campo 207.pdf | origem=texto itens=117
2026-09-23 16:25:51 | WARNING  | 01_DADOS_OPERACIONAIS\DEFENSIVOS\MILHO\Herbicida Campo 207.pdf | chave de acesso (44 digitos) NAO encontrada
2026-09-23 16:25:51 | ERROR    | pipeline | 01_DADOS_OPERACIONAIS\DEFENSIVOS\MILHO\Herbicida Campo 207.pdf | NAO processado -> nao foi encontrada a chave de acesso (44 digitos)
2026-09-23 16:25:51 | INFO     | pipeline | [72/226] processando 01_DADOS_OPERACIONAIS\DEFENSIVOS\MILHO\Herbicida Campo 208.pdf
2026-09-23 16:25:51 | INFO     | 01_DADOS_OPERACIONAIS\DEFENSIVOS\MILHO\Herbicida Campo 208.pdf | inicio de extracao
2026-09-23 16:25:51 | INFO     | 01_DADOS_OPERACIONAIS\DEFENSIVOS\MILHO\Herbicida Campo 208.pdf | origem=texto itens=107
2026-09-23 16:25:51 | WARNING  | 01_DADOS_OPERACIONAIS\DEFENSIVOS\MILHO\Herbicida Campo 208.pdf | chave de acesso (44 digitos) NAO encontrada
2026-09-23 16:25:51 | ERROR    | pipeline | 01_DADOS_OPERACIONAIS\DEFENSIVOS\MILHO\Herbicida Campo 208.pdf | NAO processado -> nao foi encontrada a chave de acesso (44 digitos)
2026-09-23 16:25:51 | INFO     | pipeline | [73/226] processando 01_DADOS_OPERACIONAIS\DEFENSIVOS\MILHO\Herbicida Campo 212.pdf
2026-09-23 16:25:51 | INFO     | 01_DADOS_OPERACIONAIS\DEFENSIVOS\MILHO\Herbicida Campo 212.pdf | inicio de extracao
2026-09-23 16:25:51 | INFO     | 01_DADOS_OPERACIONAIS\DEFENSIVOS\MILHO\Herbicida Campo 212.pdf | origem=texto itens=117
2026-09-23 16:25:51 | WARNING  | 01_DADOS_OPERACIONAIS\DEFENSIVOS\MILHO\Herbicida Campo 212.pdf | chave de acesso (44 digitos) NAO encontrada
2026-09-23 16:25:51 | ERROR    | pipeline | 01_DADOS_OPERACIONAIS\DEFENSIVOS\MILHO\Herbicida Campo 212.pdf | NAO processado -> nao foi encontrada a chave de acesso (44 digitos)
2026-09-23 16:25:51 | INFO     | pipeline | [74/226] processando 01_DADOS_OPERACIONAIS\DEFENSIVOS\MILHO\Herbicida Campo 301.pdf
2026-09-23 16:25:51 | INFO     | 01_DADOS_OPERACIONAIS\DEFENSIVOS\MILHO\Herbicida Campo 301.pdf | inicio de extracao
2026-09-23 16:25:51 | INFO     | 01_DADOS_OPERACIONAIS\DEFENSIVOS\MILHO\Herbicida Campo 301.pdf | origem=texto itens=97
2026-09-23 16:25:51 | WARNING  | 01_DADOS_OPERACIONAIS\DEFENSIVOS\MILHO\Herbicida Campo 301.pdf | chave de acesso (44 digitos) NAO encontrada
2026-09-23 16:25:51 | ERROR    | pipeline | 01_DADOS_OPERACIONAIS\DEFENSIVOS\MILHO\Herbicida Campo 301.pdf | NAO processado -> nao foi encontrada a chave de acesso (44 digitos)
2026-09-23 16:25:51 | INFO     | pipeline | [75/226] processando 01_DADOS_OPERACIONAIS\DEFENSIVOS\MILHO\Herbicida Campo 303.pdf
2026-09-23 16:25:51 | INFO     | 01_DADOS_OPERACIONAIS\DEFENSIVOS\MILHO\Herbicida Campo 303.pdf | inicio de extracao
2026-09-23 16:25:51 | INFO     | 01_DADOS_OPERACIONAIS\DEFENSIVOS\MILHO\Herbicida Campo 303.pdf | origem=texto itens=107
2026-09-23 16:25:51 | WARNING  | 01_DADOS_OPERACIONAIS\DEFENSIVOS\MILHO\Herbicida Campo 303.pdf | chave de acesso (44 digitos) NAO encontrada
2026-09-23 16:25:51 | ERROR    | pipeline | 01_DADOS_OPERACIONAIS\DEFENSIVOS\MILHO\Herbicida Campo 303.pdf | NAO processado -> nao foi encontrada a chave de acesso (44 digitos)
2026-09-23 16:25:51 | INFO     | pipeline | [76/226] processando 01_DADOS_OPERACIONAIS\DEFENSIVOS\MILHO\Herbicida Campo 304.pdf
2026-09-23 16:25:51 | INFO     | 01_DADOS_OPERACIONAIS\DEFENSIVOS\MILHO\Herbicida Campo 304.pdf | inicio de extracao
2026-09-23 16:25:51 | INFO     | 01_DADOS_OPERACIONAIS\DEFENSIVOS\MILHO\Herbicida Campo 304.pdf | origem=texto itens=107
2026-09-23 16:25:51 | WARNING  | 01_DADOS_OPERACIONAIS\DEFENSIVOS\MILHO\Herbicida Campo 304.pdf | chave de acesso (44 digitos) NAO encontrada
2026-09-23 16:25:51 | ERROR    | pipeline | 01_DADOS_OPERACIONAIS\DEFENSIVOS\MILHO\Herbicida Campo 304.pdf | NAO processado -> nao foi encontrada a chave de acesso (44 digitos)
2026-09-23 16:25:51 | INFO     | pipeline | [77/226] processando 01_DADOS_OPERACIONAIS\DEFENSIVOS\MILHO\Herbicida Campo 306.pdf
2026-09-23 16:25:51 | INFO     | 01_DADOS_OPERACIONAIS\DEFENSIVOS\MILHO\Herbicida Campo 306.pdf | inicio de extracao
2026-09-23 16:25:51 | INFO     | 01_DADOS_OPERACIONAIS\DEFENSIVOS\MILHO\Herbicida Campo 306.pdf | origem=texto itens=106
2026-09-23 16:25:51 | WARNING  | 01_DADOS_OPERACIONAIS\DEFENSIVOS\MILHO\Herbicida Campo 306.pdf | chave de acesso (44 digitos) NAO encontrada
2026-09-23 16:25:51 | ERROR    | pipeline | 01_DADOS_OPERACIONAIS\DEFENSIVOS\MILHO\Herbicida Campo 306.pdf | NAO processado -> nao foi encontrada a chave de acesso (44 digitos)
2026-09-23 16:25:51 | INFO     | pipeline | [78/226] processando 01_DADOS_OPERACIONAIS\DEFENSIVOS\MILHO\Herbicida Campo 501.pdf
2026-09-23 16:25:51 | INFO     | 01_DADOS_OPERACIONAIS\DEFENSIVOS\MILHO\Herbicida Campo 501.pdf | inicio de extracao
2026-09-23 16:25:51 | INFO     | 01_DADOS_OPERACIONAIS\DEFENSIVOS\MILHO\Herbicida Campo 501.pdf | origem=texto itens=123
2026-09-23 16:25:51 | WARNING  | 01_DADOS_OPERACIONAIS\DEFENSIVOS\MILHO\Herbicida Campo 501.pdf | chave de acesso (44 digitos) NAO encontrada
2026-09-23 16:25:51 | ERROR    | pipeline | 01_DADOS_OPERACIONAIS\DEFENSIVOS\MILHO\Herbicida Campo 501.pdf | NAO processado -> nao foi encontrada a chave de acesso (44 digitos)
2026-09-23 16:25:51 | INFO     | pipeline | [79/226] processando 01_DADOS_OPERACIONAIS\DEFENSIVOS\MILHO\Herbicida Campo 502.pdf
2026-09-23 16:25:51 | INFO     | 01_DADOS_OPERACIONAIS\DEFENSIVOS\MILHO\Herbicida Campo 502.pdf | inicio de extracao
2026-09-23 16:25:51 | INFO     | 01_DADOS_OPERACIONAIS\DEFENSIVOS\MILHO\Herbicida Campo 502.pdf | origem=texto itens=115
2026-09-23 16:25:51 | WARNING  | 01_DADOS_OPERACIONAIS\DEFENSIVOS\MILHO\Herbicida Campo 502.pdf | chave de acesso (44 digitos) NAO encontrada
2026-09-23 16:25:51 | ERROR    | pipeline | 01_DADOS_OPERACIONAIS\DEFENSIVOS\MILHO\Herbicida Campo 502.pdf | NAO processado -> nao foi encontrada a chave de acesso (44 digitos)
2026-09-23 16:25:51 | INFO     | pipeline | [80/226] processando 01_DADOS_OPERACIONAIS\DEFENSIVOS\MILHO\Herbicida Campo 503.pdf
2026-09-23 16:25:51 | INFO     | 01_DADOS_OPERACIONAIS\DEFENSIVOS\MILHO\Herbicida Campo 503.pdf | inicio de extracao
2026-09-23 16:25:51 | INFO     | 01_DADOS_OPERACIONAIS\DEFENSIVOS\MILHO\Herbicida Campo 503.pdf | origem=texto itens=105
2026-09-23 16:25:51 | WARNING  | 01_DADOS_OPERACIONAIS\DEFENSIVOS\MILHO\Herbicida Campo 503.pdf | chave de acesso (44 digitos) NAO encontrada
2026-09-23 16:25:51 | ERROR    | pipeline | 01_DADOS_OPERACIONAIS\DEFENSIVOS\MILHO\Herbicida Campo 503.pdf | NAO processado -> nao foi encontrada a chave de acesso (44 digitos)
2026-09-23 16:25:51 | INFO     | pipeline | [81/226] processando 01_DADOS_OPERACIONAIS\DEFENSIVOS\MILHO\Herbicida Campo 504.pdf
2026-09-23 16:25:51 | INFO     | 01_DADOS_OPERACIONAIS\DEFENSIVOS\MILHO\Herbicida Campo 504.pdf | inicio de extracao
2026-09-23 16:25:51 | INFO     | 01_DADOS_OPERACIONAIS\DEFENSIVOS\MILHO\Herbicida Campo 504.pdf | origem=texto itens=123
2026-09-23 16:25:51 | WARNING  | 01_DADOS_OPERACIONAIS\DEFENSIVOS\MILHO\Herbicida Campo 504.pdf | chave de acesso (44 digitos) NAO encontrada
2026-09-23 16:25:51 | ERROR    | pipeline | 01_DADOS_OPERACIONAIS\DEFENSIVOS\MILHO\Herbicida Campo 504.pdf | NAO processado -> nao foi encontrada a chave de acesso (44 digitos)
2026-09-23 16:25:51 | INFO     | pipeline | [82/226] processando 01_DADOS_OPERACIONAIS\DEFENSIVOS\MILHO\Herbicida Campo 506.pdf
2026-09-23 16:25:51 | INFO     | 01_DADOS_OPERACIONAIS\DEFENSIVOS\MILHO\Herbicida Campo 506.pdf | inicio de extracao
2026-09-23 16:25:51 | INFO     | 01_DADOS_OPERACIONAIS\DEFENSIVOS\MILHO\Herbicida Campo 506.pdf | origem=texto itens=98
2026-09-23 16:25:51 | WARNING  | 01_DADOS_OPERACIONAIS\DEFENSIVOS\MILHO\Herbicida Campo 506.pdf | chave de acesso (44 digitos) NAO encontrada
2026-09-23 16:25:51 | ERROR    | pipeline | 01_DADOS_OPERACIONAIS\DEFENSIVOS\MILHO\Herbicida Campo 506.pdf | NAO processado -> nao foi encontrada a chave de acesso (44 digitos)
2026-09-23 16:25:51 | INFO     | pipeline | [83/226] processando 01_DADOS_OPERACIONAIS\DEFENSIVOS\MILHO\Herbicida Campo 507.pdf
2026-09-23 16:25:51 | INFO     | 01_DADOS_OPERACIONAIS\DEFENSIVOS\MILHO\Herbicida Campo 507.pdf | inicio de extracao
2026-09-23 16:25:51 | INFO     | 01_DADOS_OPERACIONAIS\DEFENSIVOS\MILHO\Herbicida Campo 507.pdf | origem=texto itens=124
2026-09-23 16:25:51 | WARNING  | 01_DADOS_OPERACIONAIS\DEFENSIVOS\MILHO\Herbicida Campo 507.pdf | chave de acesso (44 digitos) NAO encontrada
2026-09-23 16:25:51 | ERROR    | pipeline | 01_DADOS_OPERACIONAIS\DEFENSIVOS\MILHO\Herbicida Campo 507.pdf | NAO processado -> nao foi encontrada a chave de acesso (44 digitos)
2026-09-23 16:25:51 | INFO     | pipeline | [84/226] processando 01_DADOS_OPERACIONAIS\DEFENSIVOS\MILHO\Herbicida Campo 508.pdf
2026-09-23 16:25:51 | INFO     | 01_DADOS_OPERACIONAIS\DEFENSIVOS\MILHO\Herbicida Campo 508.pdf | inicio de extracao
2026-09-23 16:25:51 | INFO     | 01_DADOS_OPERACIONAIS\DEFENSIVOS\MILHO\Herbicida Campo 508.pdf | origem=texto itens=115
2026-09-23 16:25:51 | WARNING  | 01_DADOS_OPERACIONAIS\DEFENSIVOS\MILHO\Herbicida Campo 508.pdf | chave de acesso (44 digitos) NAO encontrada
2026-09-23 16:25:51 | ERROR    | pipeline | 01_DADOS_OPERACIONAIS\DEFENSIVOS\MILHO\Herbicida Campo 508.pdf | NAO processado -> nao foi encontrada a chave de acesso (44 digitos)
2026-09-23 16:25:51 | INFO     | pipeline | [85/226] processando 01_DADOS_OPERACIONAIS\DEFENSIVOS\MILHO\Inseticida Campo 102.pdf
2026-09-23 16:25:51 | INFO     | 01_DADOS_OPERACIONAIS\DEFENSIVOS\MILHO\Inseticida Campo 102.pdf | inicio de extracao
2026-09-23 16:25:51 | INFO     | 01_DADOS_OPERACIONAIS\DEFENSIVOS\MILHO\Inseticida Campo 102.pdf | origem=texto itens=96
2026-09-23 16:25:51 | WARNING  | 01_DADOS_OPERACIONAIS\DEFENSIVOS\MILHO\Inseticida Campo 102.pdf | chave de acesso (44 digitos) NAO encontrada
2026-09-23 16:25:51 | ERROR    | pipeline | 01_DADOS_OPERACIONAIS\DEFENSIVOS\MILHO\Inseticida Campo 102.pdf | NAO processado -> nao foi encontrada a chave de acesso (44 digitos)
2026-09-23 16:25:51 | INFO     | pipeline | [86/226] processando 01_DADOS_OPERACIONAIS\DEFENSIVOS\MILHO\Inseticida Campo 103.pdf
2026-09-23 16:25:51 | INFO     | 01_DADOS_OPERACIONAIS\DEFENSIVOS\MILHO\Inseticida Campo 103.pdf | inicio de extracao
2026-09-23 16:25:51 | INFO     | 01_DADOS_OPERACIONAIS\DEFENSIVOS\MILHO\Inseticida Campo 103.pdf | origem=texto itens=120
2026-09-23 16:25:51 | WARNING  | 01_DADOS_OPERACIONAIS\DEFENSIVOS\MILHO\Inseticida Campo 103.pdf | chave de acesso (44 digitos) NAO encontrada
2026-09-23 16:25:51 | ERROR    | pipeline | 01_DADOS_OPERACIONAIS\DEFENSIVOS\MILHO\Inseticida Campo 103.pdf | NAO processado -> nao foi encontrada a chave de acesso (44 digitos)
2026-09-23 16:25:51 | INFO     | pipeline | [87/226] processando 01_DADOS_OPERACIONAIS\DEFENSIVOS\MILHO\Inseticida Campo 104.pdf
2026-09-23 16:25:51 | INFO     | 01_DADOS_OPERACIONAIS\DEFENSIVOS\MILHO\Inseticida Campo 104.pdf | inicio de extracao
2026-09-23 16:25:51 | INFO     | 01_DADOS_OPERACIONAIS\DEFENSIVOS\MILHO\Inseticida Campo 104.pdf | origem=texto itens=114
2026-09-23 16:25:51 | WARNING  | 01_DADOS_OPERACIONAIS\DEFENSIVOS\MILHO\Inseticida Campo 104.pdf | chave de acesso (44 digitos) NAO encontrada
2026-09-23 16:25:51 | ERROR    | pipeline | 01_DADOS_OPERACIONAIS\DEFENSIVOS\MILHO\Inseticida Campo 104.pdf | NAO processado -> nao foi encontrada a chave de acesso (44 digitos)
2026-09-23 16:25:51 | INFO     | pipeline | [88/226] processando 01_DADOS_OPERACIONAIS\DEFENSIVOS\MILHO\Inseticida Campo 105.pdf
2026-09-23 16:25:51 | INFO     | 01_DADOS_OPERACIONAIS\DEFENSIVOS\MILHO\Inseticida Campo 105.pdf | inicio de extracao
2026-09-23 16:25:51 | INFO     | 01_DADOS_OPERACIONAIS\DEFENSIVOS\MILHO\Inseticida Campo 105.pdf | origem=texto itens=95
2026-09-23 16:25:51 | WARNING  | 01_DADOS_OPERACIONAIS\DEFENSIVOS\MILHO\Inseticida Campo 105.pdf | chave de acesso (44 digitos) NAO encontrada
2026-09-23 16:25:51 | ERROR    | pipeline | 01_DADOS_OPERACIONAIS\DEFENSIVOS\MILHO\Inseticida Campo 105.pdf | NAO processado -> nao foi encontrada a chave de acesso (44 digitos)
2026-09-23 16:25:51 | INFO     | pipeline | [89/226] processando 01_DADOS_OPERACIONAIS\DEFENSIVOS\MILHO\Inseticida Campo 106.pdf
2026-09-23 16:25:51 | INFO     | 01_DADOS_OPERACIONAIS\DEFENSIVOS\MILHO\Inseticida Campo 106.pdf | inicio de extracao
2026-09-23 16:25:51 | INFO     | 01_DADOS_OPERACIONAIS\DEFENSIVOS\MILHO\Inseticida Campo 106.pdf | origem=texto itens=112
2026-09-23 16:25:51 | WARNING  | 01_DADOS_OPERACIONAIS\DEFENSIVOS\MILHO\Inseticida Campo 106.pdf | chave de acesso (44 digitos) NAO encontrada
2026-09-23 16:25:51 | ERROR    | pipeline | 01_DADOS_OPERACIONAIS\DEFENSIVOS\MILHO\Inseticida Campo 106.pdf | NAO processado -> nao foi encontrada a chave de acesso (44 digitos)
2026-09-23 16:25:51 | INFO     | pipeline | [90/226] processando 01_DADOS_OPERACIONAIS\DEFENSIVOS\MILHO\Inseticida Campo 107.pdf
2026-09-23 16:25:51 | INFO     | 01_DADOS_OPERACIONAIS\DEFENSIVOS\MILHO\Inseticida Campo 107.pdf | inicio de extracao
2026-09-23 16:25:51 | INFO     | 01_DADOS_OPERACIONAIS\DEFENSIVOS\MILHO\Inseticida Campo 107.pdf | origem=texto itens=104
2026-09-23 16:25:51 | WARNING  | 01_DADOS_OPERACIONAIS\DEFENSIVOS\MILHO\Inseticida Campo 107.pdf | chave de acesso (44 digitos) NAO encontrada
2026-09-23 16:25:51 | ERROR    | pipeline | 01_DADOS_OPERACIONAIS\DEFENSIVOS\MILHO\Inseticida Campo 107.pdf | NAO processado -> nao foi encontrada a chave de acesso (44 digitos)
2026-09-23 16:25:51 | INFO     | pipeline | [91/226] processando 01_DADOS_OPERACIONAIS\DEFENSIVOS\MILHO\Inseticida Campo 108.pdf
2026-09-23 16:25:51 | INFO     | 01_DADOS_OPERACIONAIS\DEFENSIVOS\MILHO\Inseticida Campo 108.pdf | inicio de extracao
2026-09-23 16:25:51 | INFO     | 01_DADOS_OPERACIONAIS\DEFENSIVOS\MILHO\Inseticida Campo 108.pdf | origem=texto itens=113
2026-09-23 16:25:51 | WARNING  | 01_DADOS_OPERACIONAIS\DEFENSIVOS\MILHO\Inseticida Campo 108.pdf | chave de acesso (44 digitos) NAO encontrada
2026-09-23 16:25:51 | ERROR    | pipeline | 01_DADOS_OPERACIONAIS\DEFENSIVOS\MILHO\Inseticida Campo 108.pdf | NAO processado -> nao foi encontrada a chave de acesso (44 digitos)
2026-09-23 16:25:51 | INFO     | pipeline | [92/226] processando 01_DADOS_OPERACIONAIS\DEFENSIVOS\MILHO\Inseticida Campo 109.pdf
2026-09-23 16:25:51 | INFO     | 01_DADOS_OPERACIONAIS\DEFENSIVOS\MILHO\Inseticida Campo 109.pdf | inicio de extracao
2026-09-23 16:25:51 | INFO     | 01_DADOS_OPERACIONAIS\DEFENSIVOS\MILHO\Inseticida Campo 109.pdf | origem=texto itens=96
2026-09-23 16:25:51 | WARNING  | 01_DADOS_OPERACIONAIS\DEFENSIVOS\MILHO\Inseticida Campo 109.pdf | chave de acesso (44 digitos) NAO encontrada
2026-09-23 16:25:51 | ERROR    | pipeline | 01_DADOS_OPERACIONAIS\DEFENSIVOS\MILHO\Inseticida Campo 109.pdf | NAO processado -> nao foi encontrada a chave de acesso (44 digitos)
2026-09-23 16:25:51 | INFO     | pipeline | [93/226] processando 01_DADOS_OPERACIONAIS\DEFENSIVOS\MILHO\Inseticida Campo 110.pdf
2026-09-23 16:25:51 | INFO     | 01_DADOS_OPERACIONAIS\DEFENSIVOS\MILHO\Inseticida Campo 110.pdf | inicio de extracao
2026-09-23 16:25:51 | INFO     | 01_DADOS_OPERACIONAIS\DEFENSIVOS\MILHO\Inseticida Campo 110.pdf | origem=texto itens=103
2026-09-23 16:25:51 | WARNING  | 01_DADOS_OPERACIONAIS\DEFENSIVOS\MILHO\Inseticida Campo 110.pdf | chave de acesso (44 digitos) NAO encontrada
2026-09-23 16:25:51 | ERROR    | pipeline | 01_DADOS_OPERACIONAIS\DEFENSIVOS\MILHO\Inseticida Campo 110.pdf | NAO processado -> nao foi encontrada a chave de acesso (44 digitos)
2026-09-23 16:25:51 | INFO     | pipeline | [94/226] processando 01_DADOS_OPERACIONAIS\DEFENSIVOS\MILHO\Inseticida Campo 201.pdf
2026-09-23 16:25:51 | INFO     | 01_DADOS_OPERACIONAIS\DEFENSIVOS\MILHO\Inseticida Campo 201.pdf | inicio de extracao
2026-09-23 16:25:51 | INFO     | 01_DADOS_OPERACIONAIS\DEFENSIVOS\MILHO\Inseticida Campo 201.pdf | origem=texto itens=129
2026-09-23 16:25:51 | WARNING  | 01_DADOS_OPERACIONAIS\DEFENSIVOS\MILHO\Inseticida Campo 201.pdf | chave de acesso (44 digitos) NAO encontrada
2026-09-23 16:25:51 | ERROR    | pipeline | 01_DADOS_OPERACIONAIS\DEFENSIVOS\MILHO\Inseticida Campo 201.pdf | NAO processado -> nao foi encontrada a chave de acesso (44 digitos)
2026-09-23 16:25:51 | INFO     | pipeline | [95/226] processando 01_DADOS_OPERACIONAIS\DEFENSIVOS\MILHO\Inseticida Campo 202.pdf
2026-09-23 16:25:51 | INFO     | 01_DADOS_OPERACIONAIS\DEFENSIVOS\MILHO\Inseticida Campo 202.pdf | inicio de extracao
2026-09-23 16:25:51 | INFO     | 01_DADOS_OPERACIONAIS\DEFENSIVOS\MILHO\Inseticida Campo 202.pdf | origem=texto itens=129
2026-09-23 16:25:51 | WARNING  | 01_DADOS_OPERACIONAIS\DEFENSIVOS\MILHO\Inseticida Campo 202.pdf | chave de acesso (44 digitos) NAO encontrada
2026-09-23 16:25:51 | ERROR    | pipeline | 01_DADOS_OPERACIONAIS\DEFENSIVOS\MILHO\Inseticida Campo 202.pdf | NAO processado -> nao foi encontrada a chave de acesso (44 digitos)
2026-09-23 16:25:51 | INFO     | pipeline | [96/226] processando 01_DADOS_OPERACIONAIS\DEFENSIVOS\MILHO\Inseticida Campo 205.pdf
2026-09-23 16:25:51 | INFO     | 01_DADOS_OPERACIONAIS\DEFENSIVOS\MILHO\Inseticida Campo 205.pdf | inicio de extracao
2026-09-23 16:25:51 | INFO     | 01_DADOS_OPERACIONAIS\DEFENSIVOS\MILHO\Inseticida Campo 205.pdf | origem=texto itens=121
2026-09-23 16:25:51 | WARNING  | 01_DADOS_OPERACIONAIS\DEFENSIVOS\MILHO\Inseticida Campo 205.pdf | chave de acesso (44 digitos) NAO encontrada
2026-09-23 16:25:51 | ERROR    | pipeline | 01_DADOS_OPERACIONAIS\DEFENSIVOS\MILHO\Inseticida Campo 205.pdf | NAO processado -> nao foi encontrada a chave de acesso (44 digitos)
2026-09-23 16:25:51 | INFO     | pipeline | [97/226] processando 01_DADOS_OPERACIONAIS\DEFENSIVOS\MILHO\Inseticida Campo 206.pdf
2026-09-23 16:25:51 | INFO     | 01_DADOS_OPERACIONAIS\DEFENSIVOS\MILHO\Inseticida Campo 206.pdf | inicio de extracao
2026-09-23 16:25:51 | INFO     | 01_DADOS_OPERACIONAIS\DEFENSIVOS\MILHO\Inseticida Campo 206.pdf | origem=texto itens=121
2026-09-23 16:25:51 | WARNING  | 01_DADOS_OPERACIONAIS\DEFENSIVOS\MILHO\Inseticida Campo 206.pdf | chave de acesso (44 digitos) NAO encontrada
2026-09-23 16:25:51 | ERROR    | pipeline | 01_DADOS_OPERACIONAIS\DEFENSIVOS\MILHO\Inseticida Campo 206.pdf | NAO processado -> nao foi encontrada a chave de acesso (44 digitos)
2026-09-23 16:25:51 | INFO     | pipeline | [98/226] processando 01_DADOS_OPERACIONAIS\DEFENSIVOS\MILHO\Inseticida Campo 207.pdf
2026-09-23 16:25:51 | INFO     | 01_DADOS_OPERACIONAIS\DEFENSIVOS\MILHO\Inseticida Campo 207.pdf | inicio de extracao
2026-09-23 16:25:51 | INFO     | 01_DADOS_OPERACIONAIS\DEFENSIVOS\MILHO\Inseticida Campo 207.pdf | origem=texto itens=113
2026-09-23 16:25:51 | WARNING  | 01_DADOS_OPERACIONAIS\DEFENSIVOS\MILHO\Inseticida Campo 207.pdf | chave de acesso (44 digitos) NAO encontrada
2026-09-23 16:25:51 | ERROR    | pipeline | 01_DADOS_OPERACIONAIS\DEFENSIVOS\MILHO\Inseticida Campo 207.pdf | NAO processado -> nao foi encontrada a chave de acesso (44 digitos)
2026-09-23 16:25:51 | INFO     | pipeline | [99/226] processando 01_DADOS_OPERACIONAIS\DEFENSIVOS\MILHO\Inseticida Campo 208.pdf
2026-09-23 16:25:51 | INFO     | 01_DADOS_OPERACIONAIS\DEFENSIVOS\MILHO\Inseticida Campo 208.pdf | inicio de extracao
2026-09-23 16:25:51 | INFO     | 01_DADOS_OPERACIONAIS\DEFENSIVOS\MILHO\Inseticida Campo 208.pdf | origem=texto itens=113
2026-09-23 16:25:51 | WARNING  | 01_DADOS_OPERACIONAIS\DEFENSIVOS\MILHO\Inseticida Campo 208.pdf | chave de acesso (44 digitos) NAO encontrada
2026-09-23 16:25:51 | ERROR    | pipeline | 01_DADOS_OPERACIONAIS\DEFENSIVOS\MILHO\Inseticida Campo 208.pdf | NAO processado -> nao foi encontrada a chave de acesso (44 digitos)
2026-09-23 16:25:51 | INFO     | pipeline | [100/226] processando 01_DADOS_OPERACIONAIS\DEFENSIVOS\MILHO\Inseticida Campo 212.pdf
2026-09-23 16:25:51 | INFO     | 01_DADOS_OPERACIONAIS\DEFENSIVOS\MILHO\Inseticida Campo 212.pdf | inicio de extracao
2026-09-23 16:25:51 | INFO     | 01_DADOS_OPERACIONAIS\DEFENSIVOS\MILHO\Inseticida Campo 212.pdf | origem=texto itens=113
2026-09-23 16:25:51 | WARNING  | 01_DADOS_OPERACIONAIS\DEFENSIVOS\MILHO\Inseticida Campo 212.pdf | chave de acesso (44 digitos) NAO encontrada
2026-09-23 16:25:51 | ERROR    | pipeline | 01_DADOS_OPERACIONAIS\DEFENSIVOS\MILHO\Inseticida Campo 212.pdf | NAO processado -> nao foi encontrada a chave de acesso (44 digitos)
2026-09-23 16:25:51 | INFO     | pipeline | [101/226] processando 01_DADOS_OPERACIONAIS\DEFENSIVOS\MILHO\Inseticida Campo 301.pdf
2026-09-23 16:25:51 | INFO     | 01_DADOS_OPERACIONAIS\DEFENSIVOS\MILHO\Inseticida Campo 301.pdf | inicio de extracao
2026-09-23 16:25:51 | INFO     | 01_DADOS_OPERACIONAIS\DEFENSIVOS\MILHO\Inseticida Campo 301.pdf | origem=texto itens=137
2026-09-23 16:25:51 | WARNING  | 01_DADOS_OPERACIONAIS\DEFENSIVOS\MILHO\Inseticida Campo 301.pdf | chave de acesso (44 digitos) NAO encontrada
2026-09-23 16:25:51 | ERROR    | pipeline | 01_DADOS_OPERACIONAIS\DEFENSIVOS\MILHO\Inseticida Campo 301.pdf | NAO processado -> nao foi encontrada a chave de acesso (44 digitos)
2026-09-23 16:25:51 | INFO     | pipeline | [102/226] processando 01_DADOS_OPERACIONAIS\DEFENSIVOS\MILHO\Inseticida Campo 303.pdf
2026-09-23 16:25:51 | INFO     | 01_DADOS_OPERACIONAIS\DEFENSIVOS\MILHO\Inseticida Campo 303.pdf | inicio de extracao
2026-09-23 16:25:51 | INFO     | 01_DADOS_OPERACIONAIS\DEFENSIVOS\MILHO\Inseticida Campo 303.pdf | origem=texto itens=145
2026-09-23 16:25:51 | WARNING  | 01_DADOS_OPERACIONAIS\DEFENSIVOS\MILHO\Inseticida Campo 303.pdf | chave de acesso (44 digitos) NAO encontrada
2026-09-23 16:25:51 | ERROR    | pipeline | 01_DADOS_OPERACIONAIS\DEFENSIVOS\MILHO\Inseticida Campo 303.pdf | NAO processado -> nao foi encontrada a chave de acesso (44 digitos)
2026-09-23 16:25:51 | INFO     | pipeline | [103/226] processando 01_DADOS_OPERACIONAIS\DEFENSIVOS\MILHO\Inseticida Campo 304.pdf
2026-09-23 16:25:51 | INFO     | 01_DADOS_OPERACIONAIS\DEFENSIVOS\MILHO\Inseticida Campo 304.pdf | inicio de extracao
2026-09-23 16:25:51 | INFO     | 01_DADOS_OPERACIONAIS\DEFENSIVOS\MILHO\Inseticida Campo 304.pdf | origem=texto itens=137
2026-09-23 16:25:51 | WARNING  | 01_DADOS_OPERACIONAIS\DEFENSIVOS\MILHO\Inseticida Campo 304.pdf | chave de acesso (44 digitos) NAO encontrada
2026-09-23 16:25:51 | ERROR    | pipeline | 01_DADOS_OPERACIONAIS\DEFENSIVOS\MILHO\Inseticida Campo 304.pdf | NAO processado -> nao foi encontrada a chave de acesso (44 digitos)
2026-09-23 16:25:51 | INFO     | pipeline | [104/226] processando 01_DADOS_OPERACIONAIS\DEFENSIVOS\MILHO\Inseticida Campo 306.pdf
2026-09-23 16:25:51 | INFO     | 01_DADOS_OPERACIONAIS\DEFENSIVOS\MILHO\Inseticida Campo 306.pdf | inicio de extracao
2026-09-23 16:25:51 | INFO     | 01_DADOS_OPERACIONAIS\DEFENSIVOS\MILHO\Inseticida Campo 306.pdf | origem=texto itens=104
2026-09-23 16:25:51 | WARNING  | 01_DADOS_OPERACIONAIS\DEFENSIVOS\MILHO\Inseticida Campo 306.pdf | chave de acesso (44 digitos) NAO encontrada
2026-09-23 16:25:51 | ERROR    | pipeline | 01_DADOS_OPERACIONAIS\DEFENSIVOS\MILHO\Inseticida Campo 306.pdf | NAO processado -> nao foi encontrada a chave de acesso (44 digitos)
2026-09-23 16:25:51 | INFO     | pipeline | [105/226] processando 01_DADOS_OPERACIONAIS\DEFENSIVOS\MILHO\Inseticida Campo 501.pdf
2026-09-23 16:25:51 | INFO     | 01_DADOS_OPERACIONAIS\DEFENSIVOS\MILHO\Inseticida Campo 501.pdf | inicio de extracao
2026-09-23 16:25:51 | INFO     | 01_DADOS_OPERACIONAIS\DEFENSIVOS\MILHO\Inseticida Campo 501.pdf | origem=texto itens=112
2026-09-23 16:25:51 | WARNING  | 01_DADOS_OPERACIONAIS\DEFENSIVOS\MILHO\Inseticida Campo 501.pdf | chave de acesso (44 digitos) NAO encontrada
2026-09-23 16:25:51 | ERROR    | pipeline | 01_DADOS_OPERACIONAIS\DEFENSIVOS\MILHO\Inseticida Campo 501.pdf | NAO processado -> nao foi encontrada a chave de acesso (44 digitos)
2026-09-23 16:25:51 | INFO     | pipeline | [106/226] processando 01_DADOS_OPERACIONAIS\DEFENSIVOS\MILHO\Inseticida Campo 502.pdf
2026-09-23 16:25:51 | INFO     | 01_DADOS_OPERACIONAIS\DEFENSIVOS\MILHO\Inseticida Campo 502.pdf | inicio de extracao
2026-09-23 16:25:51 | INFO     | 01_DADOS_OPERACIONAIS\DEFENSIVOS\MILHO\Inseticida Campo 502.pdf | origem=texto itens=128
2026-09-23 16:25:51 | WARNING  | 01_DADOS_OPERACIONAIS\DEFENSIVOS\MILHO\Inseticida Campo 502.pdf | chave de acesso (44 digitos) NAO encontrada
2026-09-23 16:25:51 | ERROR    | pipeline | 01_DADOS_OPERACIONAIS\DEFENSIVOS\MILHO\Inseticida Campo 502.pdf | NAO processado -> nao foi encontrada a chave de acesso (44 digitos)
2026-09-23 16:25:51 | INFO     | pipeline | [107/226] processando 01_DADOS_OPERACIONAIS\DEFENSIVOS\MILHO\Inseticida Campo 503.pdf
2026-09-23 16:25:51 | INFO     | 01_DADOS_OPERACIONAIS\DEFENSIVOS\MILHO\Inseticida Campo 503.pdf | inicio de extracao
2026-09-23 16:25:51 | INFO     | 01_DADOS_OPERACIONAIS\DEFENSIVOS\MILHO\Inseticida Campo 503.pdf | origem=texto itens=94
2026-09-23 16:25:51 | WARNING  | 01_DADOS_OPERACIONAIS\DEFENSIVOS\MILHO\Inseticida Campo 503.pdf | chave de acesso (44 digitos) NAO encontrada
2026-09-23 16:25:51 | ERROR    | pipeline | 01_DADOS_OPERACIONAIS\DEFENSIVOS\MILHO\Inseticida Campo 503.pdf | NAO processado -> nao foi encontrada a chave de acesso (44 digitos)
2026-09-23 16:25:51 | INFO     | pipeline | [108/226] processando 01_DADOS_OPERACIONAIS\DEFENSIVOS\MILHO\Inseticida Campo 504.pdf
2026-09-23 16:25:51 | INFO     | 01_DADOS_OPERACIONAIS\DEFENSIVOS\MILHO\Inseticida Campo 504.pdf | inicio de extracao
2026-09-23 16:25:51 | INFO     | 01_DADOS_OPERACIONAIS\DEFENSIVOS\MILHO\Inseticida Campo 504.pdf | origem=texto itens=128
2026-09-23 16:25:51 | WARNING  | 01_DADOS_OPERACIONAIS\DEFENSIVOS\MILHO\Inseticida Campo 504.pdf | chave de acesso (44 digitos) NAO encontrada
2026-09-23 16:25:51 | ERROR    | pipeline | 01_DADOS_OPERACIONAIS\DEFENSIVOS\MILHO\Inseticida Campo 504.pdf | NAO processado -> nao foi encontrada a chave de acesso (44 digitos)
2026-09-23 16:25:51 | INFO     | pipeline | [109/226] processando 01_DADOS_OPERACIONAIS\DEFENSIVOS\MILHO\Inseticida Campo 506.pdf
2026-09-23 16:25:51 | INFO     | 01_DADOS_OPERACIONAIS\DEFENSIVOS\MILHO\Inseticida Campo 506.pdf | inicio de extracao
2026-09-23 16:25:51 | INFO     | 01_DADOS_OPERACIONAIS\DEFENSIVOS\MILHO\Inseticida Campo 506.pdf | origem=texto itens=120
2026-09-23 16:25:51 | WARNING  | 01_DADOS_OPERACIONAIS\DEFENSIVOS\MILHO\Inseticida Campo 506.pdf | chave de acesso (44 digitos) NAO encontrada
2026-09-23 16:25:51 | ERROR    | pipeline | 01_DADOS_OPERACIONAIS\DEFENSIVOS\MILHO\Inseticida Campo 506.pdf | NAO processado -> nao foi encontrada a chave de acesso (44 digitos)
2026-09-23 16:25:51 | INFO     | pipeline | [110/226] processando 01_DADOS_OPERACIONAIS\DEFENSIVOS\MILHO\Inseticida Campo 507.pdf
2026-09-23 16:25:51 | INFO     | 01_DADOS_OPERACIONAIS\DEFENSIVOS\MILHO\Inseticida Campo 507.pdf | inicio de extracao
2026-09-23 16:25:51 | INFO     | 01_DADOS_OPERACIONAIS\DEFENSIVOS\MILHO\Inseticida Campo 507.pdf | origem=texto itens=112
2026-09-23 16:25:51 | WARNING  | 01_DADOS_OPERACIONAIS\DEFENSIVOS\MILHO\Inseticida Campo 507.pdf | chave de acesso (44 digitos) NAO encontrada
2026-09-23 16:25:51 | ERROR    | pipeline | 01_DADOS_OPERACIONAIS\DEFENSIVOS\MILHO\Inseticida Campo 507.pdf | NAO processado -> nao foi encontrada a chave de acesso (44 digitos)
2026-09-23 16:25:51 | INFO     | pipeline | [111/226] processando 01_DADOS_OPERACIONAIS\DEFENSIVOS\MILHO\Inseticida Campo 508.pdf
2026-09-23 16:25:51 | INFO     | 01_DADOS_OPERACIONAIS\DEFENSIVOS\MILHO\Inseticida Campo 508.pdf | inicio de extracao
2026-09-23 16:25:51 | INFO     | 01_DADOS_OPERACIONAIS\DEFENSIVOS\MILHO\Inseticida Campo 508.pdf | origem=texto itens=129
2026-09-23 16:25:51 | WARNING  | 01_DADOS_OPERACIONAIS\DEFENSIVOS\MILHO\Inseticida Campo 508.pdf | chave de acesso (44 digitos) NAO encontrada
2026-09-23 16:25:51 | ERROR    | pipeline | 01_DADOS_OPERACIONAIS\DEFENSIVOS\MILHO\Inseticida Campo 508.pdf | NAO processado -> nao foi encontrada a chave de acesso (44 digitos)
2026-09-23 16:25:51 | INFO     | pipeline | [112/226] processando 01_DADOS_OPERACIONAIS\FERTILIZANTES\ALGODAO\Fertilizantes Campo 204.pdf
2026-09-23 16:25:51 | INFO     | 01_DADOS_OPERACIONAIS\FERTILIZANTES\ALGODAO\Fertilizantes Campo 204.pdf | inicio de extracao
2026-09-23 16:25:51 | INFO     | 01_DADOS_OPERACIONAIS\FERTILIZANTES\ALGODAO\Fertilizantes Campo 204.pdf | origem=texto itens=134
2026-09-23 16:25:51 | WARNING  | 01_DADOS_OPERACIONAIS\FERTILIZANTES\ALGODAO\Fertilizantes Campo 204.pdf | chave de acesso (44 digitos) NAO encontrada
2026-09-23 16:25:51 | ERROR    | pipeline | 01_DADOS_OPERACIONAIS\FERTILIZANTES\ALGODAO\Fertilizantes Campo 204.pdf | NAO processado -> nao foi encontrada a chave de acesso (44 digitos)
2026-09-23 16:25:51 | INFO     | pipeline | [113/226] processando 01_DADOS_OPERACIONAIS\FERTILIZANTES\ALGODAO\Fertilizantes Campo 209.pdf
2026-09-23 16:25:51 | INFO     | 01_DADOS_OPERACIONAIS\FERTILIZANTES\ALGODAO\Fertilizantes Campo 209.pdf | inicio de extracao
2026-09-23 16:25:51 | INFO     | 01_DADOS_OPERACIONAIS\FERTILIZANTES\ALGODAO\Fertilizantes Campo 209.pdf | origem=texto itens=134
2026-09-23 16:25:51 | WARNING  | 01_DADOS_OPERACIONAIS\FERTILIZANTES\ALGODAO\Fertilizantes Campo 209.pdf | chave de acesso (44 digitos) NAO encontrada
2026-09-23 16:25:51 | ERROR    | pipeline | 01_DADOS_OPERACIONAIS\FERTILIZANTES\ALGODAO\Fertilizantes Campo 209.pdf | NAO processado -> nao foi encontrada a chave de acesso (44 digitos)
2026-09-23 16:25:51 | INFO     | pipeline | [114/226] processando 01_DADOS_OPERACIONAIS\FERTILIZANTES\ALGODAO\Fertilizantes Campo 210.pdf
2026-09-23 16:25:51 | INFO     | 01_DADOS_OPERACIONAIS\FERTILIZANTES\ALGODAO\Fertilizantes Campo 210.pdf | inicio de extracao
2026-09-23 16:25:51 | INFO     | 01_DADOS_OPERACIONAIS\FERTILIZANTES\ALGODAO\Fertilizantes Campo 210.pdf | origem=texto itens=134
2026-09-23 16:25:51 | WARNING  | 01_DADOS_OPERACIONAIS\FERTILIZANTES\ALGODAO\Fertilizantes Campo 210.pdf | chave de acesso (44 digitos) NAO encontrada
2026-09-23 16:25:51 | ERROR    | pipeline | 01_DADOS_OPERACIONAIS\FERTILIZANTES\ALGODAO\Fertilizantes Campo 210.pdf | NAO processado -> nao foi encontrada a chave de acesso (44 digitos)
2026-09-23 16:25:51 | INFO     | pipeline | [115/226] processando 01_DADOS_OPERACIONAIS\FERTILIZANTES\ALGODAO\Fertilizantes Campo 211.pdf
2026-09-23 16:25:51 | INFO     | 01_DADOS_OPERACIONAIS\FERTILIZANTES\ALGODAO\Fertilizantes Campo 211.pdf | inicio de extracao
2026-09-23 16:25:51 | INFO     | 01_DADOS_OPERACIONAIS\FERTILIZANTES\ALGODAO\Fertilizantes Campo 211.pdf | origem=texto itens=143
2026-09-23 16:25:51 | WARNING  | 01_DADOS_OPERACIONAIS\FERTILIZANTES\ALGODAO\Fertilizantes Campo 211.pdf | chave de acesso (44 digitos) NAO encontrada
2026-09-23 16:25:51 | ERROR    | pipeline | 01_DADOS_OPERACIONAIS\FERTILIZANTES\ALGODAO\Fertilizantes Campo 211.pdf | NAO processado -> nao foi encontrada a chave de acesso (44 digitos)
2026-09-23 16:25:51 | INFO     | pipeline | [116/226] processando 01_DADOS_OPERACIONAIS\FERTILIZANTES\ALGODAO\Fertilizantes Campo 301.pdf
2026-09-23 16:25:51 | INFO     | 01_DADOS_OPERACIONAIS\FERTILIZANTES\ALGODAO\Fertilizantes Campo 301.pdf | inicio de extracao
2026-09-23 16:25:51 | INFO     | 01_DADOS_OPERACIONAIS\FERTILIZANTES\ALGODAO\Fertilizantes Campo 301.pdf | origem=texto itens=135
2026-09-23 16:25:51 | WARNING  | 01_DADOS_OPERACIONAIS\FERTILIZANTES\ALGODAO\Fertilizantes Campo 301.pdf | chave de acesso (44 digitos) NAO encontrada
2026-09-23 16:25:51 | ERROR    | pipeline | 01_DADOS_OPERACIONAIS\FERTILIZANTES\ALGODAO\Fertilizantes Campo 301.pdf | NAO processado -> nao foi encontrada a chave de acesso (44 digitos)
2026-09-23 16:25:51 | INFO     | pipeline | [117/226] processando 01_DADOS_OPERACIONAIS\FERTILIZANTES\ALGODAO\Fertilizantes Campo 302.pdf
2026-09-23 16:25:51 | INFO     | 01_DADOS_OPERACIONAIS\FERTILIZANTES\ALGODAO\Fertilizantes Campo 302.pdf | inicio de extracao
2026-09-23 16:25:51 | INFO     | 01_DADOS_OPERACIONAIS\FERTILIZANTES\ALGODAO\Fertilizantes Campo 302.pdf | origem=texto itens=135
2026-09-23 16:25:51 | WARNING  | 01_DADOS_OPERACIONAIS\FERTILIZANTES\ALGODAO\Fertilizantes Campo 302.pdf | chave de acesso (44 digitos) NAO encontrada
2026-09-23 16:25:51 | ERROR    | pipeline | 01_DADOS_OPERACIONAIS\FERTILIZANTES\ALGODAO\Fertilizantes Campo 302.pdf | NAO processado -> nao foi encontrada a chave de acesso (44 digitos)
2026-09-23 16:25:51 | INFO     | pipeline | [118/226] processando 01_DADOS_OPERACIONAIS\FERTILIZANTES\ALGODAO\Fertilizantes Campo 305.pdf
2026-09-23 16:25:51 | INFO     | 01_DADOS_OPERACIONAIS\FERTILIZANTES\ALGODAO\Fertilizantes Campo 305.pdf | inicio de extracao
2026-09-23 16:25:51 | INFO     | 01_DADOS_OPERACIONAIS\FERTILIZANTES\ALGODAO\Fertilizantes Campo 305.pdf | origem=texto itens=145
2026-09-23 16:25:51 | WARNING  | 01_DADOS_OPERACIONAIS\FERTILIZANTES\ALGODAO\Fertilizantes Campo 305.pdf | chave de acesso (44 digitos) NAO encontrada
2026-09-23 16:25:51 | ERROR    | pipeline | 01_DADOS_OPERACIONAIS\FERTILIZANTES\ALGODAO\Fertilizantes Campo 305.pdf | NAO processado -> nao foi encontrada a chave de acesso (44 digitos)
2026-09-23 16:25:51 | INFO     | pipeline | [119/226] processando 01_DADOS_OPERACIONAIS\FERTILIZANTES\ALGODAO\Fertilizantes Campo Pivo 01.pdf
2026-09-23 16:25:51 | INFO     | 01_DADOS_OPERACIONAIS\FERTILIZANTES\ALGODAO\Fertilizantes Campo Pivo 01.pdf | inicio de extracao
2026-09-23 16:25:51 | INFO     | 01_DADOS_OPERACIONAIS\FERTILIZANTES\ALGODAO\Fertilizantes Campo Pivo 01.pdf | origem=texto itens=165
2026-09-23 16:25:51 | WARNING  | 01_DADOS_OPERACIONAIS\FERTILIZANTES\ALGODAO\Fertilizantes Campo Pivo 01.pdf | chave de acesso (44 digitos) NAO encontrada
2026-09-23 16:25:51 | ERROR    | pipeline | 01_DADOS_OPERACIONAIS\FERTILIZANTES\ALGODAO\Fertilizantes Campo Pivo 01.pdf | NAO processado -> nao foi encontrada a chave de acesso (44 digitos)
2026-09-23 16:25:51 | INFO     | pipeline | [120/226] processando 01_DADOS_OPERACIONAIS\FERTILIZANTES\ALGODAO\Fertilizantes Campo Pivo 02.pdf
2026-09-23 16:25:51 | INFO     | 01_DADOS_OPERACIONAIS\FERTILIZANTES\ALGODAO\Fertilizantes Campo Pivo 02.pdf | inicio de extracao
2026-09-23 16:25:51 | INFO     | 01_DADOS_OPERACIONAIS\FERTILIZANTES\ALGODAO\Fertilizantes Campo Pivo 02.pdf | origem=texto itens=164
2026-09-23 16:25:51 | WARNING  | 01_DADOS_OPERACIONAIS\FERTILIZANTES\ALGODAO\Fertilizantes Campo Pivo 02.pdf | chave de acesso (44 digitos) NAO encontrada
2026-09-23 16:25:51 | ERROR    | pipeline | 01_DADOS_OPERACIONAIS\FERTILIZANTES\ALGODAO\Fertilizantes Campo Pivo 02.pdf | NAO processado -> nao foi encontrada a chave de acesso (44 digitos)
2026-09-23 16:25:51 | INFO     | pipeline | [121/226] processando 01_DADOS_OPERACIONAIS\FERTILIZANTES\MILHO\Fertilizantes Campo 102.pdf
2026-09-23 16:25:51 | INFO     | 01_DADOS_OPERACIONAIS\FERTILIZANTES\MILHO\Fertilizantes Campo 102.pdf | inicio de extracao
2026-09-23 16:25:51 | INFO     | 01_DADOS_OPERACIONAIS\FERTILIZANTES\MILHO\Fertilizantes Campo 102.pdf | origem=texto itens=104
2026-09-23 16:25:51 | WARNING  | 01_DADOS_OPERACIONAIS\FERTILIZANTES\MILHO\Fertilizantes Campo 102.pdf | chave de acesso (44 digitos) NAO encontrada
2026-09-23 16:25:51 | ERROR    | pipeline | 01_DADOS_OPERACIONAIS\FERTILIZANTES\MILHO\Fertilizantes Campo 102.pdf | NAO processado -> nao foi encontrada a chave de acesso (44 digitos)
2026-09-23 16:25:51 | INFO     | pipeline | [122/226] processando 01_DADOS_OPERACIONAIS\FERTILIZANTES\MILHO\Fertilizantes Campo 103.pdf
2026-09-23 16:25:51 | INFO     | 01_DADOS_OPERACIONAIS\FERTILIZANTES\MILHO\Fertilizantes Campo 103.pdf | inicio de extracao
2026-09-23 16:25:51 | INFO     | 01_DADOS_OPERACIONAIS\FERTILIZANTES\MILHO\Fertilizantes Campo 103.pdf | origem=texto itens=119
2026-09-23 16:25:51 | WARNING  | 01_DADOS_OPERACIONAIS\FERTILIZANTES\MILHO\Fertilizantes Campo 103.pdf | chave de acesso (44 digitos) NAO encontrada
2026-09-23 16:25:51 | ERROR    | pipeline | 01_DADOS_OPERACIONAIS\FERTILIZANTES\MILHO\Fertilizantes Campo 103.pdf | NAO processado -> nao foi encontrada a chave de acesso (44 digitos)
2026-09-23 16:25:51 | INFO     | pipeline | [123/226] processando 01_DADOS_OPERACIONAIS\FERTILIZANTES\MILHO\Fertilizantes Campo 104.pdf
2026-09-23 16:25:51 | INFO     | 01_DADOS_OPERACIONAIS\FERTILIZANTES\MILHO\Fertilizantes Campo 104.pdf | inicio de extracao
2026-09-23 16:25:51 | INFO     | 01_DADOS_OPERACIONAIS\FERTILIZANTES\MILHO\Fertilizantes Campo 104.pdf | origem=texto itens=109
2026-09-23 16:25:51 | WARNING  | 01_DADOS_OPERACIONAIS\FERTILIZANTES\MILHO\Fertilizantes Campo 104.pdf | chave de acesso (44 digitos) NAO encontrada
2026-09-23 16:25:51 | ERROR    | pipeline | 01_DADOS_OPERACIONAIS\FERTILIZANTES\MILHO\Fertilizantes Campo 104.pdf | NAO processado -> nao foi encontrada a chave de acesso (44 digitos)
2026-09-23 16:25:51 | INFO     | pipeline | [124/226] processando 01_DADOS_OPERACIONAIS\FERTILIZANTES\MILHO\Fertilizantes Campo 105.pdf
2026-09-23 16:25:51 | INFO     | 01_DADOS_OPERACIONAIS\FERTILIZANTES\MILHO\Fertilizantes Campo 105.pdf | inicio de extracao
2026-09-23 16:25:51 | INFO     | 01_DADOS_OPERACIONAIS\FERTILIZANTES\MILHO\Fertilizantes Campo 105.pdf | origem=texto itens=109
2026-09-23 16:25:51 | WARNING  | 01_DADOS_OPERACIONAIS\FERTILIZANTES\MILHO\Fertilizantes Campo 105.pdf | chave de acesso (44 digitos) NAO encontrada
2026-09-23 16:25:51 | ERROR    | pipeline | 01_DADOS_OPERACIONAIS\FERTILIZANTES\MILHO\Fertilizantes Campo 105.pdf | NAO processado -> nao foi encontrada a chave de acesso (44 digitos)
2026-09-23 16:25:51 | INFO     | pipeline | [125/226] processando 01_DADOS_OPERACIONAIS\FERTILIZANTES\MILHO\Fertilizantes Campo 106.pdf
2026-09-23 16:25:51 | INFO     | 01_DADOS_OPERACIONAIS\FERTILIZANTES\MILHO\Fertilizantes Campo 106.pdf | inicio de extracao
2026-09-23 16:25:51 | INFO     | 01_DADOS_OPERACIONAIS\FERTILIZANTES\MILHO\Fertilizantes Campo 106.pdf | origem=texto itens=109
2026-09-23 16:25:51 | WARNING  | 01_DADOS_OPERACIONAIS\FERTILIZANTES\MILHO\Fertilizantes Campo 106.pdf | chave de acesso (44 digitos) NAO encontrada
2026-09-23 16:25:51 | ERROR    | pipeline | 01_DADOS_OPERACIONAIS\FERTILIZANTES\MILHO\Fertilizantes Campo 106.pdf | NAO processado -> nao foi encontrada a chave de acesso (44 digitos)
2026-09-23 16:25:51 | INFO     | pipeline | [126/226] processando 01_DADOS_OPERACIONAIS\FERTILIZANTES\MILHO\Fertilizantes Campo 107.pdf
2026-09-23 16:25:51 | INFO     | 01_DADOS_OPERACIONAIS\FERTILIZANTES\MILHO\Fertilizantes Campo 107.pdf | inicio de extracao
2026-09-23 16:25:51 | INFO     | 01_DADOS_OPERACIONAIS\FERTILIZANTES\MILHO\Fertilizantes Campo 107.pdf | origem=texto itens=109
2026-09-23 16:25:51 | WARNING  | 01_DADOS_OPERACIONAIS\FERTILIZANTES\MILHO\Fertilizantes Campo 107.pdf | chave de acesso (44 digitos) NAO encontrada
2026-09-23 16:25:51 | ERROR    | pipeline | 01_DADOS_OPERACIONAIS\FERTILIZANTES\MILHO\Fertilizantes Campo 107.pdf | NAO processado -> nao foi encontrada a chave de acesso (44 digitos)
2026-09-23 16:25:51 | INFO     | pipeline | [127/226] processando 01_DADOS_OPERACIONAIS\FERTILIZANTES\MILHO\Fertilizantes Campo 108.pdf
2026-09-23 16:25:51 | INFO     | 01_DADOS_OPERACIONAIS\FERTILIZANTES\MILHO\Fertilizantes Campo 108.pdf | inicio de extracao
2026-09-23 16:25:51 | INFO     | 01_DADOS_OPERACIONAIS\FERTILIZANTES\MILHO\Fertilizantes Campo 108.pdf | origem=texto itens=99
2026-09-23 16:25:51 | WARNING  | 01_DADOS_OPERACIONAIS\FERTILIZANTES\MILHO\Fertilizantes Campo 108.pdf | chave de acesso (44 digitos) NAO encontrada
2026-09-23 16:25:51 | ERROR    | pipeline | 01_DADOS_OPERACIONAIS\FERTILIZANTES\MILHO\Fertilizantes Campo 108.pdf | NAO processado -> nao foi encontrada a chave de acesso (44 digitos)
2026-09-23 16:25:51 | INFO     | pipeline | [128/226] processando 01_DADOS_OPERACIONAIS\FERTILIZANTES\MILHO\Fertilizantes Campo 109.pdf
2026-09-23 16:25:51 | INFO     | 01_DADOS_OPERACIONAIS\FERTILIZANTES\MILHO\Fertilizantes Campo 109.pdf | inicio de extracao
2026-09-23 16:25:51 | INFO     | 01_DADOS_OPERACIONAIS\FERTILIZANTES\MILHO\Fertilizantes Campo 109.pdf | origem=texto itens=99
2026-09-23 16:25:51 | WARNING  | 01_DADOS_OPERACIONAIS\FERTILIZANTES\MILHO\Fertilizantes Campo 109.pdf | chave de acesso (44 digitos) NAO encontrada
2026-09-23 16:25:51 | ERROR    | pipeline | 01_DADOS_OPERACIONAIS\FERTILIZANTES\MILHO\Fertilizantes Campo 109.pdf | NAO processado -> nao foi encontrada a chave de acesso (44 digitos)
2026-09-23 16:25:51 | INFO     | pipeline | [129/226] processando 01_DADOS_OPERACIONAIS\FERTILIZANTES\MILHO\Fertilizantes Campo 110.pdf
2026-09-23 16:25:51 | INFO     | 01_DADOS_OPERACIONAIS\FERTILIZANTES\MILHO\Fertilizantes Campo 110.pdf | inicio de extracao
2026-09-23 16:25:51 | INFO     | 01_DADOS_OPERACIONAIS\FERTILIZANTES\MILHO\Fertilizantes Campo 110.pdf | origem=texto itens=109
2026-09-23 16:25:51 | WARNING  | 01_DADOS_OPERACIONAIS\FERTILIZANTES\MILHO\Fertilizantes Campo 110.pdf | chave de acesso (44 digitos) NAO encontrada
2026-09-23 16:25:51 | ERROR    | pipeline | 01_DADOS_OPERACIONAIS\FERTILIZANTES\MILHO\Fertilizantes Campo 110.pdf | NAO processado -> nao foi encontrada a chave de acesso (44 digitos)
2026-09-23 16:25:51 | INFO     | pipeline | [130/226] processando 01_DADOS_OPERACIONAIS\FERTILIZANTES\MILHO\Fertilizantes Campo 201.pdf
2026-09-23 16:25:51 | INFO     | 01_DADOS_OPERACIONAIS\FERTILIZANTES\MILHO\Fertilizantes Campo 201.pdf | inicio de extracao
2026-09-23 16:25:51 | INFO     | 01_DADOS_OPERACIONAIS\FERTILIZANTES\MILHO\Fertilizantes Campo 201.pdf | origem=texto itens=112
2026-09-23 16:25:51 | WARNING  | 01_DADOS_OPERACIONAIS\FERTILIZANTES\MILHO\Fertilizantes Campo 201.pdf | chave de acesso (44 digitos) NAO encontrada
2026-09-23 16:25:51 | ERROR    | pipeline | 01_DADOS_OPERACIONAIS\FERTILIZANTES\MILHO\Fertilizantes Campo 201.pdf | NAO processado -> nao foi encontrada a chave de acesso (44 digitos)
2026-09-23 16:25:51 | INFO     | pipeline | [131/226] processando 01_DADOS_OPERACIONAIS\FERTILIZANTES\MILHO\Fertilizantes Campo 202.pdf
2026-09-23 16:25:51 | INFO     | 01_DADOS_OPERACIONAIS\FERTILIZANTES\MILHO\Fertilizantes Campo 202.pdf | inicio de extracao
2026-09-23 16:25:51 | INFO     | 01_DADOS_OPERACIONAIS\FERTILIZANTES\MILHO\Fertilizantes Campo 202.pdf | origem=texto itens=117
2026-09-23 16:25:51 | WARNING  | 01_DADOS_OPERACIONAIS\FERTILIZANTES\MILHO\Fertilizantes Campo 202.pdf | chave de acesso (44 digitos) NAO encontrada
2026-09-23 16:25:51 | ERROR    | pipeline | 01_DADOS_OPERACIONAIS\FERTILIZANTES\MILHO\Fertilizantes Campo 202.pdf | NAO processado -> nao foi encontrada a chave de acesso (44 digitos)
2026-09-23 16:25:51 | INFO     | pipeline | [132/226] processando 01_DADOS_OPERACIONAIS\FERTILIZANTES\MILHO\Fertilizantes Campo 205.pdf
2026-09-23 16:25:51 | INFO     | 01_DADOS_OPERACIONAIS\FERTILIZANTES\MILHO\Fertilizantes Campo 205.pdf | inicio de extracao
2026-09-23 16:25:51 | INFO     | 01_DADOS_OPERACIONAIS\FERTILIZANTES\MILHO\Fertilizantes Campo 205.pdf | origem=texto itens=117
2026-09-23 16:25:51 | WARNING  | 01_DADOS_OPERACIONAIS\FERTILIZANTES\MILHO\Fertilizantes Campo 205.pdf | chave de acesso (44 digitos) NAO encontrada
2026-09-23 16:25:51 | ERROR    | pipeline | 01_DADOS_OPERACIONAIS\FERTILIZANTES\MILHO\Fertilizantes Campo 205.pdf | NAO processado -> nao foi encontrada a chave de acesso (44 digitos)
2026-09-23 16:25:51 | INFO     | pipeline | [133/226] processando 01_DADOS_OPERACIONAIS\FERTILIZANTES\MILHO\Fertilizantes Campo 206.pdf
2026-09-23 16:25:51 | INFO     | 01_DADOS_OPERACIONAIS\FERTILIZANTES\MILHO\Fertilizantes Campo 206.pdf | inicio de extracao
2026-09-23 16:25:51 | INFO     | 01_DADOS_OPERACIONAIS\FERTILIZANTES\MILHO\Fertilizantes Campo 206.pdf | origem=texto itens=117
2026-09-23 16:25:51 | WARNING  | 01_DADOS_OPERACIONAIS\FERTILIZANTES\MILHO\Fertilizantes Campo 206.pdf | chave de acesso (44 digitos) NAO encontrada
2026-09-23 16:25:51 | ERROR    | pipeline | 01_DADOS_OPERACIONAIS\FERTILIZANTES\MILHO\Fertilizantes Campo 206.pdf | NAO processado -> nao foi encontrada a chave de acesso (44 digitos)
2026-09-23 16:25:51 | INFO     | pipeline | [134/226] processando 01_DADOS_OPERACIONAIS\FERTILIZANTES\MILHO\Fertilizantes Campo 207.pdf
2026-09-23 16:25:51 | INFO     | 01_DADOS_OPERACIONAIS\FERTILIZANTES\MILHO\Fertilizantes Campo 207.pdf | inicio de extracao
2026-09-23 16:25:51 | INFO     | 01_DADOS_OPERACIONAIS\FERTILIZANTES\MILHO\Fertilizantes Campo 207.pdf | origem=texto itens=117
2026-09-23 16:25:51 | WARNING  | 01_DADOS_OPERACIONAIS\FERTILIZANTES\MILHO\Fertilizantes Campo 207.pdf | chave de acesso (44 digitos) NAO encontrada
2026-09-23 16:25:51 | ERROR    | pipeline | 01_DADOS_OPERACIONAIS\FERTILIZANTES\MILHO\Fertilizantes Campo 207.pdf | NAO processado -> nao foi encontrada a chave de acesso (44 digitos)
2026-09-23 16:25:51 | INFO     | pipeline | [135/226] processando 01_DADOS_OPERACIONAIS\FERTILIZANTES\MILHO\Fertilizantes Campo 208.pdf
2026-09-23 16:25:51 | INFO     | 01_DADOS_OPERACIONAIS\FERTILIZANTES\MILHO\Fertilizantes Campo 208.pdf | inicio de extracao
2026-09-23 16:25:51 | INFO     | 01_DADOS_OPERACIONAIS\FERTILIZANTES\MILHO\Fertilizantes Campo 208.pdf | origem=texto itens=117
2026-09-23 16:25:51 | WARNING  | 01_DADOS_OPERACIONAIS\FERTILIZANTES\MILHO\Fertilizantes Campo 208.pdf | chave de acesso (44 digitos) NAO encontrada
2026-09-23 16:25:51 | ERROR    | pipeline | 01_DADOS_OPERACIONAIS\FERTILIZANTES\MILHO\Fertilizantes Campo 208.pdf | NAO processado -> nao foi encontrada a chave de acesso (44 digitos)
2026-09-23 16:25:51 | INFO     | pipeline | [136/226] processando 01_DADOS_OPERACIONAIS\FERTILIZANTES\MILHO\Fertilizantes Campo 212.pdf
2026-09-23 16:25:51 | INFO     | 01_DADOS_OPERACIONAIS\FERTILIZANTES\MILHO\Fertilizantes Campo 212.pdf | inicio de extracao
2026-09-23 16:25:51 | INFO     | 01_DADOS_OPERACIONAIS\FERTILIZANTES\MILHO\Fertilizantes Campo 212.pdf | origem=texto itens=126
2026-09-23 16:25:51 | WARNING  | 01_DADOS_OPERACIONAIS\FERTILIZANTES\MILHO\Fertilizantes Campo 212.pdf | chave de acesso (44 digitos) NAO encontrada
2026-09-23 16:25:51 | ERROR    | pipeline | 01_DADOS_OPERACIONAIS\FERTILIZANTES\MILHO\Fertilizantes Campo 212.pdf | NAO processado -> nao foi encontrada a chave de acesso (44 digitos)
2026-09-23 16:25:51 | INFO     | pipeline | [137/226] processando 01_DADOS_OPERACIONAIS\FERTILIZANTES\MILHO\Fertilizantes Campo 301.pdf
2026-09-23 16:25:51 | INFO     | 01_DADOS_OPERACIONAIS\FERTILIZANTES\MILHO\Fertilizantes Campo 301.pdf | inicio de extracao
2026-09-23 16:25:51 | INFO     | 01_DADOS_OPERACIONAIS\FERTILIZANTES\MILHO\Fertilizantes Campo 301.pdf | origem=texto itens=126
2026-09-23 16:25:51 | WARNING  | 01_DADOS_OPERACIONAIS\FERTILIZANTES\MILHO\Fertilizantes Campo 301.pdf | chave de acesso (44 digitos) NAO encontrada
2026-09-23 16:25:51 | ERROR    | pipeline | 01_DADOS_OPERACIONAIS\FERTILIZANTES\MILHO\Fertilizantes Campo 301.pdf | NAO processado -> nao foi encontrada a chave de acesso (44 digitos)
2026-09-23 16:25:51 | INFO     | pipeline | [138/226] processando 01_DADOS_OPERACIONAIS\FERTILIZANTES\MILHO\Fertilizantes Campo 303.pdf
2026-09-23 16:25:51 | INFO     | 01_DADOS_OPERACIONAIS\FERTILIZANTES\MILHO\Fertilizantes Campo 303.pdf | inicio de extracao
2026-09-23 16:25:51 | INFO     | 01_DADOS_OPERACIONAIS\FERTILIZANTES\MILHO\Fertilizantes Campo 303.pdf | origem=texto itens=126
2026-09-23 16:25:51 | WARNING  | 01_DADOS_OPERACIONAIS\FERTILIZANTES\MILHO\Fertilizantes Campo 303.pdf | chave de acesso (44 digitos) NAO encontrada
2026-09-23 16:25:51 | ERROR    | pipeline | 01_DADOS_OPERACIONAIS\FERTILIZANTES\MILHO\Fertilizantes Campo 303.pdf | NAO processado -> nao foi encontrada a chave de acesso (44 digitos)
2026-09-23 16:25:51 | INFO     | pipeline | [139/226] processando 01_DADOS_OPERACIONAIS\FERTILIZANTES\MILHO\Fertilizantes Campo 304.pdf
2026-09-23 16:25:51 | INFO     | 01_DADOS_OPERACIONAIS\FERTILIZANTES\MILHO\Fertilizantes Campo 304.pdf | inicio de extracao
2026-09-23 16:25:51 | INFO     | 01_DADOS_OPERACIONAIS\FERTILIZANTES\MILHO\Fertilizantes Campo 304.pdf | origem=texto itens=126
2026-09-23 16:25:51 | WARNING  | 01_DADOS_OPERACIONAIS\FERTILIZANTES\MILHO\Fertilizantes Campo 304.pdf | chave de acesso (44 digitos) NAO encontrada
2026-09-23 16:25:51 | ERROR    | pipeline | 01_DADOS_OPERACIONAIS\FERTILIZANTES\MILHO\Fertilizantes Campo 304.pdf | NAO processado -> nao foi encontrada a chave de acesso (44 digitos)
2026-09-23 16:25:51 | INFO     | pipeline | [140/226] processando 01_DADOS_OPERACIONAIS\FERTILIZANTES\MILHO\Fertilizantes Campo 306.pdf
2026-09-23 16:25:51 | INFO     | 01_DADOS_OPERACIONAIS\FERTILIZANTES\MILHO\Fertilizantes Campo 306.pdf | inicio de extracao
2026-09-23 16:25:51 | INFO     | 01_DADOS_OPERACIONAIS\FERTILIZANTES\MILHO\Fertilizantes Campo 306.pdf | origem=texto itens=118
2026-09-23 16:25:51 | WARNING  | 01_DADOS_OPERACIONAIS\FERTILIZANTES\MILHO\Fertilizantes Campo 306.pdf | chave de acesso (44 digitos) NAO encontrada
2026-09-23 16:25:51 | ERROR    | pipeline | 01_DADOS_OPERACIONAIS\FERTILIZANTES\MILHO\Fertilizantes Campo 306.pdf | NAO processado -> nao foi encontrada a chave de acesso (44 digitos)
2026-09-23 16:25:51 | INFO     | pipeline | [141/226] processando 01_DADOS_OPERACIONAIS\FERTILIZANTES\MILHO\Fertilizantes Campo 501.pdf
2026-09-23 16:25:51 | INFO     | 01_DADOS_OPERACIONAIS\FERTILIZANTES\MILHO\Fertilizantes Campo 501.pdf | inicio de extracao
2026-09-23 16:25:51 | INFO     | 01_DADOS_OPERACIONAIS\FERTILIZANTES\MILHO\Fertilizantes Campo 501.pdf | origem=texto itens=98
2026-09-23 16:25:51 | WARNING  | 01_DADOS_OPERACIONAIS\FERTILIZANTES\MILHO\Fertilizantes Campo 501.pdf | chave de acesso (44 digitos) NAO encontrada
2026-09-23 16:25:51 | ERROR    | pipeline | 01_DADOS_OPERACIONAIS\FERTILIZANTES\MILHO\Fertilizantes Campo 501.pdf | NAO processado -> nao foi encontrada a chave de acesso (44 digitos)
2026-09-23 16:25:51 | INFO     | pipeline | [142/226] processando 01_DADOS_OPERACIONAIS\FERTILIZANTES\MILHO\Fertilizantes Campo 502.pdf
2026-09-23 16:25:51 | INFO     | 01_DADOS_OPERACIONAIS\FERTILIZANTES\MILHO\Fertilizantes Campo 502.pdf | inicio de extracao
2026-09-23 16:25:51 | INFO     | 01_DADOS_OPERACIONAIS\FERTILIZANTES\MILHO\Fertilizantes Campo 502.pdf | origem=texto itens=98
2026-09-23 16:25:51 | WARNING  | 01_DADOS_OPERACIONAIS\FERTILIZANTES\MILHO\Fertilizantes Campo 502.pdf | chave de acesso (44 digitos) NAO encontrada
2026-09-23 16:25:51 | ERROR    | pipeline | 01_DADOS_OPERACIONAIS\FERTILIZANTES\MILHO\Fertilizantes Campo 502.pdf | NAO processado -> nao foi encontrada a chave de acesso (44 digitos)
2026-09-23 16:25:51 | INFO     | pipeline | [143/226] processando 01_DADOS_OPERACIONAIS\FERTILIZANTES\MILHO\Fertilizantes Campo 503.pdf
2026-09-23 16:25:51 | INFO     | 01_DADOS_OPERACIONAIS\FERTILIZANTES\MILHO\Fertilizantes Campo 503.pdf | inicio de extracao
2026-09-23 16:25:51 | INFO     | 01_DADOS_OPERACIONAIS\FERTILIZANTES\MILHO\Fertilizantes Campo 503.pdf | origem=texto itens=98
2026-09-23 16:25:51 | WARNING  | 01_DADOS_OPERACIONAIS\FERTILIZANTES\MILHO\Fertilizantes Campo 503.pdf | chave de acesso (44 digitos) NAO encontrada
2026-09-23 16:25:51 | ERROR    | pipeline | 01_DADOS_OPERACIONAIS\FERTILIZANTES\MILHO\Fertilizantes Campo 503.pdf | NAO processado -> nao foi encontrada a chave de acesso (44 digitos)
2026-09-23 16:25:51 | INFO     | pipeline | [144/226] processando 01_DADOS_OPERACIONAIS\FERTILIZANTES\MILHO\Fertilizantes Campo 504.pdf
2026-09-23 16:25:51 | INFO     | 01_DADOS_OPERACIONAIS\FERTILIZANTES\MILHO\Fertilizantes Campo 504.pdf | inicio de extracao
2026-09-23 16:25:51 | INFO     | 01_DADOS_OPERACIONAIS\FERTILIZANTES\MILHO\Fertilizantes Campo 504.pdf | origem=texto itens=98
2026-09-23 16:25:51 | WARNING  | 01_DADOS_OPERACIONAIS\FERTILIZANTES\MILHO\Fertilizantes Campo 504.pdf | chave de acesso (44 digitos) NAO encontrada
2026-09-23 16:25:51 | ERROR    | pipeline | 01_DADOS_OPERACIONAIS\FERTILIZANTES\MILHO\Fertilizantes Campo 504.pdf | NAO processado -> nao foi encontrada a chave de acesso (44 digitos)
2026-09-23 16:25:51 | INFO     | pipeline | [145/226] processando 01_DADOS_OPERACIONAIS\FERTILIZANTES\MILHO\Fertilizantes Campo 506.pdf
2026-09-23 16:25:51 | INFO     | 01_DADOS_OPERACIONAIS\FERTILIZANTES\MILHO\Fertilizantes Campo 506.pdf | inicio de extracao
2026-09-23 16:25:51 | INFO     | 01_DADOS_OPERACIONAIS\FERTILIZANTES\MILHO\Fertilizantes Campo 506.pdf | origem=texto itens=98
2026-09-23 16:25:51 | WARNING  | 01_DADOS_OPERACIONAIS\FERTILIZANTES\MILHO\Fertilizantes Campo 506.pdf | chave de acesso (44 digitos) NAO encontrada
2026-09-23 16:25:51 | ERROR    | pipeline | 01_DADOS_OPERACIONAIS\FERTILIZANTES\MILHO\Fertilizantes Campo 506.pdf | NAO processado -> nao foi encontrada a chave de acesso (44 digitos)
2026-09-23 16:25:51 | INFO     | pipeline | [146/226] processando 01_DADOS_OPERACIONAIS\FERTILIZANTES\MILHO\Fertilizantes Campo 507.pdf
2026-09-23 16:25:51 | INFO     | 01_DADOS_OPERACIONAIS\FERTILIZANTES\MILHO\Fertilizantes Campo 507.pdf | inicio de extracao
2026-09-23 16:25:51 | INFO     | 01_DADOS_OPERACIONAIS\FERTILIZANTES\MILHO\Fertilizantes Campo 507.pdf | origem=texto itens=108
2026-09-23 16:25:51 | WARNING  | 01_DADOS_OPERACIONAIS\FERTILIZANTES\MILHO\Fertilizantes Campo 507.pdf | chave de acesso (44 digitos) NAO encontrada
2026-09-23 16:25:51 | ERROR    | pipeline | 01_DADOS_OPERACIONAIS\FERTILIZANTES\MILHO\Fertilizantes Campo 507.pdf | NAO processado -> nao foi encontrada a chave de acesso (44 digitos)
2026-09-23 16:25:51 | INFO     | pipeline | [147/226] processando 01_DADOS_OPERACIONAIS\FERTILIZANTES\MILHO\Fertilizantes Campo 508.pdf
2026-09-23 16:25:51 | INFO     | 01_DADOS_OPERACIONAIS\FERTILIZANTES\MILHO\Fertilizantes Campo 508.pdf | inicio de extracao
2026-09-23 16:25:51 | INFO     | 01_DADOS_OPERACIONAIS\FERTILIZANTES\MILHO\Fertilizantes Campo 508.pdf | origem=texto itens=98
2026-09-23 16:25:51 | WARNING  | 01_DADOS_OPERACIONAIS\FERTILIZANTES\MILHO\Fertilizantes Campo 508.pdf | chave de acesso (44 digitos) NAO encontrada
2026-09-23 16:25:51 | ERROR    | pipeline | 01_DADOS_OPERACIONAIS\FERTILIZANTES\MILHO\Fertilizantes Campo 508.pdf | NAO processado -> nao foi encontrada a chave de acesso (44 digitos)
2026-09-23 16:25:51 | INFO     | pipeline | [148/226] processando 01_DADOS_OPERACIONAIS\FERTILIZANTES\MILHO\Fertilizantes Campo Pivo 01.pdf
2026-09-23 16:25:51 | INFO     | 01_DADOS_OPERACIONAIS\FERTILIZANTES\MILHO\Fertilizantes Campo Pivo 01.pdf | inicio de extracao
2026-09-23 16:25:51 | INFO     | 01_DADOS_OPERACIONAIS\FERTILIZANTES\MILHO\Fertilizantes Campo Pivo 01.pdf | origem=texto itens=88
2026-09-23 16:25:51 | WARNING  | 01_DADOS_OPERACIONAIS\FERTILIZANTES\MILHO\Fertilizantes Campo Pivo 01.pdf | chave de acesso (44 digitos) NAO encontrada
2026-09-23 16:25:51 | ERROR    | pipeline | 01_DADOS_OPERACIONAIS\FERTILIZANTES\MILHO\Fertilizantes Campo Pivo 01.pdf | NAO processado -> nao foi encontrada a chave de acesso (44 digitos)
2026-09-23 16:25:51 | INFO     | pipeline | [149/226] processando 01_DADOS_OPERACIONAIS\PRODUTIVIDADE\Faz.AG Algodao Safra 23-23 Produtividade.pdf
2026-09-23 16:25:51 | INFO     | 01_DADOS_OPERACIONAIS\PRODUTIVIDADE\Faz.AG Algodao Safra 23-23 Produtividade.pdf | inicio de extracao
2026-09-23 16:25:52 | INFO     | 01_DADOS_OPERACIONAIS\PRODUTIVIDADE\Faz.AG Algodao Safra 23-23 Produtividade.pdf | origem=texto itens=272
2026-09-23 16:25:52 | INFO     | 01_DADOS_OPERACIONAIS\PRODUTIVIDADE\Faz.AG Algodao Safra 23-23 Produtividade.pdf | chave=31368006800354213621460000000000000000000000 DV_valido=True
2026-09-23 16:25:52 | DEBUG    | campos: rotulo 'DADOS DO PRODUTO' nao encontrado
2026-09-23 16:25:52 | DEBUG    | campos: rotulo 'DADOS ADICIONAIS' nao encontrado
2026-09-23 16:25:52 | WARNING  | produtos: regiao de produtos invalida (e1=False e2=False ini_y=None fin_y=None)
2026-09-23 16:25:52 | WARNING  | 01_DADOS_OPERACIONAIS\PRODUTIVIDADE\Faz.AG Algodao Safra 23-23 Produtividade.pdf | extracao PARCIAL -> campos nucleares ausentes: numero_nota, data_emissao, valor_da_nota, serie, emitente.razao_social, emitente.cnpj_cpf, destinatario.nome, destinatario.cnpj_cpf
2026-09-23 16:25:52 | INFO     | 01_DADOS_OPERACIONAIS\PRODUTIVIDADE\Faz.AG Algodao Safra 23-23 Produtividade.pdf | produtos=0 status=parcial
2026-09-23 16:25:52 | INFO     | pipeline | 01_DADOS_OPERACIONAIS\PRODUTIVIDADE\Faz.AG Algodao Safra 23-23 Produtividade.pdf | chave 31368006800354213621460000000000000000000000 INSERTADA
2026-09-23 16:25:52 | INFO     | pipeline | [150/226] processando 01_DADOS_OPERACIONAIS\PRODUTIVIDADE\Faz.AG Milho Safra 23-23 Produtividade.pdf
2026-09-23 16:25:52 | INFO     | 01_DADOS_OPERACIONAIS\PRODUTIVIDADE\Faz.AG Milho Safra 23-23 Produtividade.pdf | inicio de extracao
2026-09-23 16:25:52 | INFO     | 01_DADOS_OPERACIONAIS\PRODUTIVIDADE\Faz.AG Milho Safra 23-23 Produtividade.pdf | origem=texto itens=428
2026-09-23 16:25:52 | INFO     | 01_DADOS_OPERACIONAIS\PRODUTIVIDADE\Faz.AG Milho Safra 23-23 Produtividade.pdf | chave=00176384567114231719181661136000000000000000 DV_valido=True
2026-09-23 16:25:52 | DEBUG    | campos: rotulo 'DADOS DO PRODUTO' nao encontrado
2026-09-23 16:25:52 | DEBUG    | campos: rotulo 'DADOS ADICIONAIS' nao encontrado
2026-09-23 16:25:52 | WARNING  | produtos: regiao de produtos invalida (e1=False e2=False ini_y=None fin_y=None)
2026-09-23 16:25:52 | WARNING  | 01_DADOS_OPERACIONAIS\PRODUTIVIDADE\Faz.AG Milho Safra 23-23 Produtividade.pdf | extracao PARCIAL -> campos nucleares ausentes: numero_nota, data_emissao, valor_da_nota, serie, emitente.razao_social, emitente.cnpj_cpf, destinatario.nome, destinatario.cnpj_cpf
2026-09-23 16:25:52 | INFO     | 01_DADOS_OPERACIONAIS\PRODUTIVIDADE\Faz.AG Milho Safra 23-23 Produtividade.pdf | produtos=0 status=parcial
2026-09-23 16:25:52 | INFO     | pipeline | 01_DADOS_OPERACIONAIS\PRODUTIVIDADE\Faz.AG Milho Safra 23-23 Produtividade.pdf | chave 00176384567114231719181661136000000000000000 INSERTADA
2026-09-23 16:25:52 | INFO     | pipeline | [151/226] processando 01_DADOS_OPERACIONAIS\PRODUTIVIDADE\Faz.AG Soja Safra 22-23 Produtividade.pdf
2026-09-23 16:25:52 | INFO     | 01_DADOS_OPERACIONAIS\PRODUTIVIDADE\Faz.AG Soja Safra 22-23 Produtividade.pdf | inicio de extracao
2026-09-23 16:25:52 | INFO     | 01_DADOS_OPERACIONAIS\PRODUTIVIDADE\Faz.AG Soja Safra 22-23 Produtividade.pdf | origem=texto itens=565
2026-09-23 16:25:52 | INFO     | 01_DADOS_OPERACIONAIS\PRODUTIVIDADE\Faz.AG Soja Safra 22-23 Produtividade.pdf | chave=39003900858620983880741621848140000000000000 DV_valido=True
2026-09-23 16:25:52 | DEBUG    | campos: rotulo 'DADOS DO PRODUTO' nao encontrado
2026-09-23 16:25:52 | DEBUG    | campos: rotulo 'DADOS ADICIONAIS' nao encontrado
2026-09-23 16:25:52 | WARNING  | produtos: regiao de produtos invalida (e1=False e2=False ini_y=None fin_y=None)
2026-09-23 16:25:52 | WARNING  | 01_DADOS_OPERACIONAIS\PRODUTIVIDADE\Faz.AG Soja Safra 22-23 Produtividade.pdf | extracao PARCIAL -> campos nucleares ausentes: numero_nota, data_emissao, valor_da_nota, serie, emitente.razao_social, emitente.cnpj_cpf, destinatario.nome, destinatario.cnpj_cpf
2026-09-23 16:25:52 | INFO     | 01_DADOS_OPERACIONAIS\PRODUTIVIDADE\Faz.AG Soja Safra 22-23 Produtividade.pdf | produtos=0 status=parcial
2026-09-23 16:25:52 | INFO     | pipeline | 01_DADOS_OPERACIONAIS\PRODUTIVIDADE\Faz.AG Soja Safra 22-23 Produtividade.pdf | chave 39003900858620983880741621848140000000000000 INSERTADA
2026-09-23 16:25:52 | INFO     | pipeline | [152/226] processando 01_DADOS_OPERACIONAIS\PRODUTIVIDADE\Faz.Arizona Algodao Safra 23-23 Produtividade.pdf
2026-09-23 16:25:52 | INFO     | 01_DADOS_OPERACIONAIS\PRODUTIVIDADE\Faz.Arizona Algodao Safra 23-23 Produtividade.pdf | inicio de extracao
2026-09-23 16:25:52 | INFO     | 01_DADOS_OPERACIONAIS\PRODUTIVIDADE\Faz.Arizona Algodao Safra 23-23 Produtividade.pdf | origem=texto itens=260
2026-09-23 16:25:52 | INFO     | 01_DADOS_OPERACIONAIS\PRODUTIVIDADE\Faz.Arizona Algodao Safra 23-23 Produtividade.pdf | chave=02442750075002926433003000000000000000000000 DV_valido=True
2026-09-23 16:25:52 | DEBUG    | campos: rotulo 'DADOS DO PRODUTO' nao encontrado
2026-09-23 16:25:52 | DEBUG    | campos: rotulo 'DADOS ADICIONAIS' nao encontrado
2026-09-23 16:25:52 | WARNING  | produtos: regiao de produtos invalida (e1=False e2=False ini_y=None fin_y=None)
2026-09-23 16:25:52 | WARNING  | 01_DADOS_OPERACIONAIS\PRODUTIVIDADE\Faz.Arizona Algodao Safra 23-23 Produtividade.pdf | extracao PARCIAL -> campos nucleares ausentes: numero_nota, data_emissao, valor_da_nota, serie, emitente.razao_social, emitente.cnpj_cpf, destinatario.nome, destinatario.cnpj_cpf
2026-09-23 16:25:52 | INFO     | 01_DADOS_OPERACIONAIS\PRODUTIVIDADE\Faz.Arizona Algodao Safra 23-23 Produtividade.pdf | produtos=0 status=parcial
2026-09-23 16:25:52 | INFO     | pipeline | 01_DADOS_OPERACIONAIS\PRODUTIVIDADE\Faz.Arizona Algodao Safra 23-23 Produtividade.pdf | chave 02442750075002926433003000000000000000000000 INSERTADA
2026-09-23 16:25:52 | INFO     | pipeline | [153/226] processando 01_DADOS_OPERACIONAIS\PRODUTIVIDADE\Faz.Arizona Milho Safra 23-23 Produtividade.pdf
2026-09-23 16:25:52 | INFO     | 01_DADOS_OPERACIONAIS\PRODUTIVIDADE\Faz.Arizona Milho Safra 23-23 Produtividade.pdf | inicio de extracao
2026-09-23 16:25:52 | INFO     | 01_DADOS_OPERACIONAIS\PRODUTIVIDADE\Faz.Arizona Milho Safra 23-23 Produtividade.pdf | origem=texto itens=301
2026-09-23 16:25:52 | INFO     | 01_DADOS_OPERACIONAIS\PRODUTIVIDADE\Faz.Arizona Milho Safra 23-23 Produtividade.pdf | chave=27338503850141113744604708821181397137000000 DV_valido=True
2026-09-23 16:25:52 | DEBUG    | campos: rotulo 'DADOS DO PRODUTO' nao encontrado
2026-09-23 16:25:52 | DEBUG    | campos: rotulo 'DADOS ADICIONAIS' nao encontrado
2026-09-23 16:25:52 | WARNING  | produtos: regiao de produtos invalida (e1=False e2=False ini_y=None fin_y=None)
2026-09-23 16:25:52 | WARNING  | 01_DADOS_OPERACIONAIS\PRODUTIVIDADE\Faz.Arizona Milho Safra 23-23 Produtividade.pdf | extracao PARCIAL -> campos nucleares ausentes: numero_nota, data_emissao, valor_da_nota, serie, emitente.razao_social, emitente.cnpj_cpf, destinatario.nome, destinatario.cnpj_cpf
2026-09-23 16:25:52 | INFO     | 01_DADOS_OPERACIONAIS\PRODUTIVIDADE\Faz.Arizona Milho Safra 23-23 Produtividade.pdf | produtos=0 status=parcial
2026-09-23 16:25:52 | INFO     | pipeline | 01_DADOS_OPERACIONAIS\PRODUTIVIDADE\Faz.Arizona Milho Safra 23-23 Produtividade.pdf | chave 27338503850141113744604708821181397137000000 INSERTADA
2026-09-23 16:25:52 | INFO     | pipeline | [154/226] processando 01_DADOS_OPERACIONAIS\PRODUTIVIDADE\Faz.Arizona Soja Safra 22-23 Produtividade.pdf
2026-09-23 16:25:52 | INFO     | 01_DADOS_OPERACIONAIS\PRODUTIVIDADE\Faz.Arizona Soja Safra 22-23 Produtividade.pdf | inicio de extracao
2026-09-23 16:25:52 | INFO     | 01_DADOS_OPERACIONAIS\PRODUTIVIDADE\Faz.Arizona Soja Safra 22-23 Produtividade.pdf | origem=texto itens=489
2026-09-23 16:25:52 | INFO     | 01_DADOS_OPERACIONAIS\PRODUTIVIDADE\Faz.Arizona Soja Safra 22-23 Produtividade.pdf | chave=01676885008500793742666619410167124901500000 DV_valido=True
2026-09-23 16:25:52 | DEBUG    | campos: rotulo 'DADOS DO PRODUTO' nao encontrado
2026-09-23 16:25:52 | DEBUG    | campos: rotulo 'DADOS ADICIONAIS' nao encontrado
2026-09-23 16:25:52 | WARNING  | produtos: regiao de produtos invalida (e1=False e2=False ini_y=None fin_y=None)
2026-09-23 16:25:52 | WARNING  | 01_DADOS_OPERACIONAIS\PRODUTIVIDADE\Faz.Arizona Soja Safra 22-23 Produtividade.pdf | extracao PARCIAL -> campos nucleares ausentes: numero_nota, data_emissao, valor_da_nota, serie, emitente.razao_social, emitente.cnpj_cpf, destinatario.nome, destinatario.cnpj_cpf
2026-09-23 16:25:52 | INFO     | 01_DADOS_OPERACIONAIS\PRODUTIVIDADE\Faz.Arizona Soja Safra 22-23 Produtividade.pdf | produtos=0 status=parcial
2026-09-23 16:25:52 | INFO     | pipeline | 01_DADOS_OPERACIONAIS\PRODUTIVIDADE\Faz.Arizona Soja Safra 22-23 Produtividade.pdf | chave 01676885008500793742666619410167124901500000 INSERTADA
2026-09-23 16:25:52 | INFO     | pipeline | [155/226] processando 01_DADOS_OPERACIONAIS\PRODUTIVIDADE\Faz.Tropical Milho Safra 23-23 Produtividade.pdf
2026-09-23 16:25:52 | INFO     | 01_DADOS_OPERACIONAIS\PRODUTIVIDADE\Faz.Tropical Milho Safra 23-23 Produtividade.pdf | inicio de extracao
2026-09-23 16:25:52 | INFO     | 01_DADOS_OPERACIONAIS\PRODUTIVIDADE\Faz.Tropical Milho Safra 23-23 Produtividade.pdf | origem=texto itens=587
2026-09-23 16:25:52 | INFO     | 01_DADOS_OPERACIONAIS\PRODUTIVIDADE\Faz.Tropical Milho Safra 23-23 Produtividade.pdf | chave=02385810700107001617711216907863417984521140 DV_valido=True
2026-09-23 16:25:52 | DEBUG    | campos: rotulo 'DADOS DO PRODUTO' nao encontrado
2026-09-23 16:25:52 | DEBUG    | campos: rotulo 'DADOS ADICIONAIS' nao encontrado
2026-09-23 16:25:52 | WARNING  | produtos: regiao de produtos invalida (e1=False e2=False ini_y=None fin_y=None)
2026-09-23 16:25:52 | WARNING  | 01_DADOS_OPERACIONAIS\PRODUTIVIDADE\Faz.Tropical Milho Safra 23-23 Produtividade.pdf | extracao PARCIAL -> campos nucleares ausentes: numero_nota, data_emissao, valor_da_nota, serie, emitente.razao_social, emitente.cnpj_cpf, destinatario.nome, destinatario.cnpj_cpf
2026-09-23 16:25:52 | INFO     | 01_DADOS_OPERACIONAIS\PRODUTIVIDADE\Faz.Tropical Milho Safra 23-23 Produtividade.pdf | produtos=0 status=parcial
2026-09-23 16:25:52 | INFO     | pipeline | 01_DADOS_OPERACIONAIS\PRODUTIVIDADE\Faz.Tropical Milho Safra 23-23 Produtividade.pdf | chave 02385810700107001617711216907863417984521140 INSERTADA
2026-09-23 16:25:52 | INFO     | pipeline | [156/226] processando 01_DADOS_OPERACIONAIS\PRODUTIVIDADE\Faz.Tropical Soja Safra 22-23 Produtividade.pdf
2026-09-23 16:25:52 | INFO     | 01_DADOS_OPERACIONAIS\PRODUTIVIDADE\Faz.Tropical Soja Safra 22-23 Produtividade.pdf | inicio de extracao
2026-09-23 16:25:52 | INFO     | 01_DADOS_OPERACIONAIS\PRODUTIVIDADE\Faz.Tropical Soja Safra 22-23 Produtividade.pdf | origem=texto itens=390
2026-09-23 16:25:52 | INFO     | 01_DADOS_OPERACIONAIS\PRODUTIVIDADE\Faz.Tropical Soja Safra 22-23 Produtividade.pdf | chave=23721090010900721047654030261375195614000000 DV_valido=True
2026-09-23 16:25:52 | DEBUG    | campos: rotulo 'DADOS DO PRODUTO' nao encontrado
2026-09-23 16:25:52 | DEBUG    | campos: rotulo 'DADOS ADICIONAIS' nao encontrado
2026-09-23 16:25:52 | WARNING  | produtos: regiao de produtos invalida (e1=False e2=False ini_y=None fin_y=None)
2026-09-23 16:25:52 | WARNING  | 01_DADOS_OPERACIONAIS\PRODUTIVIDADE\Faz.Tropical Soja Safra 22-23 Produtividade.pdf | extracao PARCIAL -> campos nucleares ausentes: numero_nota, data_emissao, valor_da_nota, serie, emitente.razao_social, emitente.cnpj_cpf, destinatario.nome, destinatario.cnpj_cpf
2026-09-23 16:25:52 | INFO     | 01_DADOS_OPERACIONAIS\PRODUTIVIDADE\Faz.Tropical Soja Safra 22-23 Produtividade.pdf | produtos=0 status=parcial
2026-09-23 16:25:52 | INFO     | pipeline | 01_DADOS_OPERACIONAIS\PRODUTIVIDADE\Faz.Tropical Soja Safra 22-23 Produtividade.pdf | chave 23721090010900721047654030261375195614000000 INSERTADA
2026-09-23 16:25:52 | INFO     | pipeline | [157/226] processando 03_NOTAS_FISCAIS\NF_ENERGIA\Faz tropical extrato.pdf
2026-09-23 16:25:52 | INFO     | 03_NOTAS_FISCAIS\NF_ENERGIA\Faz tropical extrato.pdf | inicio de extracao
2026-09-23 16:25:52 | INFO     | 03_NOTAS_FISCAIS\NF_ENERGIA\Faz tropical extrato.pdf | origem=texto itens=146
2026-09-23 16:25:52 | WARNING  | 03_NOTAS_FISCAIS\NF_ENERGIA\Faz tropical extrato.pdf | chave de acesso (44 digitos) NAO encontrada
2026-09-23 16:25:52 | ERROR    | pipeline | 03_NOTAS_FISCAIS\NF_ENERGIA\Faz tropical extrato.pdf | NAO processado -> nao foi encontrada a chave de acesso (44 digitos)
2026-09-23 16:25:52 | INFO     | pipeline | [158/226] processando 03_NOTAS_FISCAIS\NF_ENERGIA\Faz. Ag extrato.pdf
2026-09-23 16:25:52 | INFO     | 03_NOTAS_FISCAIS\NF_ENERGIA\Faz. Ag extrato.pdf | inicio de extracao
2026-09-23 16:25:52 | INFO     | 03_NOTAS_FISCAIS\NF_ENERGIA\Faz. Ag extrato.pdf | origem=texto itens=148
2026-09-23 16:25:52 | WARNING  | 03_NOTAS_FISCAIS\NF_ENERGIA\Faz. Ag extrato.pdf | chave de acesso (44 digitos) NAO encontrada
2026-09-23 16:25:52 | ERROR    | pipeline | 03_NOTAS_FISCAIS\NF_ENERGIA\Faz. Ag extrato.pdf | NAO processado -> nao foi encontrada a chave de acesso (44 digitos)
2026-09-23 16:25:52 | INFO     | pipeline | [159/226] processando 03_NOTAS_FISCAIS\NF_ENERGIA\Faz. Antares extrato.pdf
2026-09-23 16:25:52 | INFO     | 03_NOTAS_FISCAIS\NF_ENERGIA\Faz. Antares extrato.pdf | inicio de extracao
2026-09-23 16:25:52 | INFO     | 03_NOTAS_FISCAIS\NF_ENERGIA\Faz. Antares extrato.pdf | origem=texto itens=150
2026-09-23 16:25:52 | WARNING  | 03_NOTAS_FISCAIS\NF_ENERGIA\Faz. Antares extrato.pdf | chave de acesso (44 digitos) NAO encontrada
2026-09-23 16:25:52 | ERROR    | pipeline | 03_NOTAS_FISCAIS\NF_ENERGIA\Faz. Antares extrato.pdf | NAO processado -> nao foi encontrada a chave de acesso (44 digitos)
2026-09-23 16:25:52 | INFO     | pipeline | [160/226] processando 03_NOTAS_FISCAIS\NF_ENERGIA\Faz. Arizona extrato.pdf
2026-09-23 16:25:52 | INFO     | 03_NOTAS_FISCAIS\NF_ENERGIA\Faz. Arizona extrato.pdf | inicio de extracao
2026-09-23 16:25:52 | INFO     | 03_NOTAS_FISCAIS\NF_ENERGIA\Faz. Arizona extrato.pdf | origem=texto itens=148
2026-09-23 16:25:52 | WARNING  | 03_NOTAS_FISCAIS\NF_ENERGIA\Faz. Arizona extrato.pdf | chave de acesso (44 digitos) NAO encontrada
2026-09-23 16:25:52 | ERROR    | pipeline | 03_NOTAS_FISCAIS\NF_ENERGIA\Faz. Arizona extrato.pdf | NAO processado -> nao foi encontrada a chave de acesso (44 digitos)
2026-09-23 16:25:52 | INFO     | pipeline | [161/226] processando 03_NOTAS_FISCAIS\NF_ENERGIA\Faz. Ponte de Pedra extrato.pdf
2026-09-23 16:25:52 | INFO     | 03_NOTAS_FISCAIS\NF_ENERGIA\Faz. Ponte de Pedra extrato.pdf | inicio de extracao
2026-09-23 16:25:52 | INFO     | 03_NOTAS_FISCAIS\NF_ENERGIA\Faz. Ponte de Pedra extrato.pdf | origem=texto itens=142
2026-09-23 16:25:52 | WARNING  | 03_NOTAS_FISCAIS\NF_ENERGIA\Faz. Ponte de Pedra extrato.pdf | chave de acesso (44 digitos) NAO encontrada
2026-09-23 16:25:52 | ERROR    | pipeline | 03_NOTAS_FISCAIS\NF_ENERGIA\Faz. Ponte de Pedra extrato.pdf | NAO processado -> nao foi encontrada a chave de acesso (44 digitos)
2026-09-23 16:25:52 | INFO     | pipeline | [162/226] processando 03_NOTAS_FISCAIS\NF_FERTILIZANTE\CALCARIO\13015.pdf
2026-09-23 16:25:52 | INFO     | 03_NOTAS_FISCAIS\NF_FERTILIZANTE\CALCARIO\13015.pdf | inicio de extracao
2026-09-23 16:26:43 | INFO     | 03_NOTAS_FISCAIS\NF_FERTILIZANTE\CALCARIO\13015.pdf | origem=ocr itens=157
2026-09-23 16:26:43 | INFO     | 03_NOTAS_FISCAIS\NF_FERTILIZANTE\CALCARIO\13015.pdf | chave=51221001043306000198550010000130151016898150 DV_valido=True
2026-09-23 16:26:43 | INFO     | produtos: cabecalho detectado pelo criterio '2. CODIGO+CFOP'
2026-09-23 16:26:43 | INFO     | produtos: colunas mapeadas (12): ['bc_icms', 'valor_unitario', 'valor_ipi', 'valor_icms', 'valor_total', 'unidade', 'quantidade', 'origem_cst', 'cfop', 'ncm', 'descricao', 'codigo']
2026-09-23 16:26:43 | DEBUG    | produtos: novo item -> {'descricao': 'CALCARIODOLOMITICOPOSTO', 'ncm': '25181000', 'origem_cst': '040', 'cfop': '5102', 'unidade': 'TN', 'quantidade': '47,9200', 'valor_unitario': '240,00', 'valor_total': '11.500,80', 'bc_icms': '0,00', 'valor_icms': '0,00', 'valor_ipi': '0,00 0.00 0.00'}
2026-09-23 16:26:43 | INFO     | produtos: 1 item(ns) extraido(s)
2026-09-23 16:26:43 | INFO     | produtos: item 1 codigo='3 CALCULO DOISSQN INSCRICAOMUNICIPAL DADOSADICIONAIS' descricao='CALCARIODOLOMITICOPOSTO ANCAD Ass. B.C.3Origem R$0.00ICMS retido0.00' ncm='25181000' und='TN' qtde='47,9200 BASE DE CALCULODOISSQN' vlr_unit='240,00' vlr_total='11.500,80'
2026-09-23 16:26:43 | INFO     | produtos: total combinado (paginas) = 1
2026-09-23 16:26:43 | WARNING  | 03_NOTAS_FISCAIS\NF_FERTILIZANTE\CALCARIO\13015.pdf | extracao PARCIAL -> campos nucleares ausentes: data_emissao, valor_da_nota, destinatario.nome, destinatario.cnpj_cpf
2026-09-23 16:26:43 | INFO     | 03_NOTAS_FISCAIS\NF_FERTILIZANTE\CALCARIO\13015.pdf | produtos=1 status=parcial
2026-09-23 16:26:43 | INFO     | pipeline | 03_NOTAS_FISCAIS\NF_FERTILIZANTE\CALCARIO\13015.pdf | chave 51221001043306000198550010000130151016898150 INSERTADA
2026-09-23 16:26:43 | INFO     | pipeline | [163/226] processando 03_NOTAS_FISCAIS\NF_FERTILIZANTE\CALCARIO\13016.pdf
2026-09-23 16:26:43 | INFO     | 03_NOTAS_FISCAIS\NF_FERTILIZANTE\CALCARIO\13016.pdf | inicio de extracao
2026-09-23 16:27:31 | INFO     | 03_NOTAS_FISCAIS\NF_FERTILIZANTE\CALCARIO\13016.pdf | origem=ocr itens=149
2026-09-23 16:27:31 | INFO     | 03_NOTAS_FISCAIS\NF_FERTILIZANTE\CALCARIO\13016.pdf | chave=51221001043306000198550010000130161782818770 DV_valido=True
2026-09-23 16:27:31 | INFO     | produtos: cabecalho detectado pelo criterio '2. CODIGO+CFOP'
2026-09-23 16:27:31 | INFO     | produtos: colunas mapeadas (11): ['codigo', 'descricao', 'valor_unitario', 'ncm', 'bc_icms', 'origem_cst', 'unidade', 'cfop', 'quantidade', 'valor_total', 'valor_icms']
2026-09-23 16:27:31 | DEBUG    | produtos: novo item -> {'codigo': '3', 'descricao': 'CALCARIODOLOMITICOPOSTO', 'bc_icms': 'ICMS', 'valor_icms': 'VAIORIPI ICMS'}
2026-09-23 16:27:31 | INFO     | produtos: 1 item(ns) extraido(s)
2026-09-23 16:27:31 | INFO     | produtos: item 1 codigo='3 B.C.3Origem R$0.00 ICMSretido0.00 CALCULO DO ISSQN INSCRICAOMUNICIPAL DADOSADICIONAIS' descricao='CALCARIODOLOMITICOPOSTO ANCADC 10/ Ass.' ncm='25181000' und='TN' qtde='47,2600 BASEDECALCULO DOISSQN' vlr_unit='240,00' vlr_total='11.342.4d'
2026-09-23 16:27:31 | INFO     | produtos: total combinado (paginas) = 1
2026-09-23 16:27:31 | WARNING  | 03_NOTAS_FISCAIS\NF_FERTILIZANTE\CALCARIO\13016.pdf | extracao PARCIAL -> campos nucleares ausentes: data_emissao, valor_da_nota, destinatario.nome, destinatario.cnpj_cpf
2026-09-23 16:27:31 | INFO     | 03_NOTAS_FISCAIS\NF_FERTILIZANTE\CALCARIO\13016.pdf | produtos=1 status=parcial
2026-09-23 16:27:31 | INFO     | pipeline | 03_NOTAS_FISCAIS\NF_FERTILIZANTE\CALCARIO\13016.pdf | chave 51221001043306000198550010000130161782818770 INSERTADA
2026-09-23 16:27:31 | INFO     | pipeline | [164/226] processando 03_NOTAS_FISCAIS\NF_FERTILIZANTE\CALCARIO\13023.pdf
2026-09-23 16:27:31 | INFO     | 03_NOTAS_FISCAIS\NF_FERTILIZANTE\CALCARIO\13023.pdf | inicio de extracao
2026-09-23 16:27:53 | INFO     | 03_NOTAS_FISCAIS\NF_FERTILIZANTE\CALCARIO\13023.pdf | origem=ocr itens=151
2026-09-23 16:27:53 | INFO     | 03_NOTAS_FISCAIS\NF_FERTILIZANTE\CALCARIO\13023.pdf | chave=51221001043306000198550010000130231952562466 DV_valido=True
2026-09-23 16:27:53 | WARNING  | produtos: cabecalho da tabela NAO encontrado (regiao y=1405..2409 p1, itens=41)
2026-09-23 16:27:53 | INFO     | produtos: total combinado (paginas) = 0
2026-09-23 16:27:53 | WARNING  | 03_NOTAS_FISCAIS\NF_FERTILIZANTE\CALCARIO\13023.pdf | extracao PARCIAL -> campos nucleares ausentes: data_emissao, valor_da_nota, destinatario.nome
2026-09-23 16:27:53 | INFO     | 03_NOTAS_FISCAIS\NF_FERTILIZANTE\CALCARIO\13023.pdf | produtos=0 status=parcial
2026-09-23 16:27:53 | INFO     | pipeline | 03_NOTAS_FISCAIS\NF_FERTILIZANTE\CALCARIO\13023.pdf | chave 51221001043306000198550010000130231952562466 INSERTADA
2026-09-23 16:27:53 | INFO     | pipeline | [165/226] processando 03_NOTAS_FISCAIS\NF_FERTILIZANTE\CALCARIO\13029.pdf
2026-09-23 16:27:53 | INFO     | 03_NOTAS_FISCAIS\NF_FERTILIZANTE\CALCARIO\13029.pdf | inicio de extracao
2026-09-23 16:28:31 | INFO     | 03_NOTAS_FISCAIS\NF_FERTILIZANTE\CALCARIO\13029.pdf | origem=ocr itens=147
2026-09-23 16:28:31 | INFO     | 03_NOTAS_FISCAIS\NF_FERTILIZANTE\CALCARIO\13029.pdf | chave=51221001043306000198550010000130291962663250 DV_valido=True
2026-09-23 16:28:31 | WARNING  | produtos: cabecalho da tabela NAO encontrado (regiao y=1408..2411 p1, itens=38)
2026-09-23 16:28:31 | INFO     | produtos: total combinado (paginas) = 0
2026-09-23 16:28:31 | WARNING  | 03_NOTAS_FISCAIS\NF_FERTILIZANTE\CALCARIO\13029.pdf | extracao PARCIAL -> campos nucleares ausentes: data_emissao, valor_da_nota, destinatario.nome, destinatario.cnpj_cpf
2026-09-23 16:28:31 | INFO     | 03_NOTAS_FISCAIS\NF_FERTILIZANTE\CALCARIO\13029.pdf | produtos=0 status=parcial
2026-09-23 16:28:31 | INFO     | pipeline | 03_NOTAS_FISCAIS\NF_FERTILIZANTE\CALCARIO\13029.pdf | chave 51221001043306000198550010000130291962663250 INSERTADA
2026-09-23 16:28:31 | INFO     | pipeline | [166/226] processando 03_NOTAS_FISCAIS\NF_FERTILIZANTE\CALCARIO\13031.pdf
2026-09-23 16:28:31 | INFO     | 03_NOTAS_FISCAIS\NF_FERTILIZANTE\CALCARIO\13031.pdf | inicio de extracao
2026-09-23 16:29:12 | INFO     | 03_NOTAS_FISCAIS\NF_FERTILIZANTE\CALCARIO\13031.pdf | origem=ocr itens=149
2026-09-23 16:29:12 | INFO     | 03_NOTAS_FISCAIS\NF_FERTILIZANTE\CALCARIO\13031.pdf | chave=51221001043306000198550010000130311661543467 DV_valido=True
2026-09-23 16:29:12 | INFO     | produtos: cabecalho detectado pelo criterio '2. CODIGO+CFOP'
2026-09-23 16:29:12 | INFO     | produtos: colunas mapeadas (12): ['bc_icms', 'valor_unitario', 'valor_ipi', 'valor_icms', 'valor_total', 'quantidade', 'unidade', 'cfop', 'origem_cst', 'ncm', 'descricao', 'codigo']
2026-09-23 16:29:12 | DEBUG    | produtos: novo item -> {'codigo': '3', 'descricao': 'CALCARIODOLOMITICOPOSTO'}
2026-09-23 16:29:12 | INFO     | produtos: 1 item(ns) extraido(s)
2026-09-23 16:29:12 | INFO     | produtos: item 1 codigo='3 CALCULO DOISSQN INSCRICAO MUNICIPAL DADOSADICIONAIS' descricao='CALCARIODOLOMITICOPOSTO ANCADC VAsS. B.C.3OrigemRS0,001CMS retido0.00' ncm=None und=None qtde='BASEDECALCULODOISSQN' vlr_unit=None vlr_total=None
2026-09-23 16:29:12 | INFO     | produtos: total combinado (paginas) = 1
2026-09-23 16:29:12 | WARNING  | 03_NOTAS_FISCAIS\NF_FERTILIZANTE\CALCARIO\13031.pdf | extracao PARCIAL -> campos nucleares ausentes: data_emissao, valor_da_nota, destinatario.nome, destinatario.cnpj_cpf
2026-09-23 16:29:12 | INFO     | 03_NOTAS_FISCAIS\NF_FERTILIZANTE\CALCARIO\13031.pdf | produtos=1 status=parcial
2026-09-23 16:29:12 | INFO     | pipeline | 03_NOTAS_FISCAIS\NF_FERTILIZANTE\CALCARIO\13031.pdf | chave 51221001043306000198550010000130311661543467 INSERTADA
2026-09-23 16:29:12 | INFO     | pipeline | [167/226] processando 03_NOTAS_FISCAIS\NF_FERTILIZANTE\CALCARIO\13032.pdf
2026-09-23 16:29:12 | INFO     | 03_NOTAS_FISCAIS\NF_FERTILIZANTE\CALCARIO\13032.pdf | inicio de extracao
2026-09-23 16:29:54 | INFO     | 03_NOTAS_FISCAIS\NF_FERTILIZANTE\CALCARIO\13032.pdf | origem=ocr itens=151
2026-09-23 16:29:54 | INFO     | 03_NOTAS_FISCAIS\NF_FERTILIZANTE\CALCARIO\13032.pdf | chave=11512210010433060001985500100001303218369606 DV_valido=True
2026-09-23 16:29:54 | INFO     | produtos: cabecalho detectado pelo criterio '3. CODIGO+DESCRICAO (sem CFOP no cab)'
2026-09-23 16:29:54 | INFO     | produtos: colunas mapeadas (10): ['valor_icms', 'valor_unitario', 'valor_total', 'quantidade', 'unidade', 'cfop', 'origem_cst', 'ncm', 'descricao', 'codigo']
2026-09-23 16:29:54 | DEBUG    | produtos: novo item -> {'codigo': '3', 'descricao': 'CALCARIODOLOMITICOPOSTO'}
2026-09-23 16:29:54 | INFO     | produtos: 1 item(ns) extraido(s)
2026-09-23 16:29:54 | INFO     | produtos: item 1 codigo='3 CALCULO DOISSQN INSCRICAOMUNICIPAL DADOSADICIONAIS' descricao='CALCARIODOLOMITICOPOSTO LANCADC 0 Ass. B.C.3OrigemR$0.00 ICMSretido0.00' ncm=None und=None qtde='BASEDECALCULODOISSQN' vlr_unit=None vlr_total=None
2026-09-23 16:29:54 | INFO     | produtos: total combinado (paginas) = 1
2026-09-23 16:29:54 | WARNING  | 03_NOTAS_FISCAIS\NF_FERTILIZANTE\CALCARIO\13032.pdf | extracao PARCIAL -> campos nucleares ausentes: data_emissao, valor_da_nota, destinatario.nome, destinatario.cnpj_cpf
2026-09-23 16:29:54 | INFO     | 03_NOTAS_FISCAIS\NF_FERTILIZANTE\CALCARIO\13032.pdf | produtos=1 status=parcial
2026-09-23 16:29:54 | INFO     | pipeline | 03_NOTAS_FISCAIS\NF_FERTILIZANTE\CALCARIO\13032.pdf | chave 11512210010433060001985500100001303218369606 INSERTADA
2026-09-23 16:29:54 | INFO     | pipeline | [168/226] processando 03_NOTAS_FISCAIS\NF_FERTILIZANTE\CALCARIO\13038.pdf
2026-09-23 16:29:54 | INFO     | 03_NOTAS_FISCAIS\NF_FERTILIZANTE\CALCARIO\13038.pdf | inicio de extracao
2026-09-23 16:30:37 | INFO     | 03_NOTAS_FISCAIS\NF_FERTILIZANTE\CALCARIO\13038.pdf | origem=ocr itens=148
2026-09-23 16:30:37 | INFO     | 03_NOTAS_FISCAIS\NF_FERTILIZANTE\CALCARIO\13038.pdf | chave=51221001043306000198550010000130381428857820 DV_valido=True
2026-09-23 16:30:37 | INFO     | produtos: cabecalho detectado pelo criterio '3. CODIGO+DESCRICAO (sem CFOP no cab)'
2026-09-23 16:30:37 | INFO     | produtos: colunas mapeadas (11): ['bc_icms', 'valor_unitario', 'valor_ipi', 'valor_icms', 'valor_total', 'unidade', 'cfop', 'origem_cst', 'ncm', 'descricao', 'codigo']
2026-09-23 16:30:37 | INFO     | produtos: 0 item(ns) extraido(s)
2026-09-23 16:30:37 | INFO     | produtos: total combinado (paginas) = 0
2026-09-23 16:30:37 | WARNING  | 03_NOTAS_FISCAIS\NF_FERTILIZANTE\CALCARIO\13038.pdf | extracao PARCIAL -> campos nucleares ausentes: data_emissao, valor_da_nota, destinatario.nome, destinatario.cnpj_cpf
2026-09-23 16:30:37 | INFO     | 03_NOTAS_FISCAIS\NF_FERTILIZANTE\CALCARIO\13038.pdf | produtos=0 status=parcial
2026-09-23 16:30:37 | INFO     | pipeline | 03_NOTAS_FISCAIS\NF_FERTILIZANTE\CALCARIO\13038.pdf | chave 51221001043306000198550010000130381428857820 INSERTADA
2026-09-23 16:30:37 | INFO     | pipeline | [169/226] processando 03_NOTAS_FISCAIS\NF_FERTILIZANTE\CALCARIO\13040.pdf
2026-09-23 16:30:37 | INFO     | 03_NOTAS_FISCAIS\NF_FERTILIZANTE\CALCARIO\13040.pdf | inicio de extracao
2026-09-23 16:31:19 | INFO     | 03_NOTAS_FISCAIS\NF_FERTILIZANTE\CALCARIO\13040.pdf | origem=ocr itens=151
2026-09-23 16:31:19 | INFO     | 03_NOTAS_FISCAIS\NF_FERTILIZANTE\CALCARIO\13040.pdf | chave=51221001043306000198550010000130401833824301 DV_valido=True
2026-09-23 16:31:19 | WARNING  | produtos: cabecalho da tabela NAO encontrado (regiao y=1453..2470 p1, itens=37)
2026-09-23 16:31:19 | INFO     | produtos: total combinado (paginas) = 0
2026-09-23 16:31:19 | WARNING  | 03_NOTAS_FISCAIS\NF_FERTILIZANTE\CALCARIO\13040.pdf | extracao PARCIAL -> campos nucleares ausentes: data_emissao, valor_da_nota, destinatario.nome
2026-09-23 16:31:19 | INFO     | 03_NOTAS_FISCAIS\NF_FERTILIZANTE\CALCARIO\13040.pdf | produtos=0 status=parcial
2026-09-23 16:31:19 | INFO     | pipeline | 03_NOTAS_FISCAIS\NF_FERTILIZANTE\CALCARIO\13040.pdf | chave 51221001043306000198550010000130401833824301 INSERTADA
2026-09-23 16:31:19 | INFO     | pipeline | [170/226] processando 03_NOTAS_FISCAIS\NF_FERTILIZANTE\CALCARIO\13052.pdf
2026-09-23 16:31:19 | INFO     | 03_NOTAS_FISCAIS\NF_FERTILIZANTE\CALCARIO\13052.pdf | inicio de extracao
2026-09-23 16:31:55 | INFO     | 03_NOTAS_FISCAIS\NF_FERTILIZANTE\CALCARIO\13052.pdf | origem=ocr itens=148
2026-09-23 16:31:55 | INFO     | 03_NOTAS_FISCAIS\NF_FERTILIZANTE\CALCARIO\13052.pdf | chave=51221001043306000198550010000130521503487787 DV_valido=True
2026-09-23 16:31:55 | INFO     | produtos: cabecalho detectado pelo criterio '3. CODIGO+DESCRICAO (sem CFOP no cab)'
2026-09-23 16:31:55 | INFO     | produtos: colunas mapeadas (8): ['quantidade', 'unidade', 'cfop', 'origem_cst', 'ncm', 'descricao', 'codigo', 'valor_total']
2026-09-23 16:31:55 | DEBUG    | produtos: novo item -> {'codigo': '3', 'descricao': 'CALCARIODOLOMITICOPOSTO'}
2026-09-23 16:31:55 | INFO     | produtos: 1 item(ns) extraido(s)
2026-09-23 16:31:55 | INFO     | produtos: item 1 codigo='3 CALCULODO ISSQN INSCRICAOMUNICIPAL DADOSADICIONAIS' descricao='CALCARIODOLOMITICOPOSTO LANCAi. AsS. B.C.3Origem RS0.00ICMSretido0.00' ncm=None und=None qtde='BASEDECALCULODOISSQN RESERVADOAOFISCO' vlr_unit=None vlr_total=None
2026-09-23 16:31:55 | INFO     | produtos: total combinado (paginas) = 1
2026-09-23 16:31:55 | WARNING  | 03_NOTAS_FISCAIS\NF_FERTILIZANTE\CALCARIO\13052.pdf | extracao PARCIAL -> campos nucleares ausentes: data_emissao, valor_da_nota, destinatario.nome
2026-09-23 16:31:55 | INFO     | 03_NOTAS_FISCAIS\NF_FERTILIZANTE\CALCARIO\13052.pdf | produtos=1 status=parcial
2026-09-23 16:31:55 | INFO     | pipeline | 03_NOTAS_FISCAIS\NF_FERTILIZANTE\CALCARIO\13052.pdf | chave 51221001043306000198550010000130521503487787 INSERTADA
2026-09-23 16:31:55 | INFO     | pipeline | [171/226] processando 03_NOTAS_FISCAIS\NF_FERTILIZANTE\CALCARIO\14897.pdf
2026-09-23 16:31:55 | INFO     | 03_NOTAS_FISCAIS\NF_FERTILIZANTE\CALCARIO\14897.pdf | inicio de extracao
2026-09-23 16:32:36 | INFO     | 03_NOTAS_FISCAIS\NF_FERTILIZANTE\CALCARIO\14897.pdf | origem=ocr itens=153
2026-09-23 16:32:36 | INFO     | 03_NOTAS_FISCAIS\NF_FERTILIZANTE\CALCARIO\14897.pdf | chave=51221201043306000198550010000148971274833540 DV_valido=True
2026-09-23 16:32:36 | INFO     | produtos: cabecalho detectado pelo criterio '2. CODIGO+CFOP'
2026-09-23 16:32:36 | INFO     | produtos: colunas mapeadas (12): ['valor_unitario', 'bc_icms', 'descricao', 'codigo', 'ncm', 'valor_icms', 'origem_cst', 'cfop', 'unidade', 'quantidade', 'valor_total', 'valor_ipi']
2026-09-23 16:32:36 | DEBUG    | produtos: novo item -> {'codigo': '3', 'descricao': 'CALCARIODOLOMITICOPOSTO', 'ncm': '25181000', 'origem_cst': '040', 'cfop': '5102', 'unidade': 'TN', 'quantidade': '48,2600', 'valor_unitario': '225,00', 'valor_total': '10.858.50', 'bc_icms': '0,00', 'valor_icms': '0.00', 'valor_ipi': '0.00 0.00 0.00'}
2026-09-23 16:32:36 | INFO     | produtos: 1 item(ns) extraido(s)
2026-09-23 16:32:36 | INFO     | produtos: item 1 codigo='3 B.C.3OrigemR$0.00ICMSretido0,00 CALCULODOISSQN INSCRICAOMUNICIPAL DADOSADICIONAIS' descricao='CALCARIODOLOMITICOPOSTO' ncm='25181000' und='TN' qtde='48,2600 BASEDECALCULODOISSQN' vlr_unit='225,00' vlr_total='10.858.50'
2026-09-23 16:32:36 | INFO     | produtos: total combinado (paginas) = 1
2026-09-23 16:32:36 | WARNING  | 03_NOTAS_FISCAIS\NF_FERTILIZANTE\CALCARIO\14897.pdf | extracao PARCIAL -> campos nucleares ausentes: data_emissao, valor_da_nota, destinatario.nome, destinatario.cnpj_cpf
2026-09-23 16:32:36 | INFO     | 03_NOTAS_FISCAIS\NF_FERTILIZANTE\CALCARIO\14897.pdf | produtos=1 status=parcial
2026-09-23 16:32:36 | INFO     | pipeline | 03_NOTAS_FISCAIS\NF_FERTILIZANTE\CALCARIO\14897.pdf | chave 51221201043306000198550010000148971274833540 INSERTADA
2026-09-23 16:32:36 | INFO     | pipeline | [172/226] processando 03_NOTAS_FISCAIS\NF_FERTILIZANTE\CALCARIO\14898.pdf
2026-09-23 16:32:36 | INFO     | 03_NOTAS_FISCAIS\NF_FERTILIZANTE\CALCARIO\14898.pdf | inicio de extracao
2026-09-23 16:33:14 | INFO     | 03_NOTAS_FISCAIS\NF_FERTILIZANTE\CALCARIO\14898.pdf | origem=ocr itens=152
2026-09-23 16:33:14 | INFO     | 03_NOTAS_FISCAIS\NF_FERTILIZANTE\CALCARIO\14898.pdf | chave=51221201043306000198550010000148981235087643 DV_valido=True
2026-09-23 16:33:14 | INFO     | produtos: cabecalho detectado pelo criterio '2. CODIGO+CFOP'
2026-09-23 16:33:14 | INFO     | produtos: colunas mapeadas (11): ['codigo', 'valor_unitario', 'descricao', 'bc_icms', 'ncm', 'origem_cst', 'cfop', 'unidade', 'quantidade', 'valor_total', 'valor_icms']
2026-09-23 16:33:14 | DEBUG    | produtos: novo item -> {'codigo': '3', 'descricao': 'CALCARIODOLOMITICOPOSTO', 'ncm': '25181000', 'origem_cst': '040', 'bc_icms': 'ICMS', 'valor_icms': 'ICMS'}
2026-09-23 16:33:14 | INFO     | produtos: 1 item(ns) extraido(s)
2026-09-23 16:33:14 | INFO     | produtos: item 1 codigo='3 B.C.3OrigemRS0,00ICMSretido0.00 CALCULO DO ISSQN INSCRICAO MUNICIPAL DADOSADICIONAIS' descricao='CALCARIODOLOMITICOPOSTO' ncm='25181000' und='TN' qtde='47,6200 BASEDECALCULODOISSQN' vlr_unit='225,00' vlr_total='10.714,50'
2026-09-23 16:33:14 | INFO     | produtos: total combinado (paginas) = 1
2026-09-23 16:33:14 | WARNING  | 03_NOTAS_FISCAIS\NF_FERTILIZANTE\CALCARIO\14898.pdf | extracao PARCIAL -> campos nucleares ausentes: data_emissao, valor_da_nota, destinatario.nome, destinatario.cnpj_cpf
2026-09-23 16:33:14 | INFO     | 03_NOTAS_FISCAIS\NF_FERTILIZANTE\CALCARIO\14898.pdf | produtos=1 status=parcial
2026-09-23 16:33:14 | INFO     | pipeline | 03_NOTAS_FISCAIS\NF_FERTILIZANTE\CALCARIO\14898.pdf | chave 51221201043306000198550010000148981235087643 INSERTADA
2026-09-23 16:33:14 | INFO     | pipeline | [173/226] processando 03_NOTAS_FISCAIS\NF_FERTILIZANTE\CALCARIO\14905.pdf
2026-09-23 16:33:14 | INFO     | 03_NOTAS_FISCAIS\NF_FERTILIZANTE\CALCARIO\14905.pdf | inicio de extracao
2026-09-23 16:33:56 | INFO     | 03_NOTAS_FISCAIS\NF_FERTILIZANTE\CALCARIO\14905.pdf | origem=ocr itens=152
2026-09-23 16:33:56 | INFO     | 03_NOTAS_FISCAIS\NF_FERTILIZANTE\CALCARIO\14905.pdf | chave=51221201043306000198550010000149051395693866 DV_valido=True
2026-09-23 16:33:56 | INFO     | produtos: cabecalho detectado pelo criterio '2. CODIGO+CFOP'
2026-09-23 16:33:56 | INFO     | produtos: colunas mapeadas (12): ['valor_unitario', 'codigo', 'bc_icms', 'descricao', 'ncm', 'origem_cst', 'cfop', 'unidade', 'quantidade', 'valor_total', 'valor_icms', 'valor_ipi']
2026-09-23 16:33:56 | DEBUG    | produtos: novo item -> {'codigo': '3', 'descricao': 'CALCARIODOLOMITICOPOSTO', 'ncm': '25181000', 'origem_cst': '040', 'cfop': '5102', 'unidade': 'TN', 'quantidade': '48,0400', 'valor_unitario': '220,00', 'valor_total': '10.568.80', 'bc_icms': '0,00', 'valor_icms': '0.00', 'valor_ipi': '0.00 0,00 0,00'}
2026-09-23 16:33:56 | INFO     | produtos: 1 item(ns) extraido(s)
2026-09-23 16:33:56 | INFO     | produtos: item 1 codigo='3 B.C.3OrigemR$0.00ICMSretido0.00 CALCULODOISSQN INSCRICAO MUNICIPAL DADOSADICIONAIS' descricao='CALCARIODOLOMITICOPOSTO' ncm='25181000' und='TN' qtde='48,0400 BASEDECALCULODOISSQN' vlr_unit='220,00' vlr_total='10.568.80'
2026-09-23 16:33:56 | INFO     | produtos: total combinado (paginas) = 1
2026-09-23 16:33:56 | WARNING  | 03_NOTAS_FISCAIS\NF_FERTILIZANTE\CALCARIO\14905.pdf | extracao PARCIAL -> campos nucleares ausentes: data_emissao, valor_da_nota, destinatario.nome, destinatario.cnpj_cpf
2026-09-23 16:33:56 | INFO     | 03_NOTAS_FISCAIS\NF_FERTILIZANTE\CALCARIO\14905.pdf | produtos=1 status=parcial
2026-09-23 16:33:56 | INFO     | pipeline | 03_NOTAS_FISCAIS\NF_FERTILIZANTE\CALCARIO\14905.pdf | chave 51221201043306000198550010000149051395693866 INSERTADA
2026-09-23 16:33:56 | INFO     | pipeline | [174/226] processando 03_NOTAS_FISCAIS\NF_FERTILIZANTE\CALCARIO\14906.pdf
2026-09-23 16:33:56 | INFO     | 03_NOTAS_FISCAIS\NF_FERTILIZANTE\CALCARIO\14906.pdf | inicio de extracao
2026-09-23 16:34:15 | INFO     | 03_NOTAS_FISCAIS\NF_FERTILIZANTE\CALCARIO\14906.pdf | origem=ocr itens=153
2026-09-23 16:34:15 | INFO     | 03_NOTAS_FISCAIS\NF_FERTILIZANTE\CALCARIO\14906.pdf | chave=51221201043306000198550010000149061132440646 DV_valido=True
2026-09-23 16:34:15 | INFO     | produtos: cabecalho detectado pelo criterio '2. CODIGO+CFOP'
2026-09-23 16:34:15 | INFO     | produtos: colunas mapeadas (12): ['valor_unitario', 'codigo', 'bc_icms', 'descricao', 'ncm', 'origem_cst', 'cfop', 'unidade', 'quantidade', 'valor_icms', 'valor_ipi', 'valor_total']
2026-09-23 16:34:15 | DEBUG    | produtos: novo item -> {'codigo': '3', 'descricao': 'CALCARIODOLOMITICOPOSTO', 'bc_icms': 'ICMS', 'valor_ipi': 'ICMS IP1'}
2026-09-23 16:34:15 | INFO     | produtos: 1 item(ns) extraido(s)
2026-09-23 16:34:15 | INFO     | produtos: item 1 codigo='3 B.C.3OrigemR$0.00ICMSretido0.00 CALCULODOISSQN INSCRICAO MUNICIPAL DADOSADICIONAIS' descricao='CALCARIODOLOMITICOPOSTO' ncm='25181000' und='TN' qtde='47,2200 BASEDECALCULODOISSQN' vlr_unit='225,00' vlr_total=None
2026-09-23 16:34:15 | INFO     | produtos: total combinado (paginas) = 1
2026-09-23 16:34:15 | WARNING  | 03_NOTAS_FISCAIS\NF_FERTILIZANTE\CALCARIO\14906.pdf | extracao PARCIAL -> campos nucleares ausentes: data_emissao, valor_da_nota, destinatario.nome, destinatario.cnpj_cpf
2026-09-23 16:34:15 | INFO     | 03_NOTAS_FISCAIS\NF_FERTILIZANTE\CALCARIO\14906.pdf | produtos=1 status=parcial
2026-09-23 16:34:15 | INFO     | pipeline | 03_NOTAS_FISCAIS\NF_FERTILIZANTE\CALCARIO\14906.pdf | chave 51221201043306000198550010000149061132440646 INSERTADA
2026-09-23 16:34:15 | INFO     | pipeline | [175/226] processando 03_NOTAS_FISCAIS\NF_FERTILIZANTE\CALCARIO\14907.pdf
2026-09-23 16:34:15 | INFO     | 03_NOTAS_FISCAIS\NF_FERTILIZANTE\CALCARIO\14907.pdf | inicio de extracao
2026-09-23 16:34:55 | INFO     | 03_NOTAS_FISCAIS\NF_FERTILIZANTE\CALCARIO\14907.pdf | origem=ocr itens=152
2026-09-23 16:34:55 | INFO     | 03_NOTAS_FISCAIS\NF_FERTILIZANTE\CALCARIO\14907.pdf | chave=01114907512212010433060001985500100001490711 DV_valido=False
2026-09-23 16:34:55 | WARNING  | produtos: cabecalho da tabela NAO encontrado (regiao y=1723..2761 p1, itens=38)
2026-09-23 16:34:55 | INFO     | produtos: total combinado (paginas) = 0
2026-09-23 16:34:55 | WARNING  | 03_NOTAS_FISCAIS\NF_FERTILIZANTE\CALCARIO\14907.pdf | extracao PARCIAL -> chave de acesso com digito verificador invalido (DV)
2026-09-23 16:34:55 | INFO     | 03_NOTAS_FISCAIS\NF_FERTILIZANTE\CALCARIO\14907.pdf | produtos=0 status=parcial
2026-09-23 16:34:55 | INFO     | pipeline | 03_NOTAS_FISCAIS\NF_FERTILIZANTE\CALCARIO\14907.pdf | chave 01114907512212010433060001985500100001490711 INSERTADA
2026-09-23 16:34:55 | WARNING  | pipeline | 03_NOTAS_FISCAIS\NF_FERTILIZANTE\CALCARIO\14907.pdf | extracao PARCIAL (chave de acesso com digito verificador invalido (DV))
2026-09-23 16:34:55 | INFO     | pipeline | [176/226] processando 03_NOTAS_FISCAIS\NF_FERTILIZANTE\CALCARIO\14911.pdf
2026-09-23 16:34:55 | INFO     | 03_NOTAS_FISCAIS\NF_FERTILIZANTE\CALCARIO\14911.pdf | inicio de extracao
2026-09-23 16:35:33 | INFO     | 03_NOTAS_FISCAIS\NF_FERTILIZANTE\CALCARIO\14911.pdf | origem=ocr itens=150
2026-09-23 16:35:33 | INFO     | 03_NOTAS_FISCAIS\NF_FERTILIZANTE\CALCARIO\14911.pdf | chave=51221201043306000198550010000149111713218373 DV_valido=True
2026-09-23 16:35:33 | INFO     | produtos: cabecalho detectado pelo criterio '2. CODIGO+CFOP'
2026-09-23 16:35:33 | INFO     | produtos: colunas mapeadas (12): ['codigo', 'valor_unitario', 'bc_icms', 'descricao', 'ncm', 'cfop', 'origem_cst', 'unidade', 'quantidade', 'valor_total', 'valor_icms', 'valor_ipi']
2026-09-23 16:35:33 | DEBUG    | produtos: novo item -> {'codigo': '3', 'descricao': 'CALCARIODOLOMITICOPOSTO', 'bc_icms': 'ICMS', 'valor_ipi': 'ICM'}
2026-09-23 16:35:33 | INFO     | produtos: 1 item(ns) extraido(s)
2026-09-23 16:35:33 | INFO     | produtos: item 1 codigo='3 B.C.3OrigemRS0,00ICMSretido0.00 CALCULODOISSQN INSCRICAOMUNICIPAL DADOSADICIONAIS' descricao='CALCARIODOLOMITICOPOSTO' ncm='25181000' und='TN' qtde='47,7800 BASEDECALCULODOISSQN' vlr_unit='220.00' vlr_total='10.511,60'
2026-09-23 16:35:33 | INFO     | produtos: total combinado (paginas) = 1
2026-09-23 16:35:33 | WARNING  | 03_NOTAS_FISCAIS\NF_FERTILIZANTE\CALCARIO\14911.pdf | extracao PARCIAL -> campos nucleares ausentes: data_emissao, valor_da_nota, destinatario.nome, destinatario.cnpj_cpf
2026-09-23 16:35:33 | INFO     | 03_NOTAS_FISCAIS\NF_FERTILIZANTE\CALCARIO\14911.pdf | produtos=1 status=parcial
2026-09-23 16:35:33 | INFO     | pipeline | 03_NOTAS_FISCAIS\NF_FERTILIZANTE\CALCARIO\14911.pdf | chave 51221201043306000198550010000149111713218373 INSERTADA
2026-09-23 16:35:33 | INFO     | pipeline | [177/226] processando 03_NOTAS_FISCAIS\NF_FERTILIZANTE\CALCARIO\14912.pdf
2026-09-23 16:35:33 | INFO     | 03_NOTAS_FISCAIS\NF_FERTILIZANTE\CALCARIO\14912.pdf | inicio de extracao
2026-09-23 16:36:14 | INFO     | 03_NOTAS_FISCAIS\NF_FERTILIZANTE\CALCARIO\14912.pdf | origem=ocr itens=152
2026-09-23 16:36:14 | INFO     | 03_NOTAS_FISCAIS\NF_FERTILIZANTE\CALCARIO\14912.pdf | chave=15122120104330600019855001000014912115110407 DV_valido=True
2026-09-23 16:36:14 | INFO     | produtos: cabecalho detectado pelo criterio '2. CODIGO+CFOP'
2026-09-23 16:36:14 | INFO     | produtos: colunas mapeadas (12): ['valor_unitario', 'bc_icms', 'codigo', 'descricao', 'ncm', 'origem_cst', 'unidade', 'cfop', 'quantidade', 'valor_total', 'valor_icms', 'valor_ipi']
2026-09-23 16:36:14 | DEBUG    | produtos: novo item -> {'codigo': '3', 'descricao': 'CALCARIODOLOMITICOPOSTO', 'ncm': '25181000', 'origem_cst': '040', 'cfop': '5102', 'unidade': 'TN', 'quantidade': '46,4000', 'valor_unitario': '225.00', 'valor_total': '10.440.00', 'bc_icms': '0.00', 'valor_icms': '0.00', 'valor_ipi': '0.00 0.00 0.00'}
2026-09-23 16:36:14 | INFO     | produtos: 1 item(ns) extraido(s)
2026-09-23 16:36:14 | INFO     | produtos: item 1 codigo='3 B.C.3Origem RS0.00 ICMSretido0.00 CALCULODOISSQN INSCRICAO MUNICIPAL DADOSADICIONAIS' descricao='CALCARIODOLOMITICOPOSTO' ncm='25181000' und='TN' qtde='46,4000 BASEDECALCULODOISSQN' vlr_unit='225.00' vlr_total='10.440.00'
2026-09-23 16:36:14 | INFO     | produtos: total combinado (paginas) = 1
2026-09-23 16:36:14 | WARNING  | 03_NOTAS_FISCAIS\NF_FERTILIZANTE\CALCARIO\14912.pdf | extracao PARCIAL -> campos nucleares ausentes: data_emissao, valor_da_nota, destinatario.nome, destinatario.cnpj_cpf
2026-09-23 16:36:14 | INFO     | 03_NOTAS_FISCAIS\NF_FERTILIZANTE\CALCARIO\14912.pdf | produtos=1 status=parcial
2026-09-23 16:36:14 | INFO     | pipeline | 03_NOTAS_FISCAIS\NF_FERTILIZANTE\CALCARIO\14912.pdf | chave 15122120104330600019855001000014912115110407 INSERTADA
2026-09-23 16:36:14 | INFO     | pipeline | [178/226] processando 03_NOTAS_FISCAIS\NF_FERTILIZANTE\CALCARIO\14928.pdf
2026-09-23 16:36:14 | INFO     | 03_NOTAS_FISCAIS\NF_FERTILIZANTE\CALCARIO\14928.pdf | inicio de extracao
2026-09-23 16:36:52 | INFO     | 03_NOTAS_FISCAIS\NF_FERTILIZANTE\CALCARIO\14928.pdf | origem=ocr itens=150
2026-09-23 16:36:52 | INFO     | 03_NOTAS_FISCAIS\NF_FERTILIZANTE\CALCARIO\14928.pdf | chave=51230101043306000198550010000149281121262469 DV_valido=True
2026-09-23 16:36:52 | INFO     | produtos: cabecalho detectado pelo criterio '2. CODIGO+CFOP'
2026-09-23 16:36:52 | INFO     | produtos: colunas mapeadas (11): ['valor_unitario', 'codigo', 'bc_icms', 'descricao', 'ncm', 'unidade', 'origem_cst', 'cfop', 'quantidade', 'valor_total', 'valor_ipi']
2026-09-23 16:36:52 | DEBUG    | produtos: novo item -> {'codigo': '3', 'descricao': 'CALCARIODOLOMITICOPOSTO', 'bc_icms': 'ICMS', 'valor_ipi': 'ICMS'}
2026-09-23 16:36:52 | INFO     | produtos: 1 item(ns) extraido(s)
2026-09-23 16:36:52 | INFO     | produtos: item 1 codigo='3 B.C.3Origem R$0.00ICMS retido0,00 CALCULODOISSQN INSCRICAO MUNICIPAL DADOSADICIONAIS' descricao='CALCARIODOLOMITICOPOSTO' ncm='25181000' und='TN' qtde='47,5600 BASEDECALCULODOISSQN' vlr_unit='225,00' vlr_total='10.701.00'
2026-09-23 16:36:52 | INFO     | produtos: total combinado (paginas) = 1
2026-09-23 16:36:52 | WARNING  | 03_NOTAS_FISCAIS\NF_FERTILIZANTE\CALCARIO\14928.pdf | extracao PARCIAL -> campos nucleares ausentes: data_emissao, valor_da_nota, destinatario.nome, destinatario.cnpj_cpf
2026-09-23 16:36:52 | INFO     | 03_NOTAS_FISCAIS\NF_FERTILIZANTE\CALCARIO\14928.pdf | produtos=1 status=parcial
2026-09-23 16:36:52 | INFO     | pipeline | 03_NOTAS_FISCAIS\NF_FERTILIZANTE\CALCARIO\14928.pdf | chave 51230101043306000198550010000149281121262469 INSERTADA
2026-09-23 16:36:52 | INFO     | pipeline | [179/226] processando 03_NOTAS_FISCAIS\NF_FERTILIZANTE\CALCARIO\14929.pdf
2026-09-23 16:36:52 | INFO     | 03_NOTAS_FISCAIS\NF_FERTILIZANTE\CALCARIO\14929.pdf | inicio de extracao
2026-09-23 16:37:33 | INFO     | 03_NOTAS_FISCAIS\NF_FERTILIZANTE\CALCARIO\14929.pdf | origem=ocr itens=150
2026-09-23 16:37:33 | INFO     | 03_NOTAS_FISCAIS\NF_FERTILIZANTE\CALCARIO\14929.pdf | chave=11512301010433060001985500100001492915688876 DV_valido=True
2026-09-23 16:37:33 | INFO     | produtos: cabecalho detectado pelo criterio '2. CODIGO+CFOP'
2026-09-23 16:37:33 | INFO     | produtos: colunas mapeadas (10): ['codigo', 'valor_unitario', 'descricao', 'bc_icms', 'ncm', 'origem_cst', 'cfop', 'unidade', 'valor_total', 'valor_icms']
2026-09-23 16:37:33 | DEBUG    | produtos: novo item -> {'codigo': '3', 'descricao': 'CALCARIODOLOMITICOPOSTO', 'ncm': '25181000', 'bc_icms': 'ICMS', 'valor_icms': 'ICMS'}
2026-09-23 16:37:33 | INFO     | produtos: 1 item(ns) extraido(s)
2026-09-23 16:37:33 | INFO     | produtos: item 1 codigo='3 B.C.3OrigemRS0.00ICMSretido0.00 CALCULODOISSQN INSCRICAOMUNICIPAL DADOSADICIONAIS' descricao='CALCARIODOLOMITICOPOSTO' ncm='25181000' und='TN' qtde=None vlr_unit='47,3000 225,00 BASEDECALCULODOISSQN' vlr_total='10.642.50'
2026-09-23 16:37:33 | INFO     | produtos: total combinado (paginas) = 1
2026-09-23 16:37:33 | WARNING  | 03_NOTAS_FISCAIS\NF_FERTILIZANTE\CALCARIO\14929.pdf | extracao PARCIAL -> campos nucleares ausentes: data_emissao, valor_da_nota, destinatario.nome, destinatario.cnpj_cpf
2026-09-23 16:37:33 | INFO     | 03_NOTAS_FISCAIS\NF_FERTILIZANTE\CALCARIO\14929.pdf | produtos=1 status=parcial
2026-09-23 16:37:33 | INFO     | pipeline | 03_NOTAS_FISCAIS\NF_FERTILIZANTE\CALCARIO\14929.pdf | chave 11512301010433060001985500100001492915688876 INSERTADA
2026-09-23 16:37:33 | INFO     | pipeline | [180/226] processando 03_NOTAS_FISCAIS\NF_FERTILIZANTE\CALCARIO\14930.pdf
2026-09-23 16:37:33 | INFO     | 03_NOTAS_FISCAIS\NF_FERTILIZANTE\CALCARIO\14930.pdf | inicio de extracao
2026-09-23 16:37:54 | INFO     | 03_NOTAS_FISCAIS\NF_FERTILIZANTE\CALCARIO\14930.pdf | origem=ocr itens=151
2026-09-23 16:37:54 | INFO     | 03_NOTAS_FISCAIS\NF_FERTILIZANTE\CALCARIO\14930.pdf | chave=51230101043306000198550010000149301966383462 DV_valido=True
2026-09-23 16:37:54 | DEBUG    | campos: rotulo 'DADOS DO PRODUTO' nao encontrado
2026-09-23 16:37:54 | WARNING  | produtos: regiao de produtos invalida (e1=False e2=True ini_y=None fin_y=2808.2509765625)
2026-09-23 16:37:54 | WARNING  | 03_NOTAS_FISCAIS\NF_FERTILIZANTE\CALCARIO\14930.pdf | extracao PARCIAL -> campos nucleares ausentes: data_emissao, valor_da_nota, destinatario.nome, destinatario.cnpj_cpf
2026-09-23 16:37:54 | INFO     | 03_NOTAS_FISCAIS\NF_FERTILIZANTE\CALCARIO\14930.pdf | produtos=0 status=parcial
2026-09-23 16:37:54 | INFO     | pipeline | 03_NOTAS_FISCAIS\NF_FERTILIZANTE\CALCARIO\14930.pdf | chave 51230101043306000198550010000149301966383462 INSERTADA
2026-09-23 16:37:54 | INFO     | pipeline | [181/226] processando 03_NOTAS_FISCAIS\NF_FERTILIZANTE\CALCARIO\14952.pdf
2026-09-23 16:37:54 | INFO     | 03_NOTAS_FISCAIS\NF_FERTILIZANTE\CALCARIO\14952.pdf | inicio de extracao
2026-09-23 16:38:38 | INFO     | 03_NOTAS_FISCAIS\NF_FERTILIZANTE\CALCARIO\14952.pdf | origem=ocr itens=153
2026-09-23 16:38:38 | INFO     | 03_NOTAS_FISCAIS\NF_FERTILIZANTE\CALCARIO\14952.pdf | chave=51230101043306000198550010000149521846315513 DV_valido=True
2026-09-23 16:38:38 | INFO     | produtos: cabecalho detectado pelo criterio '2. CODIGO+CFOP'
2026-09-23 16:38:38 | INFO     | produtos: colunas mapeadas (12): ['codigo', 'valor_unitario', 'descricao', 'bc_icms', 'ncm', 'origem_cst', 'cfop', 'unidade', 'quantidade', 'valor_total', 'valor_icms', 'valor_ipi']
2026-09-23 16:38:38 | DEBUG    | produtos: novo item -> {'codigo': '3', 'descricao': 'CALCARIODOLOMITICOPOSTO', 'ncm': '25181000', 'bc_icms': 'ICMS', 'valor_ipi': 'ICMS IPI'}
2026-09-23 16:38:38 | INFO     | produtos: 1 item(ns) extraido(s)
2026-09-23 16:38:38 | INFO     | produtos: item 1 codigo='3 B.C.3 Origem R$0.00ICMS retido0.00 CALCULO DOISSQN INSCRICAO MUNICIPAL DADOSADICIONAIS' descricao='CALCARIODOLOMITICOPOSTO' ncm='25181000' und='TN' qtde='48,0200 BASEDECALCULODOISSQN' vlr_unit='225,00' vlr_total='10.804.50'
2026-09-23 16:38:38 | INFO     | produtos: total combinado (paginas) = 1
2026-09-23 16:38:38 | WARNING  | 03_NOTAS_FISCAIS\NF_FERTILIZANTE\CALCARIO\14952.pdf | extracao PARCIAL -> campos nucleares ausentes: data_emissao, valor_da_nota, destinatario.nome, destinatario.cnpj_cpf
2026-09-23 16:38:38 | INFO     | 03_NOTAS_FISCAIS\NF_FERTILIZANTE\CALCARIO\14952.pdf | produtos=1 status=parcial
2026-09-23 16:38:38 | INFO     | pipeline | 03_NOTAS_FISCAIS\NF_FERTILIZANTE\CALCARIO\14952.pdf | chave 51230101043306000198550010000149521846315513 INSERTADA
2026-09-23 16:38:38 | INFO     | pipeline | [182/226] processando 03_NOTAS_FISCAIS\NF_FERTILIZANTE\CALCARIO\14958.pdf
2026-09-23 16:38:38 | INFO     | 03_NOTAS_FISCAIS\NF_FERTILIZANTE\CALCARIO\14958.pdf | inicio de extracao
2026-09-23 16:39:16 | INFO     | 03_NOTAS_FISCAIS\NF_FERTILIZANTE\CALCARIO\14958.pdf | origem=ocr itens=152
2026-09-23 16:39:16 | INFO     | 03_NOTAS_FISCAIS\NF_FERTILIZANTE\CALCARIO\14958.pdf | chave=51230101043306000198550010000149581650604907 DV_valido=True
2026-09-23 16:39:16 | WARNING  | produtos: cabecalho da tabela NAO encontrado (regiao y=1730..2820 p1, itens=38)
2026-09-23 16:39:16 | INFO     | produtos: total combinado (paginas) = 0
2026-09-23 16:39:16 | WARNING  | 03_NOTAS_FISCAIS\NF_FERTILIZANTE\CALCARIO\14958.pdf | extracao PARCIAL -> campos nucleares ausentes: data_emissao, valor_da_nota, destinatario.nome, destinatario.cnpj_cpf
2026-09-23 16:39:16 | INFO     | 03_NOTAS_FISCAIS\NF_FERTILIZANTE\CALCARIO\14958.pdf | produtos=0 status=parcial
2026-09-23 16:39:16 | INFO     | pipeline | 03_NOTAS_FISCAIS\NF_FERTILIZANTE\CALCARIO\14958.pdf | chave 51230101043306000198550010000149581650604907 INSERTADA
2026-09-23 16:39:16 | INFO     | pipeline | [183/226] processando 03_NOTAS_FISCAIS\NF_FERTILIZANTE\CALCARIO\14959.pdf
2026-09-23 16:39:16 | INFO     | 03_NOTAS_FISCAIS\NF_FERTILIZANTE\CALCARIO\14959.pdf | inicio de extracao
2026-09-23 16:39:52 | INFO     | 03_NOTAS_FISCAIS\NF_FERTILIZANTE\CALCARIO\14959.pdf | origem=ocr itens=152
2026-09-23 16:39:52 | INFO     | 03_NOTAS_FISCAIS\NF_FERTILIZANTE\CALCARIO\14959.pdf | chave=15123010104330600019855001000014959104057799 DV_valido=True
2026-09-23 16:39:52 | INFO     | produtos: cabecalho detectado pelo criterio '2. CODIGO+CFOP'
2026-09-23 16:39:52 | INFO     | produtos: colunas mapeadas (10): ['valor_unitario', 'codigo', 'descricao', 'ncm', 'cfop', 'origem_cst', 'unidade', 'quantidade', 'valor_icms', 'valor_total']
2026-09-23 16:39:52 | DEBUG    | produtos: novo item -> {'codigo': '3', 'descricao': 'CALCARIODOLOMITICOPOSTO', 'ncm': '25181000', 'origem_cst': '040', 'cfop': '5102', 'unidade': 'TN', 'quantidade': '48,8600', 'valor_unitario': '225,00', 'valor_total': '10.993,59', 'valor_icms': '0.00 0.00 0,00 0.00'}
2026-09-23 16:39:52 | INFO     | produtos: 1 item(ns) extraido(s)
2026-09-23 16:39:52 | INFO     | produtos: item 1 codigo='3 B.C.3OrigemR$0.001CMS retido0.00 CALCULODOISSQN INSCRICAO MUNICIPAL DADOSADICIONAIS' descricao='CALCARIODOLOMITICOPOSTO' ncm='25181000' und='TN' qtde='48,8600 BASEDECALCULODOISSQN' vlr_unit='225,00' vlr_total='10.993,59'
2026-09-23 16:39:52 | INFO     | produtos: total combinado (paginas) = 1
2026-09-23 16:39:52 | WARNING  | 03_NOTAS_FISCAIS\NF_FERTILIZANTE\CALCARIO\14959.pdf | extracao PARCIAL -> campos nucleares ausentes: data_emissao, valor_da_nota, destinatario.nome, destinatario.cnpj_cpf
2026-09-23 16:39:52 | INFO     | 03_NOTAS_FISCAIS\NF_FERTILIZANTE\CALCARIO\14959.pdf | produtos=1 status=parcial
2026-09-23 16:39:52 | INFO     | pipeline | 03_NOTAS_FISCAIS\NF_FERTILIZANTE\CALCARIO\14959.pdf | chave 15123010104330600019855001000014959104057799 INSERTADA
2026-09-23 16:39:52 | INFO     | pipeline | [184/226] processando 03_NOTAS_FISCAIS\NF_FERTILIZANTE\CALCARIO\14961.pdf
2026-09-23 16:39:52 | INFO     | 03_NOTAS_FISCAIS\NF_FERTILIZANTE\CALCARIO\14961.pdf | inicio de extracao
2026-09-23 16:40:32 | INFO     | 03_NOTAS_FISCAIS\NF_FERTILIZANTE\CALCARIO\14961.pdf | origem=ocr itens=154
2026-09-23 16:40:32 | INFO     | 03_NOTAS_FISCAIS\NF_FERTILIZANTE\CALCARIO\14961.pdf | chave=51230101043306000198550010000149611717170747 DV_valido=True
2026-09-23 16:40:32 | WARNING  | produtos: cabecalho da tabela NAO encontrado (regiao y=1739..2827 p1, itens=38)
2026-09-23 16:40:32 | INFO     | produtos: total combinado (paginas) = 0
2026-09-23 16:40:32 | WARNING  | 03_NOTAS_FISCAIS\NF_FERTILIZANTE\CALCARIO\14961.pdf | extracao PARCIAL -> campos nucleares ausentes: data_emissao, valor_da_nota, destinatario.nome, destinatario.cnpj_cpf
2026-09-23 16:40:32 | INFO     | 03_NOTAS_FISCAIS\NF_FERTILIZANTE\CALCARIO\14961.pdf | produtos=0 status=parcial
2026-09-23 16:40:32 | INFO     | pipeline | 03_NOTAS_FISCAIS\NF_FERTILIZANTE\CALCARIO\14961.pdf | chave 51230101043306000198550010000149611717170747 INSERTADA
2026-09-23 16:40:32 | INFO     | pipeline | [185/226] processando 03_NOTAS_FISCAIS\NF_FERTILIZANTE\CALCARIO\14962.pdf
2026-09-23 16:40:32 | INFO     | 03_NOTAS_FISCAIS\NF_FERTILIZANTE\CALCARIO\14962.pdf | inicio de extracao
2026-09-23 16:41:15 | INFO     | 03_NOTAS_FISCAIS\NF_FERTILIZANTE\CALCARIO\14962.pdf | origem=ocr itens=152
2026-09-23 16:41:15 | INFO     | 03_NOTAS_FISCAIS\NF_FERTILIZANTE\CALCARIO\14962.pdf | chave=51230101043306000198550010000149621454382924 DV_valido=True
2026-09-23 16:41:15 | INFO     | produtos: cabecalho detectado pelo criterio '2. CODIGO+CFOP'
2026-09-23 16:41:15 | INFO     | produtos: colunas mapeadas (11): ['valor_unitario', 'codigo', 'bc_icms', 'descricao', 'ncm', 'origem_cst', 'cfop', 'unidade', 'quantidade', 'valor_ipi', 'valor_total']
2026-09-23 16:41:15 | DEBUG    | produtos: novo item -> {'descricao': 'CALCARIODOLOMITICOPOSTO', 'ncm': '25181000', 'origem_cst': '040', 'cfop': '5102', 'unidade': 'TN', 'quantidade': '47,5200', 'valor_unitario': '225,00', 'bc_icms': '10.692.00 0.00', 'valor_ipi': '0,00 0,00 0.00 0.00'}
2026-09-23 16:41:15 | INFO     | produtos: 1 item(ns) extraido(s)
2026-09-23 16:41:15 | INFO     | produtos: item 1 codigo='B.C.3OrigemR$0.00ICMSretido0.00 CALCULODOISSQN INSCRICAO MUNICIPAL DADOSADICIONAIS' descricao='CALCARIODOLOMITICOPOSTO' ncm='25181000' und='TN' qtde='47,5200 BASEDECALCULODOISSQN' vlr_unit='225,00' vlr_total=None
2026-09-23 16:41:15 | INFO     | produtos: total combinado (paginas) = 1
2026-09-23 16:41:15 | WARNING  | 03_NOTAS_FISCAIS\NF_FERTILIZANTE\CALCARIO\14962.pdf | extracao PARCIAL -> campos nucleares ausentes: data_emissao, valor_da_nota, destinatario.nome, destinatario.cnpj_cpf
2026-09-23 16:41:15 | INFO     | 03_NOTAS_FISCAIS\NF_FERTILIZANTE\CALCARIO\14962.pdf | produtos=1 status=parcial
2026-09-23 16:41:15 | INFO     | pipeline | 03_NOTAS_FISCAIS\NF_FERTILIZANTE\CALCARIO\14962.pdf | chave 51230101043306000198550010000149621454382924 INSERTADA
2026-09-23 16:41:15 | INFO     | pipeline | [186/226] processando 03_NOTAS_FISCAIS\NF_FERTILIZANTE\CALCARIO\14967.pdf
2026-09-23 16:41:15 | INFO     | 03_NOTAS_FISCAIS\NF_FERTILIZANTE\CALCARIO\14967.pdf | inicio de extracao
2026-09-23 16:41:50 | INFO     | 03_NOTAS_FISCAIS\NF_FERTILIZANTE\CALCARIO\14967.pdf | origem=ocr itens=149
2026-09-23 16:41:50 | INFO     | 03_NOTAS_FISCAIS\NF_FERTILIZANTE\CALCARIO\14967.pdf | chave=51230101043306000198550010000149671840121450 DV_valido=True
2026-09-23 16:41:50 | WARNING  | produtos: cabecalho da tabela NAO encontrado (regiao y=1728..2813 p1, itens=38)
2026-09-23 16:41:50 | INFO     | produtos: total combinado (paginas) = 0
2026-09-23 16:41:50 | WARNING  | 03_NOTAS_FISCAIS\NF_FERTILIZANTE\CALCARIO\14967.pdf | extracao PARCIAL -> campos nucleares ausentes: data_emissao, valor_da_nota, destinatario.nome, destinatario.cnpj_cpf
2026-09-23 16:41:50 | INFO     | 03_NOTAS_FISCAIS\NF_FERTILIZANTE\CALCARIO\14967.pdf | produtos=0 status=parcial
2026-09-23 16:41:50 | INFO     | pipeline | 03_NOTAS_FISCAIS\NF_FERTILIZANTE\CALCARIO\14967.pdf | chave 51230101043306000198550010000149671840121450 INSERTADA
2026-09-23 16:41:50 | INFO     | pipeline | [187/226] processando 03_NOTAS_FISCAIS\NF_FERTILIZANTE\CALCARIO\14974.pdf
2026-09-23 16:41:50 | INFO     | 03_NOTAS_FISCAIS\NF_FERTILIZANTE\CALCARIO\14974.pdf | inicio de extracao
2026-09-23 16:42:25 | INFO     | 03_NOTAS_FISCAIS\NF_FERTILIZANTE\CALCARIO\14974.pdf | origem=ocr itens=155
2026-09-23 16:42:25 | INFO     | 03_NOTAS_FISCAIS\NF_FERTILIZANTE\CALCARIO\14974.pdf | chave=01151230101043306000198550010000149741433280 DV_valido=True
2026-09-23 16:42:25 | WARNING  | produtos: cabecalho da tabela NAO encontrado (regiao y=1709..2750 p1, itens=38)
2026-09-23 16:42:25 | INFO     | produtos: total combinado (paginas) = 0
2026-09-23 16:42:25 | WARNING  | 03_NOTAS_FISCAIS\NF_FERTILIZANTE\CALCARIO\14974.pdf | extracao PARCIAL -> campos nucleares ausentes: data_emissao, valor_da_nota, destinatario.nome, destinatario.cnpj_cpf
2026-09-23 16:42:25 | INFO     | 03_NOTAS_FISCAIS\NF_FERTILIZANTE\CALCARIO\14974.pdf | produtos=0 status=parcial
2026-09-23 16:42:25 | INFO     | pipeline | 03_NOTAS_FISCAIS\NF_FERTILIZANTE\CALCARIO\14974.pdf | chave 01151230101043306000198550010000149741433280 INSERTADA
2026-09-23 16:42:25 | INFO     | pipeline | [188/226] processando 03_NOTAS_FISCAIS\NF_FERTILIZANTE\CALCARIO\14977.pdf
2026-09-23 16:42:25 | INFO     | 03_NOTAS_FISCAIS\NF_FERTILIZANTE\CALCARIO\14977.pdf | inicio de extracao
2026-09-23 16:43:08 | INFO     | 03_NOTAS_FISCAIS\NF_FERTILIZANTE\CALCARIO\14977.pdf | origem=ocr itens=154
2026-09-23 16:43:08 | INFO     | 03_NOTAS_FISCAIS\NF_FERTILIZANTE\CALCARIO\14977.pdf | chave=51230101043306000198550010000149771073748675 DV_valido=True
2026-09-23 16:43:08 | WARNING  | produtos: cabecalho da tabela NAO encontrado (regiao y=1719..2775 p1, itens=38)
2026-09-23 16:43:08 | INFO     | produtos: total combinado (paginas) = 0
2026-09-23 16:43:08 | WARNING  | 03_NOTAS_FISCAIS\NF_FERTILIZANTE\CALCARIO\14977.pdf | extracao PARCIAL -> campos nucleares ausentes: data_emissao, valor_da_nota, destinatario.nome, destinatario.cnpj_cpf
2026-09-23 16:43:08 | INFO     | 03_NOTAS_FISCAIS\NF_FERTILIZANTE\CALCARIO\14977.pdf | produtos=0 status=parcial
2026-09-23 16:43:08 | INFO     | pipeline | 03_NOTAS_FISCAIS\NF_FERTILIZANTE\CALCARIO\14977.pdf | chave 51230101043306000198550010000149771073748675 INSERTADA
2026-09-23 16:43:08 | INFO     | pipeline | [189/226] processando 03_NOTAS_FISCAIS\NF_FERTILIZANTE\CALCARIO\14978.pdf
2026-09-23 16:43:08 | INFO     | 03_NOTAS_FISCAIS\NF_FERTILIZANTE\CALCARIO\14978.pdf | inicio de extracao
2026-09-23 16:43:50 | INFO     | 03_NOTAS_FISCAIS\NF_FERTILIZANTE\CALCARIO\14978.pdf | origem=ocr itens=149
2026-09-23 16:43:50 | INFO     | 03_NOTAS_FISCAIS\NF_FERTILIZANTE\CALCARIO\14978.pdf | chave=51230101043306000198550010000149781401716313 DV_valido=True
2026-09-23 16:43:50 | INFO     | produtos: cabecalho detectado pelo criterio '2. CODIGO+CFOP'
2026-09-23 16:43:50 | INFO     | produtos: colunas mapeadas (10): ['codigo', 'descricao', 'valor_unitario', 'ncm', 'bc_icms', 'origem_cst', 'unidade', 'cfop', 'valor_ipi', 'valor_total']
2026-09-23 16:43:50 | INFO     | produtos: 0 item(ns) extraido(s)
2026-09-23 16:43:50 | INFO     | produtos: total combinado (paginas) = 0
2026-09-23 16:43:50 | WARNING  | 03_NOTAS_FISCAIS\NF_FERTILIZANTE\CALCARIO\14978.pdf | extracao PARCIAL -> campos nucleares ausentes: data_emissao, valor_da_nota, destinatario.nome, destinatario.cnpj_cpf
2026-09-23 16:43:50 | INFO     | 03_NOTAS_FISCAIS\NF_FERTILIZANTE\CALCARIO\14978.pdf | produtos=0 status=parcial
2026-09-23 16:43:50 | INFO     | pipeline | 03_NOTAS_FISCAIS\NF_FERTILIZANTE\CALCARIO\14978.pdf | chave 51230101043306000198550010000149781401716313 INSERTADA
2026-09-23 16:43:50 | INFO     | pipeline | [190/226] processando 03_NOTAS_FISCAIS\NF_FERTILIZANTE\CALCARIO\14979.pdf
2026-09-23 16:43:50 | INFO     | 03_NOTAS_FISCAIS\NF_FERTILIZANTE\CALCARIO\14979.pdf | inicio de extracao
2026-09-23 16:44:23 | INFO     | 03_NOTAS_FISCAIS\NF_FERTILIZANTE\CALCARIO\14979.pdf | origem=ocr itens=154
2026-09-23 16:44:23 | INFO     | 03_NOTAS_FISCAIS\NF_FERTILIZANTE\CALCARIO\14979.pdf | chave=51230101043306000198550010000149791677122814 DV_valido=True
2026-09-23 16:44:23 | WARNING  | produtos: cabecalho da tabela NAO encontrado (regiao y=1736..2825 p1, itens=38)
2026-09-23 16:44:23 | INFO     | produtos: total combinado (paginas) = 0
2026-09-23 16:44:23 | WARNING  | 03_NOTAS_FISCAIS\NF_FERTILIZANTE\CALCARIO\14979.pdf | extracao PARCIAL -> campos nucleares ausentes: data_emissao, valor_da_nota, destinatario.nome, destinatario.cnpj_cpf
2026-09-23 16:44:23 | INFO     | 03_NOTAS_FISCAIS\NF_FERTILIZANTE\CALCARIO\14979.pdf | produtos=0 status=parcial
2026-09-23 16:44:23 | INFO     | pipeline | 03_NOTAS_FISCAIS\NF_FERTILIZANTE\CALCARIO\14979.pdf | chave 51230101043306000198550010000149791677122814 INSERTADA
2026-09-23 16:44:23 | INFO     | pipeline | [191/226] processando 03_NOTAS_FISCAIS\NF_FERTILIZANTE\CALCARIO\14980.pdf
2026-09-23 16:44:23 | INFO     | 03_NOTAS_FISCAIS\NF_FERTILIZANTE\CALCARIO\14980.pdf | inicio de extracao
2026-09-23 16:44:57 | INFO     | 03_NOTAS_FISCAIS\NF_FERTILIZANTE\CALCARIO\14980.pdf | origem=ocr itens=153
2026-09-23 16:44:57 | INFO     | 03_NOTAS_FISCAIS\NF_FERTILIZANTE\CALCARIO\14980.pdf | chave=51230101043306000198550010000149801902087503 DV_valido=True
2026-09-23 16:44:57 | WARNING  | produtos: cabecalho da tabela NAO encontrado (regiao y=1751..2839 p1, itens=38)
2026-09-23 16:44:57 | INFO     | produtos: total combinado (paginas) = 0
2026-09-23 16:44:57 | WARNING  | 03_NOTAS_FISCAIS\NF_FERTILIZANTE\CALCARIO\14980.pdf | extracao PARCIAL -> campos nucleares ausentes: data_emissao, valor_da_nota, destinatario.nome, destinatario.cnpj_cpf
2026-09-23 16:44:57 | INFO     | 03_NOTAS_FISCAIS\NF_FERTILIZANTE\CALCARIO\14980.pdf | produtos=0 status=parcial
2026-09-23 16:44:57 | INFO     | pipeline | 03_NOTAS_FISCAIS\NF_FERTILIZANTE\CALCARIO\14980.pdf | chave 51230101043306000198550010000149801902087503 INSERTADA
2026-09-23 16:44:57 | INFO     | pipeline | [192/226] processando 03_NOTAS_FISCAIS\NF_FERTILIZANTE\CALCARIO\14984.pdf
2026-09-23 16:44:57 | INFO     | 03_NOTAS_FISCAIS\NF_FERTILIZANTE\CALCARIO\14984.pdf | inicio de extracao
2026-09-23 16:45:31 | INFO     | 03_NOTAS_FISCAIS\NF_FERTILIZANTE\CALCARIO\14984.pdf | origem=ocr itens=152
2026-09-23 16:45:31 | INFO     | 03_NOTAS_FISCAIS\NF_FERTILIZANTE\CALCARIO\14984.pdf | chave=60051230101043306000198550010000149841587109 DV_valido=True
2026-09-23 16:45:31 | INFO     | produtos: cabecalho detectado pelo criterio '2. CODIGO+CFOP'
2026-09-23 16:45:31 | INFO     | produtos: colunas mapeadas (12): ['codigo', 'valor_unitario', 'bc_icms', 'descricao', 'ncm', 'origem_cst', 'cfop', 'unidade', 'quantidade', 'valor_icms', 'valor_ipi', 'valor_total']
2026-09-23 16:45:31 | DEBUG    | produtos: novo item -> {'codigo': '3', 'descricao': 'CALCARIODOLOMITICOPOSTO', 'bc_icms': 'ICMS', 'valor_ipi': 'ICMS IP1'}
2026-09-23 16:45:31 | INFO     | produtos: 1 item(ns) extraido(s)
2026-09-23 16:45:31 | INFO     | produtos: item 1 codigo='3 B.C.3OrigemR$0,00ICMS retido0,00 CALCULODOISSQN INSCRICAOMUNICIPAL DADOSADICIONAIS' descricao='CALCARIODOLOMITICOPOSTO' ncm='25181000' und='TN' qtde='46,9400 BASEDECALCULODOISSQN' vlr_unit='225,00' vlr_total=None
2026-09-23 16:45:31 | INFO     | produtos: total combinado (paginas) = 1
2026-09-23 16:45:31 | WARNING  | 03_NOTAS_FISCAIS\NF_FERTILIZANTE\CALCARIO\14984.pdf | extracao PARCIAL -> campos nucleares ausentes: data_emissao, valor_da_nota, destinatario.nome, destinatario.cnpj_cpf
2026-09-23 16:45:31 | INFO     | 03_NOTAS_FISCAIS\NF_FERTILIZANTE\CALCARIO\14984.pdf | produtos=1 status=parcial
2026-09-23 16:45:31 | INFO     | pipeline | 03_NOTAS_FISCAIS\NF_FERTILIZANTE\CALCARIO\14984.pdf | chave 60051230101043306000198550010000149841587109 INSERTADA
2026-09-23 16:45:31 | INFO     | pipeline | [193/226] processando 03_NOTAS_FISCAIS\NF_FERTILIZANTE\CALCARIO\14985.pdf
2026-09-23 16:45:31 | INFO     | 03_NOTAS_FISCAIS\NF_FERTILIZANTE\CALCARIO\14985.pdf | inicio de extracao
2026-09-23 16:46:07 | INFO     | 03_NOTAS_FISCAIS\NF_FERTILIZANTE\CALCARIO\14985.pdf | origem=ocr itens=152
2026-09-23 16:46:07 | INFO     | 03_NOTAS_FISCAIS\NF_FERTILIZANTE\CALCARIO\14985.pdf | chave=51230101043306000198550010000149851253821119 DV_valido=True
2026-09-23 16:46:07 | INFO     | produtos: cabecalho detectado pelo criterio '2. CODIGO+CFOP'
2026-09-23 16:46:07 | INFO     | produtos: colunas mapeadas (12): ['codigo', 'valor_unitario', 'descricao', 'bc_icms', 'ncm', 'origem_cst', 'unidade', 'cfop', 'quantidade', 'valor_total', 'valor_icms', 'valor_ipi']
2026-09-23 16:46:07 | DEBUG    | produtos: novo item -> {'codigo': '3', 'descricao': 'CALCARIODOLOMITICOPOSTO', 'ncm': '25181000', 'bc_icms': 'ICMS', 'valor_ipi': 'ICMS IPI'}
2026-09-23 16:46:07 | INFO     | produtos: 1 item(ns) extraido(s)
2026-09-23 16:46:07 | INFO     | produtos: item 1 codigo='3 B.C.3OrigemR50.00ICMSretido0.00 CALCULODOISSQN INSCRICAO MUNICIPAL DADOSADICIONAIS' descricao='CALCARIODOLOMITICOPOSTO' ncm='25181000' und='TN' qtde='47.7400 BASEDECALCULODOISSQN' vlr_unit='220,00' vlr_total='10.502.80'
2026-09-23 16:46:07 | INFO     | produtos: total combinado (paginas) = 1
2026-09-23 16:46:07 | WARNING  | 03_NOTAS_FISCAIS\NF_FERTILIZANTE\CALCARIO\14985.pdf | extracao PARCIAL -> campos nucleares ausentes: data_emissao, valor_da_nota, destinatario.nome, destinatario.cnpj_cpf
2026-09-23 16:46:07 | INFO     | 03_NOTAS_FISCAIS\NF_FERTILIZANTE\CALCARIO\14985.pdf | produtos=1 status=parcial
2026-09-23 16:46:07 | INFO     | pipeline | 03_NOTAS_FISCAIS\NF_FERTILIZANTE\CALCARIO\14985.pdf | chave 51230101043306000198550010000149851253821119 INSERTADA
2026-09-23 16:46:07 | INFO     | pipeline | [194/226] processando 03_NOTAS_FISCAIS\NF_FERTILIZANTE\CALCARIO\14986.pdf
2026-09-23 16:46:07 | INFO     | 03_NOTAS_FISCAIS\NF_FERTILIZANTE\CALCARIO\14986.pdf | inicio de extracao
2026-09-23 16:46:39 | INFO     | 03_NOTAS_FISCAIS\NF_FERTILIZANTE\CALCARIO\14986.pdf | origem=ocr itens=150
2026-09-23 16:46:39 | INFO     | 03_NOTAS_FISCAIS\NF_FERTILIZANTE\CALCARIO\14986.pdf | chave=51230101043306000198550010000149861930109579 DV_valido=True
2026-09-23 16:46:39 | WARNING  | produtos: cabecalho da tabela NAO encontrado (regiao y=1722..2811 p1, itens=38)
2026-09-23 16:46:39 | INFO     | produtos: total combinado (paginas) = 0
2026-09-23 16:46:39 | WARNING  | 03_NOTAS_FISCAIS\NF_FERTILIZANTE\CALCARIO\14986.pdf | extracao PARCIAL -> campos nucleares ausentes: data_emissao, valor_da_nota, destinatario.nome, destinatario.cnpj_cpf
2026-09-23 16:46:39 | INFO     | 03_NOTAS_FISCAIS\NF_FERTILIZANTE\CALCARIO\14986.pdf | produtos=0 status=parcial
2026-09-23 16:46:39 | INFO     | pipeline | 03_NOTAS_FISCAIS\NF_FERTILIZANTE\CALCARIO\14986.pdf | chave 51230101043306000198550010000149861930109579 INSERTADA
2026-09-23 16:46:39 | INFO     | pipeline | [195/226] processando 03_NOTAS_FISCAIS\NF_FERTILIZANTE\CALCARIO\14987.pdf
2026-09-23 16:46:39 | INFO     | 03_NOTAS_FISCAIS\NF_FERTILIZANTE\CALCARIO\14987.pdf | inicio de extracao
2026-09-23 16:46:52 | INFO     | 03_NOTAS_FISCAIS\NF_FERTILIZANTE\CALCARIO\14987.pdf | origem=ocr itens=146
2026-09-23 16:46:52 | INFO     | 03_NOTAS_FISCAIS\NF_FERTILIZANTE\CALCARIO\14987.pdf | chave=51230101043306000198550010000149871445523420 DV_valido=True
2026-09-23 16:46:52 | WARNING  | produtos: cabecalho da tabela NAO encontrado (regiao y=1726..2814 p1, itens=37)
2026-09-23 16:46:52 | INFO     | produtos: total combinado (paginas) = 0
2026-09-23 16:46:52 | WARNING  | 03_NOTAS_FISCAIS\NF_FERTILIZANTE\CALCARIO\14987.pdf | extracao PARCIAL -> campos nucleares ausentes: data_emissao, valor_da_nota, destinatario.nome, destinatario.cnpj_cpf
2026-09-23 16:46:52 | INFO     | 03_NOTAS_FISCAIS\NF_FERTILIZANTE\CALCARIO\14987.pdf | produtos=0 status=parcial
2026-09-23 16:46:52 | INFO     | pipeline | 03_NOTAS_FISCAIS\NF_FERTILIZANTE\CALCARIO\14987.pdf | chave 51230101043306000198550010000149871445523420 INSERTADA
2026-09-23 16:46:52 | INFO     | pipeline | [196/226] processando 03_NOTAS_FISCAIS\NF_FERTILIZANTE\CALCARIO\14990.pdf
2026-09-23 16:46:52 | INFO     | 03_NOTAS_FISCAIS\NF_FERTILIZANTE\CALCARIO\14990.pdf | inicio de extracao
2026-09-23 16:47:25 | INFO     | 03_NOTAS_FISCAIS\NF_FERTILIZANTE\CALCARIO\14990.pdf | origem=ocr itens=153
2026-09-23 16:47:25 | INFO     | 03_NOTAS_FISCAIS\NF_FERTILIZANTE\CALCARIO\14990.pdf | chave=51230101043306000198550010000149901039194117 DV_valido=True
2026-09-23 16:47:25 | INFO     | produtos: cabecalho detectado pelo criterio '2. CODIGO+CFOP'
2026-09-23 16:47:25 | INFO     | produtos: colunas mapeadas (12): ['codigo', 'descricao', 'valor_unitario', 'ncm', 'origem_cst', 'cfop', 'bc_icms', 'unidade', 'quantidade', 'valor_total', 'valor_icms', 'valor_ipi']
2026-09-23 16:47:25 | DEBUG    | produtos: novo item -> {'codigo': '3', 'descricao': 'CALCARIODOLOMITICOPOSTO', 'bc_icms': 'ICMS', 'valor_ipi': 'ICMS ALIQ ALIQ IPI'}
2026-09-23 16:47:25 | INFO     | produtos: 1 item(ns) extraido(s)
2026-09-23 16:47:25 | INFO     | produtos: item 1 codigo='3 B.C.3OrigemR$0.00ICMSretido0,00 CALCULODOISSQN INSCRICAO MUNICIPAL DADOSADICIONAIS' descricao='CALCARIODOLOMITICOPOSTO' ncm='25181000' und='TN' qtde='46,7400 BASEDECALCULODOISSON' vlr_unit='225,00' vlr_total='10.516,50'
2026-09-23 16:47:25 | INFO     | produtos: total combinado (paginas) = 1
2026-09-23 16:47:25 | WARNING  | 03_NOTAS_FISCAIS\NF_FERTILIZANTE\CALCARIO\14990.pdf | extracao PARCIAL -> campos nucleares ausentes: data_emissao, valor_da_nota, destinatario.nome, destinatario.cnpj_cpf
2026-09-23 16:47:25 | INFO     | 03_NOTAS_FISCAIS\NF_FERTILIZANTE\CALCARIO\14990.pdf | produtos=1 status=parcial
2026-09-23 16:47:25 | INFO     | pipeline | 03_NOTAS_FISCAIS\NF_FERTILIZANTE\CALCARIO\14990.pdf | chave 51230101043306000198550010000149901039194117 INSERTADA
2026-09-23 16:47:25 | INFO     | pipeline | [197/226] processando 03_NOTAS_FISCAIS\NF_FERTILIZANTE\CALCARIO\14992.pdf
2026-09-23 16:47:25 | INFO     | 03_NOTAS_FISCAIS\NF_FERTILIZANTE\CALCARIO\14992.pdf | inicio de extracao
2026-09-23 16:47:59 | INFO     | 03_NOTAS_FISCAIS\NF_FERTILIZANTE\CALCARIO\14992.pdf | origem=ocr itens=150
2026-09-23 16:47:59 | INFO     | 03_NOTAS_FISCAIS\NF_FERTILIZANTE\CALCARIO\14992.pdf | chave=01512301010433060001985500100001499216317632 DV_valido=True
2026-09-23 16:47:59 | WARNING  | produtos: cabecalho da tabela NAO encontrado (regiao y=1747..2841 p1, itens=37)
2026-09-23 16:47:59 | INFO     | produtos: total combinado (paginas) = 0
2026-09-23 16:47:59 | WARNING  | 03_NOTAS_FISCAIS\NF_FERTILIZANTE\CALCARIO\14992.pdf | extracao PARCIAL -> campos nucleares ausentes: data_emissao, valor_da_nota, destinatario.nome, destinatario.cnpj_cpf
2026-09-23 16:47:59 | INFO     | 03_NOTAS_FISCAIS\NF_FERTILIZANTE\CALCARIO\14992.pdf | produtos=0 status=parcial
2026-09-23 16:47:59 | INFO     | pipeline | 03_NOTAS_FISCAIS\NF_FERTILIZANTE\CALCARIO\14992.pdf | chave 01512301010433060001985500100001499216317632 INSERTADA
2026-09-23 16:47:59 | INFO     | pipeline | [198/226] processando 03_NOTAS_FISCAIS\NF_FERTILIZANTE\CALCARIO\14993.pdf
2026-09-23 16:47:59 | INFO     | 03_NOTAS_FISCAIS\NF_FERTILIZANTE\CALCARIO\14993.pdf | inicio de extracao
2026-09-23 16:48:36 | INFO     | 03_NOTAS_FISCAIS\NF_FERTILIZANTE\CALCARIO\14993.pdf | origem=ocr itens=154
2026-09-23 16:48:36 | INFO     | 03_NOTAS_FISCAIS\NF_FERTILIZANTE\CALCARIO\14993.pdf | chave=11512301010433060001985500100001499317862080 DV_valido=True
2026-09-23 16:48:36 | WARNING  | produtos: cabecalho da tabela NAO encontrado (regiao y=1730..2822 p1, itens=38)
2026-09-23 16:48:36 | INFO     | produtos: total combinado (paginas) = 0
2026-09-23 16:48:36 | WARNING  | 03_NOTAS_FISCAIS\NF_FERTILIZANTE\CALCARIO\14993.pdf | extracao PARCIAL -> campos nucleares ausentes: data_emissao, valor_da_nota, destinatario.nome, destinatario.cnpj_cpf
2026-09-23 16:48:36 | INFO     | 03_NOTAS_FISCAIS\NF_FERTILIZANTE\CALCARIO\14993.pdf | produtos=0 status=parcial
2026-09-23 16:48:36 | INFO     | pipeline | 03_NOTAS_FISCAIS\NF_FERTILIZANTE\CALCARIO\14993.pdf | chave 11512301010433060001985500100001499317862080 INSERTADA
2026-09-23 16:48:36 | INFO     | pipeline | [199/226] processando 03_NOTAS_FISCAIS\NF_FERTILIZANTE\CALCARIO\14994.pdf
2026-09-23 16:48:36 | INFO     | 03_NOTAS_FISCAIS\NF_FERTILIZANTE\CALCARIO\14994.pdf | inicio de extracao
2026-09-23 16:49:11 | INFO     | 03_NOTAS_FISCAIS\NF_FERTILIZANTE\CALCARIO\14994.pdf | origem=ocr itens=151
2026-09-23 16:49:11 | INFO     | 03_NOTAS_FISCAIS\NF_FERTILIZANTE\CALCARIO\14994.pdf | chave=51230101043306000198550010000149941645256005 DV_valido=True
2026-09-23 16:49:11 | WARNING  | produtos: cabecalho da tabela NAO encontrado (regiao y=1738..2828 p1, itens=38)
2026-09-23 16:49:11 | INFO     | produtos: total combinado (paginas) = 0
2026-09-23 16:49:11 | WARNING  | 03_NOTAS_FISCAIS\NF_FERTILIZANTE\CALCARIO\14994.pdf | extracao PARCIAL -> campos nucleares ausentes: data_emissao, valor_da_nota, destinatario.nome, destinatario.cnpj_cpf
2026-09-23 16:49:11 | INFO     | 03_NOTAS_FISCAIS\NF_FERTILIZANTE\CALCARIO\14994.pdf | produtos=0 status=parcial
2026-09-23 16:49:11 | INFO     | pipeline | 03_NOTAS_FISCAIS\NF_FERTILIZANTE\CALCARIO\14994.pdf | chave 51230101043306000198550010000149941645256005 INSERTADA
2026-09-23 16:49:11 | INFO     | pipeline | [200/226] processando 03_NOTAS_FISCAIS\NF_FERTILIZANTE\CALCARIO\15001.pdf
2026-09-23 16:49:11 | INFO     | 03_NOTAS_FISCAIS\NF_FERTILIZANTE\CALCARIO\15001.pdf | inicio de extracao
2026-09-23 16:49:51 | INFO     | 03_NOTAS_FISCAIS\NF_FERTILIZANTE\CALCARIO\15001.pdf | origem=ocr itens=150
2026-09-23 16:49:51 | INFO     | 03_NOTAS_FISCAIS\NF_FERTILIZANTE\CALCARIO\15001.pdf | chave=66341186005123010104330600019855001000015001 DV_valido=True
2026-09-23 16:49:51 | INFO     | produtos: cabecalho detectado pelo criterio '2. CODIGO+CFOP'
2026-09-23 16:49:51 | INFO     | produtos: colunas mapeadas (11): ['bc_icms', 'valor_unitario', 'valor_ipi', 'quantidade', 'unidade', 'descricao', 'origem_cst', 'ncm', 'cfop', 'codigo', 'valor_total']
2026-09-23 16:49:51 | DEBUG    | produtos: novo item -> {'codigo': '3', 'descricao': 'CALCARIODOLOMITICOPOSTO', 'ncm': '25181000', 'origem_cst': '040', 'cfop': '5102', 'unidade': 'TN', 'quantidade': '48,0800', 'valor_unitario': '225,00', 'bc_icms': '10.818.00 0.00', 'valor_ipi': '0.00 0.00 0.00 0.0'}
2026-09-23 16:49:51 | INFO     | produtos: 1 item(ns) extraido(s)
2026-09-23 16:49:51 | INFO     | produtos: item 1 codigo='3 B.C.3OrigemR$0,00ICMSretido0.00 CALCULODOISSQN INSCRICAO MUNICIPAL DADOSADICIONAIS' descricao='CALCARIODOLOMITICOPOSTO' ncm='25181000' und='TN' qtde='48,0800 BASEDECALCULODOISSQN' vlr_unit='225,00' vlr_total=None
2026-09-23 16:49:51 | INFO     | produtos: total combinado (paginas) = 1
2026-09-23 16:49:51 | WARNING  | 03_NOTAS_FISCAIS\NF_FERTILIZANTE\CALCARIO\15001.pdf | extracao PARCIAL -> campos nucleares ausentes: data_emissao, valor_da_nota, destinatario.nome, destinatario.cnpj_cpf
2026-09-23 16:49:51 | INFO     | 03_NOTAS_FISCAIS\NF_FERTILIZANTE\CALCARIO\15001.pdf | produtos=1 status=parcial
2026-09-23 16:49:51 | INFO     | pipeline | 03_NOTAS_FISCAIS\NF_FERTILIZANTE\CALCARIO\15001.pdf | chave 66341186005123010104330600019855001000015001 INSERTADA
2026-09-23 16:49:51 | INFO     | pipeline | [201/226] processando 03_NOTAS_FISCAIS\NF_FERTILIZANTE\KCL\2197.pdf
2026-09-23 16:49:51 | INFO     | 03_NOTAS_FISCAIS\NF_FERTILIZANTE\KCL\2197.pdf | inicio de extracao
2026-09-23 16:50:39 | INFO     | 03_NOTAS_FISCAIS\NF_FERTILIZANTE\KCL\2197.pdf | origem=ocr itens=154
2026-09-23 16:50:39 | INFO     | 03_NOTAS_FISCAIS\NF_FERTILIZANTE\KCL\2197.pdf | chave=51220802003402007935550180000021971007572973 DV_valido=True
2026-09-23 16:50:39 | WARNING  | produtos: cabecalho da tabela NAO encontrado (regiao y=1415..2480 p1, itens=18)
2026-09-23 16:50:39 | INFO     | produtos: total combinado (paginas) = 0
2026-09-23 16:50:39 | WARNING  | 03_NOTAS_FISCAIS\NF_FERTILIZANTE\KCL\2197.pdf | extracao PARCIAL -> campos nucleares ausentes: valor_da_nota, destinatario.nome, destinatario.cnpj_cpf
2026-09-23 16:50:39 | INFO     | 03_NOTAS_FISCAIS\NF_FERTILIZANTE\KCL\2197.pdf | produtos=0 status=parcial
2026-09-23 16:50:39 | INFO     | pipeline | 03_NOTAS_FISCAIS\NF_FERTILIZANTE\KCL\2197.pdf | chave 51220802003402007935550180000021971007572973 INSERTADA
2026-09-23 16:50:39 | INFO     | pipeline | [202/226] processando 03_NOTAS_FISCAIS\NF_FERTILIZANTE\KCL\2198.pdf
2026-09-23 16:50:39 | INFO     | 03_NOTAS_FISCAIS\NF_FERTILIZANTE\KCL\2198.pdf | inicio de extracao
2026-09-23 16:51:26 | INFO     | 03_NOTAS_FISCAIS\NF_FERTILIZANTE\KCL\2198.pdf | origem=ocr itens=156
2026-09-23 16:51:26 | INFO     | 03_NOTAS_FISCAIS\NF_FERTILIZANTE\KCL\2198.pdf | chave=51220802003402007935550180000021981007573071 DV_valido=True
2026-09-23 16:51:26 | WARNING  | produtos: cabecalho da tabela NAO encontrado (regiao y=1406..2466 p1, itens=19)
2026-09-23 16:51:26 | INFO     | produtos: total combinado (paginas) = 0
2026-09-23 16:51:26 | WARNING  | 03_NOTAS_FISCAIS\NF_FERTILIZANTE\KCL\2198.pdf | extracao PARCIAL -> campos nucleares ausentes: valor_da_nota, destinatario.nome, destinatario.cnpj_cpf
2026-09-23 16:51:26 | INFO     | 03_NOTAS_FISCAIS\NF_FERTILIZANTE\KCL\2198.pdf | produtos=0 status=parcial
2026-09-23 16:51:26 | INFO     | pipeline | 03_NOTAS_FISCAIS\NF_FERTILIZANTE\KCL\2198.pdf | chave 51220802003402007935550180000021981007573071 INSERTADA
2026-09-23 16:51:26 | INFO     | pipeline | [203/226] processando 03_NOTAS_FISCAIS\NF_FERTILIZANTE\KCL\2199.pdf
2026-09-23 16:51:26 | INFO     | 03_NOTAS_FISCAIS\NF_FERTILIZANTE\KCL\2199.pdf | inicio de extracao
2026-09-23 16:52:12 | INFO     | 03_NOTAS_FISCAIS\NF_FERTILIZANTE\KCL\2199.pdf | origem=ocr itens=153
2026-09-23 16:52:12 | INFO     | 03_NOTAS_FISCAIS\NF_FERTILIZANTE\KCL\2199.pdf | chave=01512208020034020079355501800000219910075736 DV_valido=True
2026-09-23 16:52:12 | INFO     | produtos: cabecalho detectado pelo criterio '4. CODIGO somente (fallback final)'
2026-09-23 16:52:12 | INFO     | produtos: colunas mapeadas (0): []
2026-09-23 16:52:12 | INFO     | produtos: 0 item(ns) extraido(s)
2026-09-23 16:52:12 | INFO     | produtos: total combinado (paginas) = 0
